,price,suburb,beds,baths,parking,latitudes,longitudes,school,train_station,fitness_gym,hospital,shopping_center,park,erp_2016,natural_increase_2016_17,net_internal_migration_2016_17,net_overseas_migration_2016_17,2016income
0,720,ST KILDA EAST,3,2,1,-37.8692,144.9977,8801.2,740.6,1818.7,176.2,1684.7,1184.2,17613,195.0,-267.0,375.0,11686
1,850,ST KILDA EAST,3,1,0,-37.8692,144.9977,8801.2,740.6,1818.7,176.2,1684.7,1184.2,17613,195.0,-267.0,375.0,11686
2,780,ST KILDA EAST,3,1,0,-37.8692,144.9977,8801.2,740.6,1818.7,176.2,1684.7,1184.2,17613,195.0,-267.0,375.0,11686
3,1650,ST KILDA EAST,5,2,4,-37.8692,144.9977,8801.2,740.6,1818.7,176.2,1684.7,1184.2,17613,195.0,-267.0,375.0,11686
4,720,ST KILDA EAST,3,2,1,-37.8692,144.9977,8801.2,740.6,1818.7,176.2,1684.7,1184.2,17613,195.0,-267.0,375.0,11686
5,750,ST KILDA EAST,3,1,0,-37.8692,144.9977,8801.2,740.6,1818.7,176.2,1684.7,1184.2,17613,195.0,-267.0,375.0,11686
6,400,WODONGA,3,1,0,-36.0997,146.802,5506.1,292446.1,50058.4,10042.8,8547.6,7352.7,24919,223.0,301.0,136.0,14065
7,450,WODONGA,3,2,2,-36.0997,146.802,5506.1,292446.1,50058.4,10042.8,8547.6,7352.7,24919,223.0,301.0,136.0,14065
8,480,WODONGA,4,2,2,-36.0997,146.802,5506.1,292446.1,50058.4,10042.8,8547.6,7352.7,24919,223.0,301.0,136.0,14065
9,350,WODONGA,2,1,1,-36.0997,146.802,5506.1,292446.1,50058.4,10042.8,8547.6,7352.7,24919,223.0,301.0,136.0,14065
10,585,WODONGA,3,2,2,-36.0997,146.802,5506.1,292446.1,50058.4,10042.8,8547.6,7352.7,24919,223.0,301.0,136.0,14065
11,420,WODONGA,3,1,2,-36.0997,146.802,5506.1,292446.1,50058.4,10042.8,8547.6,7352.7,24919,223.0,301.0,136.0,14065
12,350,WODONGA,3,2,4,-36.0997,146.802,5506.1,292446.1,50058.4,10042.8,8547.6,7352.7,24919,223.0,301.0,136.0,14065
13,390,WODONGA,3,1,0,-36.0997,146.802,5506.1,292446.1,50058.4,10042.8,8547.6,7352.7,24919,223.0,301.0,136.0,14065
14,450,WODONGA,3,2,2,-36.0997,146.802,5506.1,292446.1,50058.4,10042.8,8547.6,7352.7,24919,223.0,301.0,136.0,14065
15,580,WODONGA,3,2,2,-36.0997,146.802,5506.1,292446.1,50058.4,10042.8,8547.6,7352.7,24919,223.0,301.0,136.0,14065
16,375,WODONGA,3,1,2,-36.0997,146.802,5506.1,292446.1,50058.4,10042.8,8547.6,7352.7,24919,223.0,301.0,136.0,14065
17,540,WODONGA,4,2,2,-36.0997,146.802,5506.1,292446.1,50058.4,10042.8,8547.6,7352.7,24919,223.0,301.0,136.0,14065
18,405,WODONGA,3,1,2,-36.0997,146.802,5506.1,292446.1,50058.4,10042.8,8547.6,7352.7,24919,223.0,301.0,136.0,14065
19,500,WODONGA,3,1,4,-36.0997,146.802,5506.1,292446.1,50058.4,10042.8,8547.6,7352.7,24919,223.0,301.0,136.0,14065
20,440,WODONGA,3,1,2,-36.0997,146.802,5506.1,292446.1,50058.4,10042.8,8547.6,7352.7,24919,223.0,301.0,136.0,14065
21,430,WODONGA,3,1,3,-36.0997,146.802,5506.1,292446.1,50058.4,10042.8,8547.6,7352.7,24919,223.0,301.0,136.0,14065
22,400,WODONGA,3,2,2,-36.0997,146.802,5506.1,292446.1,50058.4,10042.8,8547.6,7352.7,24919,223.0,301.0,136.0,14065
23,380,WODONGA,3,1,1,-36.0997,146.802,5506.1,292446.1,50058.4,10042.8,8547.6,7352.7,24919,223.0,301.0,136.0,14065
24,430,WODONGA,3,1,2,-36.0997,146.802,5506.1,292446.1,50058.4,10042.8,8547.6,7352.7,24919,223.0,301.0,136.0,14065
25,1300,FLINDERS,5,2,2,-38.4739,145.019,48954.4,22942.8,21451.9,23593.0,16411.5,537.6,5642,-20.0,-13.0,36.0,3720
26,4000,FLINDERS,6,4,2,-38.4739,145.019,48954.4,22942.8,21451.9,23593.0,16411.5,537.6,5642,-20.0,-13.0,36.0,3720
27,1150,CAMBERWELL,6,3,2,-37.8248,145.0705,6467.5,991.7,3746.5,1508.7,2062.9,440.3,22646,-60.0,34.0,282.0,14144
28,750,CAMBERWELL,3,1,1,-37.8248,145.0705,6467.5,991.7,3746.5,1508.7,2062.9,440.3,22646,-60.0,34.0,282.0,14144
29,800,CAMBERWELL,3,2,2,-37.8248,145.0705,6467.5,991.7,3746.5,1508.7,2062.9,440.3,22646,-60.0,34.0,282.0,14144
30,1900,CAMBERWELL,6,4,5,-37.8248,145.0705,6467.5,991.7,3746.5,1508.7,2062.9,440.3,22646,-60.0,34.0,282.0,14144
31,650,CAMBERWELL,2,1,3,-37.8248,145.0705,6467.5,991.7,3746.5,1508.7,2062.9,440.3,22646,-60.0,34.0,282.0,14144
32,995,CAMBERWELL,5,2,2,-37.8248,145.0705,6467.5,991.7,3746.5,1508.7,2062.9,440.3,22646,-60.0,34.0,282.0,14144
33,750,MOONEE PONDS,3,2,2,-37.7667,144.9167,3724.0,323.9,590.2,966.0,641.4,1347.0,15158,100.0,-89.0,272.0,9269
34,650,MOONEE PONDS,3,1,1,-37.7667,144.9167,3724.0,323.9,590.2,966.0,641.4,1347.0,15158,100.0,-89.0,272.0,9269
35,530,MOONEE PONDS,2,1,0,-37.7667,144.9167,3724.0,323.9,590.2,966.0,641.4,1347.0,15158,100.0,-89.0,272.0,9269
36,420,MOONEE PONDS,2,1,0,-37.7667,144.9167,3724.0,323.9,590.2,966.0,641.4,1347.0,15158,100.0,-89.0,272.0,9269
37,570,MOONEE PONDS,2,2,0,-37.7667,144.9167,3724.0,323.9,590.2,966.0,641.4,1347.0,15158,100.0,-89.0,272.0,9269
38,595,MOONEE PONDS,3,1,1,-37.7667,144.9167,3724.0,323.9,590.2,966.0,641.4,1347.0,15158,100.0,-89.0,272.0,9269
39,585,DROMANA,4,2,2,-38.3632,144.9598,36375.6,24468.2,6174.8,12933.2,5920.4,5745.8,11454,2.0,425.0,58.0,6803
40,1200,FITZROY NORTH,3,2,1,-37.7865,144.9897,5109.7,726.8,2778.5,2719.6,3817.0,814.9,13129,88.0,-58.0,195.0,8483
41,680,FITZROY NORTH,2,1,0,-37.7865,144.9897,5109.7,726.8,2778.5,2719.6,3817.0,814.9,13129,88.0,-58.0,195.0,8483
42,750,FITZROY NORTH,2,1,0,-37.7865,144.9897,5109.7,726.8,2778.5,2719.6,3817.0,814.9,13129,88.0,-58.0,195.0,8483
43,1300,FITZROY NORTH,4,3,2,-37.7865,144.9897,5109.7,726.8,2778.5,2719.6,3817.0,814.9,13129,88.0,-58.0,195.0,8483
44,500,FITZROY NORTH,2,1,0,-37.7865,144.9897,5109.7,726.8,2778.5,2719.6,3817.0,814.9,13129,88.0,-58.0,195.0,8483
45,790,FITZROY NORTH,3,1,0,-37.7865,144.9897,5109.7,726.8,2778.5,2719.6,3817.0,814.9,13129,88.0,-58.0,195.0,8483
46,1000,FITZROY NORTH,3,1,1,-37.7865,144.9897,5109.7,726.8,2778.5,2719.6,3817.0,814.9,13129,88.0,-58.0,195.0,8483
47,650,ARMADALE,2,1,0,-37.85,145.0333,7823.1,1583.5,2541.3,542.0,2048.8,1571.9,9619,50.0,-3.0,117.0,6486
48,1100,ARMADALE,3,2,0,-37.85,145.0333,7823.1,1583.5,2541.3,542.0,2048.8,1571.9,9619,50.0,-3.0,117.0,6486
49,500,ARMADALE,2,1,0,-37.85,145.0333,7823.1,1583.5,2541.3,542.0,2048.8,1571.9,9619,50.0,-3.0,117.0,6486
50,1150,ARMADALE,3,1,1,-37.85,145.0333,7823.1,1583.5,2541.3,542.0,2048.8,1571.9,9619,50.0,-3.0,117.0,6486
51,2200,ARMADALE,3,2,2,-37.85,145.0333,7823.1,1583.5,2541.3,542.0,2048.8,1571.9,9619,50.0,-3.0,117.0,6486
52,560,NORTHCOTE,2,1,1,-37.7667,145.0,4842.0,613.4,3399.6,2702.1,716.1,2130.6,26424,144.0,91.0,330.0,16022
53,330,NORTHCOTE,1,1,1,-37.7667,145.0,4842.0,613.4,3399.6,2702.1,716.1,2130.6,26424,144.0,91.0,330.0,16022
54,570,NORTHCOTE,2,1,0,-37.7667,145.0,4842.0,613.4,3399.6,2702.1,716.1,2130.6,26424,144.0,91.0,330.0,16022
55,720,NORTHCOTE,3,1,1,-37.7667,145.0,4842.0,613.4,3399.6,2702.1,716.1,2130.6,26424,144.0,91.0,330.0,16022
56,600,NORTHCOTE,2,1,2,-37.7667,145.0,4842.0,613.4,3399.6,2702.1,716.1,2130.6,26424,144.0,91.0,330.0,16022
57,680,NORTHCOTE,3,2,2,-37.7667,145.0,4842.0,613.4,3399.6,2702.1,716.1,2130.6,26424,144.0,91.0,330.0,16022
58,1050,NORTHCOTE,4,1,0,-37.7667,145.0,4842.0,613.4,3399.6,2702.1,716.1,2130.6,26424,144.0,91.0,330.0,16022
59,595,NORTHCOTE,2,1,1,-37.7667,145.0,4842.0,613.4,3399.6,2702.1,716.1,2130.6,26424,144.0,91.0,330.0,16022
60,850,NORTHCOTE,3,1,1,-37.7667,145.0,4842.0,613.4,3399.6,2702.1,716.1,2130.6,26424,144.0,91.0,330.0,16022
61,660,BRUNSWICK,3,1,0,-37.7667,144.9667,1510.0,838.6,895.8,2281.8,1614.7,997.7,27435,181.0,-73.0,677.0,17741
62,620,BRUNSWICK,2,1,0,-37.7667,144.9667,1510.0,838.6,895.8,2281.8,1614.7,997.7,27435,181.0,-73.0,677.0,17741
63,850,BRUNSWICK,4,1,2,-37.7667,144.9667,1510.0,838.6,895.8,2281.8,1614.7,997.7,27435,181.0,-73.0,677.0,17741
64,1400,BRUNSWICK,7,3,0,-37.7667,144.9667,1510.0,838.6,895.8,2281.8,1614.7,997.7,27435,181.0,-73.0,677.0,17741
65,750,BRUNSWICK,3,2,0,-37.7667,144.9667,1510.0,838.6,895.8,2281.8,1614.7,997.7,27435,181.0,-73.0,677.0,17741
66,950,BRUNSWICK,3,2,1,-37.7667,144.9667,1510.0,838.6,895.8,2281.8,1614.7,997.7,27435,181.0,-73.0,677.0,17741
67,560,BRUNSWICK,2,2,1,-37.7667,144.9667,1510.0,838.6,895.8,2281.8,1614.7,997.7,27435,181.0,-73.0,677.0,17741
68,495,BRUNSWICK,2,2,0,-37.7667,144.9667,1510.0,838.6,895.8,2281.8,1614.7,997.7,27435,181.0,-73.0,677.0,17741
69,595,BRUNSWICK,2,1,1,-37.7667,144.9667,1510.0,838.6,895.8,2281.8,1614.7,997.7,27435,181.0,-73.0,677.0,17741
70,580,BRUNSWICK,3,1,0,-37.7667,144.9667,1510.0,838.6,895.8,2281.8,1614.7,997.7,27435,181.0,-73.0,677.0,17741
71,650,BRUNSWICK,2,1,1,-37.7667,144.9667,1510.0,838.6,895.8,2281.8,1614.7,997.7,27435,181.0,-73.0,677.0,17741
72,950,BRUNSWICK,4,2,1,-37.7667,144.9667,1510.0,838.6,895.8,2281.8,1614.7,997.7,27435,181.0,-73.0,677.0,17741
73,730,BRUNSWICK,3,1,1,-37.7667,144.9667,1510.0,838.6,895.8,2281.8,1614.7,997.7,27435,181.0,-73.0,677.0,17741
74,920,BRUNSWICK,3,2,2,-37.7667,144.9667,1510.0,838.6,895.8,2281.8,1614.7,997.7,27435,181.0,-73.0,677.0,17741
75,620,BRUNSWICK,2,2,1,-37.7667,144.9667,1510.0,838.6,895.8,2281.8,1614.7,997.7,27435,181.0,-73.0,677.0,17741
76,565,BRUNSWICK,3,1,1,-37.7667,144.9667,1510.0,838.6,895.8,2281.8,1614.7,997.7,27435,181.0,-73.0,677.0,17741
77,675,ABBOTSFORD,2,1,0,-37.8046,144.9998,7600.5,846.1,719.2,1268.7,2600.4,839.4,8770,63.0,355.0,265.0,6365
78,550,ABBOTSFORD,2,1,2,-37.8046,144.9998,7600.5,846.1,719.2,1268.7,2600.4,839.4,8770,63.0,355.0,265.0,6365
79,625,ABBOTSFORD,2,1,0,-37.8046,144.9998,7600.5,846.1,719.2,1268.7,2600.4,839.4,8770,63.0,355.0,265.0,6365
80,900,ABBOTSFORD,3,2,2,-37.8046,144.9998,7600.5,846.1,719.2,1268.7,2600.4,839.4,8770,63.0,355.0,265.0,6365
81,470,ABBOTSFORD,1,1,0,-37.8046,144.9998,7600.5,846.1,719.2,1268.7,2600.4,839.4,8770,63.0,355.0,265.0,6365
82,550,NUNAWADING,3,1,1,-37.8275,145.1739,8483.6,954.3,2661.8,3362.5,1515.0,1941.0,12363,91.0,-64.0,261.0,6983
83,650,PORT MELBOURNE,3,1,2,-37.8329,144.922,9149.8,4973.4,6110.1,5110.1,3509.1,811.2,17469,177.0,-211.0,247.0,11043
84,800,PORT MELBOURNE,3,1,0,-37.8329,144.922,9149.8,4973.4,6110.1,5110.1,3509.1,811.2,17469,177.0,-211.0,247.0,11043
85,650,PORT MELBOURNE,3,1,1,-37.8329,144.922,9149.8,4973.4,6110.1,5110.1,3509.1,811.2,17469,177.0,-211.0,247.0,11043
86,645,PORT MELBOURNE,3,1,2,-37.8329,144.922,9149.8,4973.4,6110.1,5110.1,3509.1,811.2,17469,177.0,-211.0,247.0,11043
87,675,PORT MELBOURNE,2,1,0,-37.8329,144.922,9149.8,4973.4,6110.1,5110.1,3509.1,811.2,17469,177.0,-211.0,247.0,11043
88,890,PORT MELBOURNE,4,1,1,-37.8329,144.922,9149.8,4973.4,6110.1,5110.1,3509.1,811.2,17469,177.0,-211.0,247.0,11043
89,480,PORT MELBOURNE,2,1,0,-37.8329,144.922,9149.8,4973.4,6110.1,5110.1,3509.1,811.2,17469,177.0,-211.0,247.0,11043
90,680,HUGHESDALE,3,2,2,-37.8995,145.0811,6705.9,845.7,1665.9,3840.8,1350.8,959.4,8038,43.0,-110.0,213.0,4410
91,550,HUGHESDALE,3,1,2,-37.8995,145.0811,6705.9,845.7,1665.9,3840.8,1350.8,959.4,8038,43.0,-110.0,213.0,4410
92,675,HUGHESDALE,4,2,3,-37.8995,145.0811,6705.9,845.7,1665.9,3840.8,1350.8,959.4,8038,43.0,-110.0,213.0,4410
93,650,HUGHESDALE,4,2,2,-37.8995,145.0811,6705.9,845.7,1665.9,3840.8,1350.8,959.4,8038,43.0,-110.0,213.0,4410
94,750,HUGHESDALE,4,2,2,-37.8995,145.0811,6705.9,845.7,1665.9,3840.8,1350.8,959.4,8038,43.0,-110.0,213.0,4410
95,600,BULLEEN,4,2,2,-37.7667,145.0833,1568.6,3243.8,2876.9,3215.4,1767.0,1807.6,11565,32.0,-94.0,149.0,6722
96,500,BULLEEN,3,1,2,-37.7667,145.0833,1568.6,3243.8,2876.9,3215.4,1767.0,1807.6,11565,32.0,-94.0,149.0,6722
97,490,KEYSBOROUGH,3,1,4,-37.9912,145.1739,3522.7,3662.6,2990.3,2584.6,587.9,825.7,27471,224.0,626.0,428.0,15103
98,430,KEYSBOROUGH,3,1,3,-37.9912,145.1739,3522.7,3662.6,2990.3,2584.6,587.9,825.7,27471,224.0,626.0,428.0,15103
99,570,KEYSBOROUGH,4,2,2,-37.9912,145.1739,3522.7,3662.6,2990.3,2584.6,587.9,825.7,27471,224.0,626.0,428.0,15103
100,500,SPRINGVALE SOUTH,3,2,2,-37.9827,145.1342,2119.2,5618.6,5753.1,5202.6,307.4,414.5,13227,91.0,-324.0,327.0,6405
101,480,SPRINGVALE SOUTH,3,1,3,-37.9827,145.1342,2119.2,5618.6,5753.1,5202.6,307.4,414.5,13227,91.0,-324.0,327.0,6405
102,720,BEAUMARIS,3,2,1,-37.9736,145.0164,6646.2,3215.5,321.2,1444.3,4775.0,1258.9,14250,11.0,83.0,114.0,9083
103,1050,BEAUMARIS,4,2,2,-37.9736,145.0164,6646.2,3215.5,321.2,1444.3,4775.0,1258.9,14250,11.0,83.0,114.0,9083
104,1100,BEAUMARIS,5,2,4,-37.9736,145.0164,6646.2,3215.5,321.2,1444.3,4775.0,1258.9,14250,11.0,83.0,114.0,9083
105,600,BEAUMARIS,3,1,3,-37.9736,145.0164,6646.2,3215.5,321.2,1444.3,4775.0,1258.9,14250,11.0,83.0,114.0,9083
106,895,BEAUMARIS,4,2,2,-37.9722929,145.0357674,7871.0,2761.5,2156.0,2676.1,3330.2,856.4,14250,11.0,83.0,114.0,9083
107,625,BEAUMARIS,3,1,2,-37.9736,145.0164,6646.2,3215.5,321.2,1444.3,4775.0,1258.9,14250,11.0,83.0,114.0,9083
108,450,BEAUMARIS,2,1,2,-37.9736,145.0164,6646.2,3215.5,321.2,1444.3,4775.0,1258.9,14250,11.0,83.0,114.0,9083
109,1100,BEAUMARIS,4,3,2,-37.9736,145.0164,6646.2,3215.5,321.2,1444.3,4775.0,1258.9,14250,11.0,83.0,114.0,9083
110,850,THORNBURY,3,2,1,-37.7583,145.0051,6328.9,948.5,2628.8,2028.2,2224.9,1330.4,19578,135.0,-86.0,253.0,11439
111,905,THORNBURY,3,1,1,-37.7583,145.0051,6328.9,948.5,2628.8,2028.2,2224.9,1330.4,19578,135.0,-86.0,253.0,11439
112,650,THORNBURY,3,1,1,-37.7583,145.0051,6328.9,948.5,2628.8,2028.2,2224.9,1330.4,19578,135.0,-86.0,253.0,11439
113,780,THORNBURY,4,1,1,-37.7583,145.0051,6328.9,948.5,2628.8,2028.2,2224.9,1330.4,19578,135.0,-86.0,253.0,11439
114,630,THORNBURY,3,2,1,-37.7583,145.0051,6328.9,948.5,2628.8,2028.2,2224.9,1330.4,19578,135.0,-86.0,253.0,11439
115,570,THORNBURY,2,1,4,-37.7583,145.0051,6328.9,948.5,2628.8,2028.2,2224.9,1330.4,19578,135.0,-86.0,253.0,11439
116,570,THORNBURY,3,1,2,-37.7583,145.0051,6328.9,948.5,2628.8,2028.2,2224.9,1330.4,19578,135.0,-86.0,253.0,11439
117,650,THORNBURY,2,1,2,-37.7583,145.0051,6328.9,948.5,2628.8,2028.2,2224.9,1330.4,19578,135.0,-86.0,253.0,11439
118,750,BRUNSWICK EAST,3,2,2,-37.7603,144.9502,2004.8,1360.1,939.4,1291.1,2858.4,663.7,11716,104.0,420.0,320.0,7948
119,750,BRUNSWICK EAST,3,2,2,-37.7603,144.9502,2004.8,1360.1,939.4,1291.1,2858.4,663.7,11716,104.0,420.0,320.0,7948
120,925,BRUNSWICK EAST,2,2,1,-37.7603,144.9502,2004.8,1360.1,939.4,1291.1,2858.4,663.7,11716,104.0,420.0,320.0,7948
121,550,MALVERN EAST,3,1,2,-37.874,145.0425,7373.6,1264.1,4127.9,1766.3,915.4,1210.5,22575,65.0,-186.0,567.0,13497
122,950,MALVERN EAST,5,2,3,-37.874,145.0425,7373.6,1264.1,4127.9,1766.3,915.4,1210.5,22575,65.0,-186.0,567.0,13497
123,500,MALVERN EAST,2,1,1,-37.874,145.0425,7373.6,1264.1,4127.9,1766.3,915.4,1210.5,22575,65.0,-186.0,567.0,13497
124,470,MALVERN EAST,3,1,4,-37.874,145.0425,7373.6,1264.1,4127.9,1766.3,915.4,1210.5,22575,65.0,-186.0,567.0,13497
125,450,MALVERN EAST,4,1,2,-37.874,145.0425,7373.6,1264.1,4127.9,1766.3,915.4,1210.5,22575,65.0,-186.0,567.0,13497
126,600,MALVERN EAST,2,1,1,-37.874,145.0425,7373.6,1264.1,4127.9,1766.3,915.4,1210.5,22575,65.0,-186.0,567.0,13497
127,500,MALVERN EAST,2,2,1,-37.874,145.0425,7373.6,1264.1,4127.9,1766.3,915.4,1210.5,22575,65.0,-186.0,567.0,13497
128,620,MALVERN EAST,3,1,2,-37.874,145.0425,7373.6,1264.1,4127.9,1766.3,915.4,1210.5,22575,65.0,-186.0,567.0,13497
129,899,MALVERN EAST,5,2,2,-37.874,145.0425,7373.6,1264.1,4127.9,1766.3,915.4,1210.5,22575,65.0,-186.0,567.0,13497
130,750,MALVERN EAST,3,1,1,-37.874,145.0425,7373.6,1264.1,4127.9,1766.3,915.4,1210.5,22575,65.0,-186.0,567.0,13497
131,675,BRIGHTON EAST,2,1,1,-37.9014,145.0188,3405.6,1886.5,1472.2,1198.2,5494.6,1808.0,16718,-57.0,-70.0,183.0,10044
132,1100,BRIGHTON EAST,4,2,2,-37.9014,145.0188,3405.6,1886.5,1472.2,1198.2,5494.6,1808.0,16718,-57.0,-70.0,183.0,10044
133,990,BRIGHTON EAST,4,2,1,-37.9014,145.0188,3405.6,1886.5,1472.2,1198.2,5494.6,1808.0,16718,-57.0,-70.0,183.0,10044
134,1000,BRIGHTON EAST,4,2,1,-37.9014,145.0188,3405.6,1886.5,1472.2,1198.2,5494.6,1808.0,16718,-57.0,-70.0,183.0,10044
135,1049,BRIGHTON EAST,3,2,2,-37.9014,145.0188,3405.6,1886.5,1472.2,1198.2,5494.6,1808.0,16718,-57.0,-70.0,183.0,10044
136,820,BRIGHTON EAST,4,3,2,-37.9014,145.0188,3405.6,1886.5,1472.2,1198.2,5494.6,1808.0,16718,-57.0,-70.0,183.0,10044
137,1150,BRIGHTON EAST,4,3,2,-37.9014,145.0188,3405.6,1886.5,1472.2,1198.2,5494.6,1808.0,16718,-57.0,-70.0,183.0,10044
138,525,BRIGHTON EAST,2,1,1,-37.9014,145.0188,3405.6,1886.5,1472.2,1198.2,5494.6,1808.0,16718,-57.0,-70.0,183.0,10044
139,590,BRIGHTON EAST,3,1,1,-37.9014,145.0188,3405.6,1886.5,1472.2,1198.2,5494.6,1808.0,16718,-57.0,-70.0,183.0,10044
140,995,BRIGHTON EAST,4,3,4,-37.9014,145.0188,3405.6,1886.5,1472.2,1198.2,5494.6,1808.0,16718,-57.0,-70.0,183.0,10044
141,630,BRIGHTON EAST,3,1,1,-37.9014,145.0188,3405.6,1886.5,1472.2,1198.2,5494.6,1808.0,16718,-57.0,-70.0,183.0,10044
142,1700,BRIGHTON EAST,4,3,3,-37.9014,145.0188,3405.6,1886.5,1472.2,1198.2,5494.6,1808.0,16718,-57.0,-70.0,183.0,10044
143,520,BRIGHTON EAST,2,1,2,-37.9014,145.0188,3405.6,1886.5,1472.2,1198.2,5494.6,1808.0,16718,-57.0,-70.0,183.0,10044
144,700,SPRINGVALE,4,2,6,-37.9457,145.1581,4665.9,1012.0,1118.3,1398.9,3704.1,1541.9,22761,226.0,-582.0,851.0,10891
145,50,SPRINGVALE,5,3,4,-37.9457,145.1581,4665.9,1012.0,1118.3,1398.9,3704.1,1541.9,22761,226.0,-582.0,851.0,10891
146,420,SPRINGVALE,4,1,1,-37.9457,145.1581,4665.9,1012.0,1118.3,1398.9,3704.1,1541.9,22761,226.0,-582.0,851.0,10891
147,620,SPRINGVALE,4,3,2,-37.9457,145.1581,4665.9,1012.0,1118.3,1398.9,3704.1,1541.9,22761,226.0,-582.0,851.0,10891
148,420,SPRINGVALE,3,1,1,-37.9457,145.1581,4665.9,1012.0,1118.3,1398.9,3704.1,1541.9,22761,226.0,-582.0,851.0,10891
149,555,SPRINGVALE,3,2,2,-37.9457,145.1581,4665.9,1012.0,1118.3,1398.9,3704.1,1541.9,22761,226.0,-582.0,851.0,10891
150,430,SPRINGVALE,3,1,2,-37.9457,145.1581,4665.9,1012.0,1118.3,1398.9,3704.1,1541.9,22761,226.0,-582.0,851.0,10891
151,650,COBURG,3,2,0,-37.75,144.9667,3099.5,888.5,1617.6,1255.4,3204.2,1478.4,27802,192.0,-318.0,564.0,15929
152,630,COBURG,5,2,0,-37.75,144.9667,3099.5,888.5,1617.6,1255.4,3204.2,1478.4,27802,192.0,-318.0,564.0,15929
153,720,COBURG,3,1,1,-37.75,144.9667,3099.5,888.5,1617.6,1255.4,3204.2,1478.4,27802,192.0,-318.0,564.0,15929
154,600,COBURG,3,2,2,-37.75,144.9667,3099.5,888.5,1617.6,1255.4,3204.2,1478.4,27802,192.0,-318.0,564.0,15929
155,620,COBURG,3,2,1,-37.75,144.9667,3099.5,888.5,1617.6,1255.4,3204.2,1478.4,27802,192.0,-318.0,564.0,15929
156,560,COBURG,3,1,2,-37.75,144.9667,3099.5,888.5,1617.6,1255.4,3204.2,1478.4,27802,192.0,-318.0,564.0,15929
157,350,COBURG,1,1,1,-37.75,144.9667,3099.5,888.5,1617.6,1255.4,3204.2,1478.4,27802,192.0,-318.0,564.0,15929
158,500,COBURG,3,1,1,-37.75,144.9667,3099.5,888.5,1617.6,1255.4,3204.2,1478.4,27802,192.0,-318.0,564.0,15929
159,575,COBURG,2,1,0,-37.75,144.9667,3099.5,888.5,1617.6,1255.4,3204.2,1478.4,27802,192.0,-318.0,564.0,15929
160,520,COBURG,2,1,0,-37.75,144.9667,3099.5,888.5,1617.6,1255.4,3204.2,1478.4,27802,192.0,-318.0,564.0,15929
161,515,COBURG,3,1,2,-37.75,144.9667,3099.5,888.5,1617.6,1255.4,3204.2,1478.4,27802,192.0,-318.0,564.0,15929
162,750,COBURG,5,1,0,-37.75,144.9667,3099.5,888.5,1617.6,1255.4,3204.2,1478.4,27802,192.0,-318.0,564.0,15929
163,995,COBURG,6,2,2,-37.75,144.9667,3099.5,888.5,1617.6,1255.4,3204.2,1478.4,27802,192.0,-318.0,564.0,15929
164,625,COBURG,3,2,0,-37.75,144.9667,3099.5,888.5,1617.6,1255.4,3204.2,1478.4,27802,192.0,-318.0,564.0,15929
165,520,COBURG,3,1,0,-37.75,144.9667,3099.5,888.5,1617.6,1255.4,3204.2,1478.4,27802,192.0,-318.0,564.0,15929
166,570,COBURG,5,1,2,-37.75,144.9667,3099.5,888.5,1617.6,1255.4,3204.2,1478.4,27802,192.0,-318.0,564.0,15929
167,625,COBURG,4,2,0,-37.75,144.9667,3099.5,888.5,1617.6,1255.4,3204.2,1478.4,27802,192.0,-318.0,564.0,15929
168,1600,KEW,4,2,1,-37.8064,145.0309,7719.1,2310.4,3027.5,0.0,2419.6,1904.9,26504,50.0,-100.0,320.0,16786
169,3500,KEW,6,6,8,-37.8064,145.0309,7719.1,2310.4,3027.5,0.0,2419.6,1904.9,26504,50.0,-100.0,320.0,16786
170,1050,KEW,3,2,2,-37.8064,145.0309,7719.1,2310.4,3027.5,0.0,2419.6,1904.9,26504,50.0,-100.0,320.0,16786
171,700,KEW,3,2,2,-37.8064,145.0309,7719.1,2310.4,3027.5,0.0,2419.6,1904.9,26504,50.0,-100.0,320.0,16786
172,725,KEW,3,2,1,-37.8064,145.0309,7719.1,2310.4,3027.5,0.0,2419.6,1904.9,26504,50.0,-100.0,320.0,16786
173,1495,KEW,4,4,2,-37.8064,145.0309,7719.1,2310.4,3027.5,0.0,2419.6,1904.9,26504,50.0,-100.0,320.0,16786
174,1500,KEW,4,2,3,-37.8064,145.0309,7719.1,2310.4,3027.5,0.0,2419.6,1904.9,26504,50.0,-100.0,320.0,16786
175,650,ST KILDA,2,1,2,-37.8633,144.9802,10796.5,1744.7,3148.3,1528.8,740.9,1247.5,28166,93.0,-259.0,934.0,19624
176,780,ST KILDA,2,1,0,-37.8633,144.9802,10796.5,1744.7,3148.3,1528.8,740.9,1247.5,28166,93.0,-259.0,934.0,19624
177,1750,ST KILDA,4,2,1,-37.8633,144.9802,10796.5,1744.7,3148.3,1528.8,740.9,1247.5,28166,93.0,-259.0,934.0,19624
178,850,ST KILDA,3,1,1,-37.8633,144.9802,10796.5,1744.7,3148.3,1528.8,740.9,1247.5,28166,93.0,-259.0,934.0,19624
179,700,BURWOOD EAST,4,2,5,-37.8535,145.1503,5590.5,3025.3,2690.4,1883.1,405.9,951.8,10772,15.0,-261.0,345.0,6049
180,450,BURWOOD EAST,3,2,0,-37.8535,145.1503,5590.5,3025.3,2690.4,1883.1,405.9,951.8,10772,15.0,-261.0,345.0,6049
181,2200,TOORAK,5,3,2,-37.8416,145.0177,9445.5,1204.1,681.8,1142.1,836.9,1362.8,14036,2.0,-74.0,162.0,10096
182,1850,TOORAK,3,3,2,-37.8416,145.0177,9445.5,1204.1,681.8,1142.1,836.9,1362.8,14036,2.0,-74.0,162.0,10096
183,850,TOORAK,2,1,1,-37.8416,145.0177,9445.5,1204.1,681.8,1142.1,836.9,1362.8,14036,2.0,-74.0,162.0,10096
184,2500,TOORAK,4,2,2,-37.8416,145.0177,9445.5,1204.1,681.8,1142.1,836.9,1362.8,14036,2.0,-74.0,162.0,10096
185,1200,TOORAK,5,3,3,-37.8416,145.0177,9445.5,1204.1,681.8,1142.1,836.9,1362.8,14036,2.0,-74.0,162.0,10096
186,2500,TOORAK,4,3,3,-37.8416,145.0177,9445.5,1204.1,681.8,1142.1,836.9,1362.8,14036,2.0,-74.0,162.0,10096
187,1450,TOORAK,2,2,4,-37.8416,145.0177,9445.5,1204.1,681.8,1142.1,836.9,1362.8,14036,2.0,-74.0,162.0,10096
188,795,TOORAK,3,2,2,-37.8416,145.0177,9445.5,1204.1,681.8,1142.1,836.9,1362.8,14036,2.0,-74.0,162.0,10096
189,680,BALWYN NORTH,3,1,2,-37.7909,145.0939,3909.4,4922.8,237.2,5111.0,3443.3,1244.1,21440,-1.0,-186.0,325.0,13032
190,760,BALWYN NORTH,5,2,2,-37.7909,145.0939,3909.4,4922.8,237.2,5111.0,3443.3,1244.1,21440,-1.0,-186.0,325.0,13032
191,1150,BALWYN NORTH,4,2,2,-37.7909,145.0939,3909.4,4922.8,237.2,5111.0,3443.3,1244.1,21440,-1.0,-186.0,325.0,13032
192,650,BALWYN NORTH,4,1,2,-37.7909,145.0939,3909.4,4922.8,237.2,5111.0,3443.3,1244.1,21440,-1.0,-186.0,325.0,13032
193,425,CARNEGIE,2,1,2,-37.8895,145.0581,6795.0,862.5,3175.1,2760.7,660.4,911.2,19091,161.0,-361.0,679.0,10976
194,370,CARNEGIE,2,1,1,-37.8895,145.0581,6795.0,862.5,3175.1,2760.7,660.4,911.2,19091,161.0,-361.0,679.0,10976
195,1200,CARNEGIE,4,2,3,-37.8895,145.0581,6795.0,862.5,3175.1,2760.7,660.4,911.2,19091,161.0,-361.0,679.0,10976
196,500,HAWTHORN,2,1,1,-37.8199,145.0358,9582.7,271.3,2851.4,708.7,2631.4,1553.2,24548,164.0,-196.0,532.0,16493
197,50,HAWTHORN,3,2,2,-37.8199,145.0358,9582.7,271.3,2851.4,708.7,2631.4,1553.2,24548,164.0,-196.0,532.0,16493
198,830,HAWTHORN,3,2,2,-37.8199,145.0358,9582.7,271.3,2851.4,708.7,2631.4,1553.2,24548,164.0,-196.0,532.0,16493
199,3500,HAWTHORN,4,3,4,-37.8199,145.0358,9582.7,271.3,2851.4,708.7,2631.4,1553.2,24548,164.0,-196.0,532.0,16493
200,360,TARNEIT,3,2,2,-37.8826,144.7003,2734.9,455.3,2260.2,2000.8,1585.5,1561.8,36404,853.0,1524.0,962.0,20308
201,360,TARNEIT,3,2,2,-37.8826,144.7003,2734.9,455.3,2260.2,2000.8,1585.5,1561.8,36404,853.0,1524.0,962.0,20308
202,375,TARNEIT,2,1,1,-37.8826,144.7003,2734.9,455.3,2260.2,2000.8,1585.5,1561.8,36404,853.0,1524.0,962.0,20308
203,370,TARNEIT,3,2,2,-37.8826,144.7003,2734.9,455.3,2260.2,2000.8,1585.5,1561.8,36404,853.0,1524.0,962.0,20308
204,370,TARNEIT,2,1,1,-37.8826,144.7003,2734.9,455.3,2260.2,2000.8,1585.5,1561.8,36404,853.0,1524.0,962.0,20308
205,550,BRUNSWICK WEST,2,2,1,-37.7603,144.9502,2004.8,1360.1,939.4,1291.1,2858.4,663.7,14523,97.0,-218.0,361.0,8887
206,430,BRUNSWICK WEST,2,1,1,-37.7603,144.9502,2004.8,1360.1,939.4,1291.1,2858.4,663.7,14523,97.0,-218.0,361.0,8887
207,700,BRUNSWICK WEST,4,1,0,-37.7603,144.9502,2004.8,1360.1,939.4,1291.1,2858.4,663.7,14523,97.0,-218.0,361.0,8887
208,510,BRUNSWICK WEST,3,1,1,-37.7603,144.9502,2004.8,1360.1,939.4,1291.1,2858.4,663.7,14523,97.0,-218.0,361.0,8887
209,720,BRUNSWICK WEST,3,1,0,-37.7603,144.9502,2004.8,1360.1,939.4,1291.1,2858.4,663.7,14523,97.0,-218.0,361.0,8887
210,575,BRUNSWICK WEST,2,1,1,-37.7603,144.9502,2004.8,1360.1,939.4,1291.1,2858.4,663.7,14523,97.0,-218.0,361.0,8887
211,580,BRUNSWICK WEST,2,1,0,-37.7603,144.9502,2004.8,1360.1,939.4,1291.1,2858.4,663.7,14523,97.0,-218.0,361.0,8887
212,520,BAYSWATER,4,2,2,-37.85,145.2667,2217.9,1240.0,895.4,935.3,1561.9,1827.4,12584,91.0,-94.0,151.0,7021
213,650,WHEELERS HILL,4,2,2,-37.8891,145.174,3429.9,2201.1,3820.0,1326.2,1813.9,1265.9,20880,-60.0,-129.0,285.0,12383
214,720,BALWYN,4,2,2,-37.8117,145.081,4434.0,1658.1,1799.0,2107.4,4037.3,871.6,16679,-12.0,-108.0,356.0,10696
215,860,BALWYN,4,2,2,-37.8117,145.081,4434.0,1658.1,1799.0,2107.4,4037.3,871.6,16679,-12.0,-108.0,356.0,10696
216,550,BALWYN,3,1,2,-37.8117,145.081,4434.0,1658.1,1799.0,2107.4,4037.3,871.6,16679,-12.0,-108.0,356.0,10696
217,600,GROVEDALE,4,2,2,-38.2335,144.3007,4111.0,56547.1,4378.7,11034.2,9297.5,1905.3,23790,61.0,1512.0,234.0,14364
218,400,GROVEDALE,3,1,1,-38.2335,144.3007,4111.0,56547.1,4378.7,11034.2,9297.5,1905.3,23790,61.0,1512.0,234.0,14364
219,510,IVANHOE,2,1,2,-37.769,145.0431,6297.3,773.5,1054.9,613.6,448.8,421.2,11998,80.0,203.0,156.0,7720
220,450,CAROLINE SPRINGS,3,2,2,-37.7541,144.7651,3773.4,4544.8,5859.0,2764.3,1320.5,1817.3,20968,296.0,-141.0,334.0,11113
221,465,CAROLINE SPRINGS,3,2,2,-37.7541,144.7651,3773.4,4544.8,5859.0,2764.3,1320.5,1817.3,20968,296.0,-141.0,334.0,11113
222,440,CAROLINE SPRINGS,3,2,2,-37.7541,144.7651,3773.4,4544.8,5859.0,2764.3,1320.5,1817.3,20968,296.0,-141.0,334.0,11113
223,500,CAROLINE SPRINGS,5,2,2,-37.7541,144.7651,3773.4,4544.8,5859.0,2764.3,1320.5,1817.3,20968,296.0,-141.0,334.0,11113
224,600,CAROLINE SPRINGS,4,2,2,-37.7541,144.7651,3773.4,4544.8,5859.0,2764.3,1320.5,1817.3,20968,296.0,-141.0,334.0,11113
225,550,RINGWOOD EAST,4,2,2,-37.8213,145.2489,4589.3,1252.8,2552.0,1893.1,2122.6,1981.5,21031,136.0,-123.0,297.0,12115
226,600,HAWTHORN EAST,2,2,1,-37.8248,145.0464,8166.5,418.2,3637.7,1428.0,1387.6,659.5,16192,110.0,-6.0,329.0,10389
227,995,HAWTHORN EAST,3,2,2,-37.8248,145.0464,8166.5,418.2,3637.7,1428.0,1387.6,659.5,16192,110.0,-6.0,329.0,10389
228,1800,HAWTHORN EAST,4,2,4,-37.8248,145.0464,8166.5,418.2,3637.7,1428.0,1387.6,659.5,16192,110.0,-6.0,329.0,10389
229,600,RINGWOOD NORTH,3,2,2,-37.7667,145.25,11679.4,5549.3,5144.1,5615.0,5395.3,1548.8,9991,29.0,-27.0,69.0,6098
230,480,RINGWOOD NORTH,3,1,0,-37.7667,145.25,11679.4,5549.3,5144.1,5615.0,5395.3,1548.8,9991,29.0,-27.0,69.0,6098
231,595,CLAYTON SOUTH,3,2,2,-37.9431,145.106,6326.7,3306.4,4044.0,3467.8,6453.3,2593.5,13296,154.0,-564.0,621.0,7015
232,540,CLAYTON SOUTH,3,2,2,-37.9431,145.106,6326.7,3306.4,4044.0,3467.8,6453.3,2593.5,13296,154.0,-564.0,621.0,7015
233,460,CLAYTON SOUTH,3,1,2,-37.9431,145.106,6326.7,3306.4,4044.0,3467.8,6453.3,2593.5,13296,154.0,-564.0,621.0,7015
234,420,CLAYTON SOUTH,3,1,3,-37.9431,145.106,6326.7,3306.4,4044.0,3467.8,6453.3,2593.5,13296,154.0,-564.0,621.0,7015
235,750,COLLINGWOOD,3,1,0,-37.8,144.9833,5831.5,1496.9,542.3,1953.3,2696.5,1100.4,9235,80.0,169.0,342.0,5698
236,1150,COLLINGWOOD,3,1,0,-37.8,144.9833,5831.5,1496.9,542.3,1953.3,2696.5,1100.4,9235,80.0,169.0,342.0,5698
237,630,COLLINGWOOD,3,1,1,-37.8,144.9833,5831.5,1496.9,542.3,1953.3,2696.5,1100.4,9235,80.0,169.0,342.0,5698
238,485,MOOROOLBARK,3,1,2,-37.7833,145.3,10352.3,4358.9,3061.7,1987.8,3146.1,3312.3,23027,212.0,73.0,154.0,13191
239,450,CRANBOURNE NORTH,4,2,2,-38.1375,145.2744,14438.0,7213.5,6136.0,7120.6,6080.8,2969.3,20985,393.0,830.0,289.0,11463
240,570,CRANBOURNE NORTH,4,2,2,-38.1375,145.2744,14438.0,7213.5,6136.0,7120.6,6080.8,2969.3,20985,393.0,830.0,289.0,11463
241,545,CRANBOURNE NORTH,4,2,2,-38.1375,145.2744,14438.0,7213.5,6136.0,7120.6,6080.8,2969.3,20985,393.0,830.0,289.0,11463
242,450,CRANBOURNE NORTH,3,2,1,-38.1375,145.2744,14438.0,7213.5,6136.0,7120.6,6080.8,2969.3,20985,393.0,830.0,289.0,11463
243,410,TRUGANINA,3,2,3,-37.8826,144.7003,2734.9,455.3,2260.2,2000.8,1585.5,1561.8,24628,734.0,1473.0,798.0,13583
244,480,TRUGANINA,4,2,2,-37.8826,144.7003,2734.9,455.3,2260.2,2000.8,1585.5,1561.8,24628,734.0,1473.0,798.0,13583
245,450,TRUGANINA,4,2,2,-37.8826,144.7003,2734.9,455.3,2260.2,2000.8,1585.5,1561.8,24628,734.0,1473.0,798.0,13583
246,570,TRUGANINA,4,3,2,-37.8826,144.7003,2734.9,455.3,2260.2,2000.8,1585.5,1561.8,24628,734.0,1473.0,798.0,13583
247,400,TRUGANINA,3,1,1,-37.8826,144.7003,2734.9,455.3,2260.2,2000.8,1585.5,1561.8,24628,734.0,1473.0,798.0,13583
248,380,TRUGANINA,3,2,1,-37.8826,144.7003,2734.9,455.3,2260.2,2000.8,1585.5,1561.8,24628,734.0,1473.0,798.0,13583
249,400,TRUGANINA,3,2,2,-37.8826,144.7003,2734.9,455.3,2260.2,2000.8,1585.5,1561.8,24628,734.0,1473.0,798.0,13583
250,499,HIGHTON,3,2,2,-38.2335,144.3007,4111.0,56547.1,4378.7,11034.2,9297.5,1905.3,22794,99.0,-101.0,270.0,13542
251,490,YARRAVILLE,2,1,1,-37.8249,144.8708,6028.3,1851.9,2052.2,4670.9,4642.0,746.0,15656,163.0,-109.0,181.0,9239
252,550,YARRAVILLE,2,1,1,-37.8249,144.8708,6028.3,1851.9,2052.2,4670.9,4642.0,746.0,15656,163.0,-109.0,181.0,9239
253,750,YARRAVILLE,3,2,1,-37.8249,144.8708,6028.3,1851.9,2052.2,4670.9,4642.0,746.0,15656,163.0,-109.0,181.0,9239
254,850,YARRAVILLE,4,2,2,-37.8249,144.8708,6028.3,1851.9,2052.2,4670.9,4642.0,746.0,15656,163.0,-109.0,181.0,9239
255,500,YARRAVILLE,3,1,2,-37.8249,144.8708,6028.3,1851.9,2052.2,4670.9,4642.0,746.0,15656,163.0,-109.0,181.0,9239
256,710,YARRAVILLE,3,2,2,-37.8249,144.8708,6028.3,1851.9,2052.2,4670.9,4642.0,746.0,15656,163.0,-109.0,181.0,9239
257,585,CARLTON,2,1,1,-37.8004,144.9684,4644.8,1428.8,1281.2,656.2,1464.8,1962.9,20242,91.0,-518.0,2020.0,8400
258,875,CARLTON,4,2,1,-37.8004,144.9684,4644.8,1428.8,1281.2,656.2,1464.8,1962.9,20242,91.0,-518.0,2020.0,8400
259,550,CARLTON,2,1,0,-37.8004,144.9684,4644.8,1428.8,1281.2,656.2,1464.8,1962.9,20242,91.0,-518.0,2020.0,8400
260,2600,CARLTON,4,3,1,-37.8004,144.9684,4644.8,1428.8,1281.2,656.2,1464.8,1962.9,20242,91.0,-518.0,2020.0,8400
261,830,CARLTON,4,1,0,-37.8004,144.9684,4644.8,1428.8,1281.2,656.2,1464.8,1962.9,20242,91.0,-518.0,2020.0,8400
262,730,CARLTON,2,2,1,-37.8004,144.9684,4644.8,1428.8,1281.2,656.2,1464.8,1962.9,20242,91.0,-518.0,2020.0,8400
263,625,CARLTON,2,2,0,-37.8004,144.9684,4644.8,1428.8,1281.2,656.2,1464.8,1962.9,20242,91.0,-518.0,2020.0,8400
264,580,CARLTON,2,1,0,-37.8004,144.9684,4644.8,1428.8,1281.2,656.2,1464.8,1962.9,20242,91.0,-518.0,2020.0,8400
265,630,CARLTON,3,1,0,-37.8004,144.9684,4644.8,1428.8,1281.2,656.2,1464.8,1962.9,20242,91.0,-518.0,2020.0,8400
266,1100,CARLTON,3,2,2,-37.8004,144.9684,4644.8,1428.8,1281.2,656.2,1464.8,1962.9,20242,91.0,-518.0,2020.0,8400
267,1450,CARLTON,5,3,0,-37.8004,144.9684,4644.8,1428.8,1281.2,656.2,1464.8,1962.9,20242,91.0,-518.0,2020.0,8400
268,1150,EAST MELBOURNE,4,2,0,-37.8167,144.9879,8137.6,381.0,345.9,620.2,1558.5,1235.1,5475,6.0,42.0,138.0,3792
269,1500,HAMPTON,4,2,2,-37.9374,145.0151,2071.3,2111.9,3635.3,2280.0,3499.8,507.9,18611,105.0,-69.0,221.0,11134
270,780,HAMPTON,3,1,2,-37.9374,145.0151,2071.3,2111.9,3635.3,2280.0,3499.8,507.9,18611,105.0,-69.0,221.0,11134
271,3000,HAMPTON,4,4,2,-37.9374,145.0151,2071.3,2111.9,3635.3,2280.0,3499.8,507.9,18611,105.0,-69.0,221.0,11134
272,995,HAMPTON,4,2,2,-37.9374,145.0151,2071.3,2111.9,3635.3,2280.0,3499.8,507.9,18611,105.0,-69.0,221.0,11134
273,770,HAMPTON,3,1,1,-37.9374,145.0151,2071.3,2111.9,3635.3,2280.0,3499.8,507.9,18611,105.0,-69.0,221.0,11134
274,630,ELWOOD,2,1,2,-37.8809,144.9855,7642.3,2446.6,1473.1,1533.0,1890.3,1162.2,16382,169.0,-234.0,249.0,10919
275,850,ELWOOD,3,2,1,-37.8809,144.9855,7642.3,2446.6,1473.1,1533.0,1890.3,1162.2,16382,169.0,-234.0,249.0,10919
276,775,ELWOOD,2,1,0,-37.8809,144.9855,7642.3,2446.6,1473.1,1533.0,1890.3,1162.2,16382,169.0,-234.0,249.0,10919
277,540,RINGWOOD,3,1,1,-37.7667,145.25,11679.4,5549.3,5144.1,5615.0,5395.3,1548.8,17931,126.0,-89.0,321.0,9980
278,500,ELTHAM,4,1,2,-37.7333,145.15,11089.0,3643.8,3181.4,7021.2,3114.0,2517.4,24008,141.0,-178.0,140.0,14815
279,640,MORNINGTON,3,2,2,-38.2167,145.0333,19637.4,14730.0,2031.9,2709.0,796.4,1306.5,25030,-56.0,391.0,131.0,14175
280,580,MORNINGTON,3,1,1,-38.2167,145.0333,19637.4,14730.0,2031.9,2709.0,796.4,1306.5,25030,-56.0,391.0,131.0,14175
281,530,WILLIAMSTOWN,3,1,0,-37.857,144.8977,1699.0,847.9,361.4,1897.2,7627.9,685.6,16389,72.0,-29.0,204.0,9706
282,800,WILLIAMSTOWN,3,2,0,-37.857,144.8977,1699.0,847.9,361.4,1897.2,7627.9,685.6,16389,72.0,-29.0,204.0,9706
283,630,WILLIAMSTOWN,3,1,2,-37.857,144.8977,1699.0,847.9,361.4,1897.2,7627.9,685.6,16389,72.0,-29.0,204.0,9706
284,650,WILLIAMSTOWN,2,1,0,-37.857,144.8977,1699.0,847.9,361.4,1897.2,7627.9,685.6,16389,72.0,-29.0,204.0,9706
285,480,WILLIAMSTOWN,2,1,1,-37.857,144.8977,1699.0,847.9,361.4,1897.2,7627.9,685.6,16389,72.0,-29.0,204.0,9706
286,700,WILLIAMSTOWN,3,1,0,-37.857,144.8977,1699.0,847.9,361.4,1897.2,7627.9,685.6,16389,72.0,-29.0,204.0,9706
287,600,WILLIAMSTOWN,3,2,1,-37.857,144.8977,1699.0,847.9,361.4,1897.2,7627.9,685.6,16389,72.0,-29.0,204.0,9706
288,700,WILLIAMSTOWN,3,2,2,-37.857,144.8977,1699.0,847.9,361.4,1897.2,7627.9,685.6,16389,72.0,-29.0,204.0,9706
289,530,WILLIAMSTOWN,2,1,1,-37.857,144.8977,1699.0,847.9,361.4,1897.2,7627.9,685.6,16389,72.0,-29.0,204.0,9706
290,390,CAIRNLEA,2,2,1,-37.7541,144.7651,3773.4,4544.8,5859.0,2764.3,1320.5,1817.3,10206,95.0,18.0,102.0,5349
291,525,BURWOOD,2,1,0,-37.8498,145.119,3116.5,3492.7,3287.4,3217.8,3590.1,1148.3,12900,17.0,-244.0,973.0,6364
292,590,BURWOOD,4,2,3,-37.8498,145.119,3116.5,3492.7,3287.4,3217.8,3590.1,1148.3,12900,17.0,-244.0,973.0,6364
293,460,ALTONA NORTH,3,1,2,-37.8349,144.8474,6339.1,4675.9,1666.6,4810.8,905.4,975.9,14787,89.0,4.0,144.0,7036
294,490,ALTONA NORTH,3,1,2,-37.8349,144.8474,6339.1,4675.9,1666.6,4810.8,905.4,975.9,14787,89.0,4.0,144.0,7036
295,560,ALTONA NORTH,3,2,1,-37.8349,144.8474,6339.1,4675.9,1666.6,4810.8,905.4,975.9,14787,89.0,4.0,144.0,7036
296,480,NORTH MELBOURNE,2,1,0,-37.8029,144.9482,4487.4,1064.6,453.6,1047.0,1243.7,2482.1,22106,122.0,-91.0,1536.0,12853
297,525,NORTH MELBOURNE,3,1,0,-37.8029,144.9482,4487.4,1064.6,453.6,1047.0,1243.7,2482.1,22106,122.0,-91.0,1536.0,12853
298,565,NORTH MELBOURNE,2,1,1,-37.8029,144.9482,4487.4,1064.6,453.6,1047.0,1243.7,2482.1,22106,122.0,-91.0,1536.0,12853
299,650,NORTH MELBOURNE,3,1,1,-37.8029,144.9482,4487.4,1064.6,453.6,1047.0,1243.7,2482.1,22106,122.0,-91.0,1536.0,12853
300,580,NORTH MELBOURNE,3,1,1,-37.8029,144.9482,4487.4,1064.6,453.6,1047.0,1243.7,2482.1,22106,122.0,-91.0,1536.0,12853
301,595,NORTH MELBOURNE,3,1,0,-37.8029,144.9482,4487.4,1064.6,453.6,1047.0,1243.7,2482.1,22106,122.0,-91.0,1536.0,12853
302,640,NORTH MELBOURNE,3,1,0,-37.8029,144.9482,4487.4,1064.6,453.6,1047.0,1243.7,2482.1,22106,122.0,-91.0,1536.0,12853
303,500,NORTH MELBOURNE,2,1,0,-37.8029,144.9482,4487.4,1064.6,453.6,1047.0,1243.7,2482.1,22106,122.0,-91.0,1536.0,12853
304,410,PASCOE VALE,3,1,2,-37.7319,144.9381,6286.6,991.9,1956.4,795.7,4423.3,725.6,24829,205.0,137.0,467.0,14023
305,470,BELMONT,3,1,4,-38.2335,144.3007,4111.0,56547.1,4378.7,11034.2,9297.5,1905.3,14312,84.0,-6.0,133.0,8134
306,500,LALOR,5,2,3,-37.6667,145.0167,15507.5,755.2,1860.0,1939.3,2195.1,987.6,23874,283.0,-162.0,426.0,10618
307,760,ELSTERNWICK,2,1,1,-37.8984,145.0088,4348.0,766.7,1692.4,0.0,5071.7,2228.9,12110,118.0,-89.0,165.0,7717
308,600,DONCASTER,4,1,2,-37.7883,145.1237,1952.0,4408.0,2766.4,3208.4,805.1,1610.7,21885,88.0,153.0,592.0,12974
309,540,KEW EAST,3,2,1,-37.7976,145.0538,4095.4,4146.6,3994.1,1457.1,4339.3,1859.1,6855,47.0,-85.0,92.0,4185
310,450,WATSONIA,3,1,2,-37.7104,145.0836,8904.6,1173.5,2114.7,3237.1,2884.0,980.7,9542,81.0,-70.0,60.0,5290
311,380,DANDENONG NORTH,3,1,2,-37.9833,145.2,6114.1,925.5,1329.1,1262.9,2206.6,547.2,23684,141.0,-384.0,379.0,11533
312,550,DANDENONG NORTH,4,2,2,-37.9833,145.2,6114.1,925.5,1329.1,1262.9,2206.6,547.2,23684,141.0,-384.0,379.0,11533
313,390,DANDENONG NORTH,3,1,0,-37.9833,145.2,6114.1,925.5,1329.1,1262.9,2206.6,547.2,23684,141.0,-384.0,379.0,11533
314,470,DANDENONG NORTH,3,1,2,-37.9833,145.2,6114.1,925.5,1329.1,1262.9,2206.6,547.2,23684,141.0,-384.0,379.0,11533
315,500,DANDENONG NORTH,4,2,1,-37.9833,145.2,6114.1,925.5,1329.1,1262.9,2206.6,547.2,23684,141.0,-384.0,379.0,11533
316,360,CLAYTON,2,1,1,-37.9167,145.1333,1445.5,2475.8,1771.7,2090.1,2278.2,1246.4,23672,84.0,-989.0,2717.0,9572
317,390,CLAYTON,3,1,4,-37.9167,145.1333,1445.5,2475.8,1771.7,2090.1,2278.2,1246.4,23672,84.0,-989.0,2717.0,9572
318,500,CLAYTON,3,1,3,-37.9167,145.1333,1445.5,2475.8,1771.7,2090.1,2278.2,1246.4,23672,84.0,-989.0,2717.0,9572
319,495,CLAYTON,3,1,3,-37.9167,145.1333,1445.5,2475.8,1771.7,2090.1,2278.2,1246.4,23672,84.0,-989.0,2717.0,9572
320,550,CLAYTON,3,2,1,-37.9167,145.1333,1445.5,2475.8,1771.7,2090.1,2278.2,1246.4,23672,84.0,-989.0,2717.0,9572
321,520,NEWPORT,3,1,1,-37.8302,144.8709,5556.3,1793.4,1170.5,4877.6,3019.7,277.4,18523,244.0,-137.0,206.0,10961
322,540,NEWPORT,2,1,1,-37.8302,144.8709,5556.3,1793.4,1170.5,4877.6,3019.7,277.4,18523,244.0,-137.0,206.0,10961
323,690,NEWPORT,4,1,3,-37.8302,144.8709,5556.3,1793.4,1170.5,4877.6,3019.7,277.4,18523,244.0,-137.0,206.0,10961
324,690,NEWPORT,3,2,3,-37.8302,144.8709,5556.3,1793.4,1170.5,4877.6,3019.7,277.4,18523,244.0,-137.0,206.0,10961
325,750,NEWPORT,4,2,4,-37.8302,144.8709,5556.3,1793.4,1170.5,4877.6,3019.7,277.4,18523,244.0,-137.0,206.0,10961
326,600,NEWPORT,3,2,1,-37.8302,144.8709,5556.3,1793.4,1170.5,4877.6,3019.7,277.4,18523,244.0,-137.0,206.0,10961
327,760,NEWPORT,3,2,1,-37.8302,144.8709,5556.3,1793.4,1170.5,4877.6,3019.7,277.4,18523,244.0,-137.0,206.0,10961
328,475,NEWPORT,3,1,1,-37.8302,144.8709,5556.3,1793.4,1170.5,4877.6,3019.7,277.4,18523,244.0,-137.0,206.0,10961
329,440,NEWPORT,2,1,0,-37.8302,144.8709,5556.3,1793.4,1170.5,4877.6,3019.7,277.4,18523,244.0,-137.0,206.0,10961
330,500,MULGRAVE,3,1,3,-37.9167,145.2,4084.2,7850.5,3435.4,0.0,3801.1,1236.6,20462,79.0,-256.0,378.0,11083
331,480,ALFREDTON,4,2,2,-37.5292,143.8591,3259.8,96141.6,1982.1,4352.2,4353.3,2221.4,11852,111.0,490.0,69.0,7124
332,400,BORONIA,3,1,1,-37.8667,145.2833,5271.3,1161.6,856.8,2646.8,1124.5,506.4,22918,141.0,24.0,165.0,12903
333,425,BORONIA,3,1,0,-37.8667,145.2833,5271.3,1161.6,856.8,2646.8,1124.5,506.4,22918,141.0,24.0,165.0,12903
334,440,WANTIRNA SOUTH,3,2,2,-37.8821128,145.2423314,1541.8,6814.0,2036.4,5673.1,2179.8,471.4,18580,-9.0,-169.0,271.0,11019
335,505,WANTIRNA SOUTH,4,2,2,-37.85,145.2167,4091.2,7059.3,4471.3,4047.9,3958.9,2481.1,18580,-9.0,-169.0,271.0,11019
336,380,BEECHWORTH,3,2,1,-36.3416,146.7067,43541.8,266032.3,4585.8,3058.0,39795.1,2324.3,4632,-17.0,102.0,9.0,2645
337,500,BEECHWORTH,3,1,0,-36.3416,146.7067,43541.8,266032.3,4585.8,3058.0,39795.1,2324.3,4632,-17.0,102.0,9.0,2645
338,600,BEECHWORTH,4,2,2,-36.3416,146.7067,43541.8,266032.3,4585.8,3058.0,39795.1,2324.3,4632,-17.0,102.0,9.0,2645
339,540,MERNDA,4,2,2,-37.6,145.15,27153.5,9101.0,14406.3,16641.6,14304.6,3753.6,17171,396.0,1800.0,250.0,9985
340,395,MERNDA,3,2,1,-37.6,145.15,27153.5,9101.0,14406.3,16641.6,14304.6,3753.6,17171,396.0,1800.0,250.0,9985
341,540,MERNDA,4,2,2,-37.6,145.15,27153.5,9101.0,14406.3,16641.6,14304.6,3753.6,17171,396.0,1800.0,250.0,9985
342,450,MERNDA,3,2,2,-37.6,145.15,27153.5,9101.0,14406.3,16641.6,14304.6,3753.6,17171,396.0,1800.0,250.0,9985
343,450,MERNDA,4,2,2,-37.6,145.15,27153.5,9101.0,14406.3,16641.6,14304.6,3753.6,17171,396.0,1800.0,250.0,9985
344,405,MERNDA,4,2,2,-37.6,145.15,27153.5,9101.0,14406.3,16641.6,14304.6,3753.6,17171,396.0,1800.0,250.0,9985
345,460,MERNDA,4,2,2,-37.6,145.15,27153.5,9101.0,14406.3,16641.6,14304.6,3753.6,17171,396.0,1800.0,250.0,9985
346,475,SUNBURY,4,2,2,-37.5774,144.7261,18474.3,987.6,1657.4,1920.8,1050.2,789.1,13238,62.0,-41.0,47.0,7829
347,500,SUNBURY,4,2,2,-37.5774,144.7261,18474.3,987.6,1657.4,1920.8,1050.2,789.1,13238,62.0,-41.0,47.0,7829
348,550,SUNBURY,4,2,2,-37.5774,144.7261,18474.3,987.6,1657.4,1920.8,1050.2,789.1,13238,62.0,-41.0,47.0,7829
349,360,SUNBURY,2,1,1,-37.5774,144.7261,18474.3,987.6,1657.4,1920.8,1050.2,789.1,13238,62.0,-41.0,47.0,7829
350,480,SUNBURY,4,2,2,-37.5774,144.7261,18474.3,987.6,1657.4,1920.8,1050.2,789.1,13238,62.0,-41.0,47.0,7829
351,520,SUNBURY,4,2,2,-37.5774,144.7261,18474.3,987.6,1657.4,1920.8,1050.2,789.1,13238,62.0,-41.0,47.0,7829
352,435,SUNBURY,4,2,2,-37.5774,144.7261,18474.3,987.6,1657.4,1920.8,1050.2,789.1,13238,62.0,-41.0,47.0,7829
353,580,SUNBURY,4,2,2,-37.5774,144.7261,18474.3,987.6,1657.4,1920.8,1050.2,789.1,13238,62.0,-41.0,47.0,7829
354,625,DOREEN,4,2,2,-37.6,145.15,27153.5,9101.0,14406.3,16641.6,14304.6,3753.6,21801,455.0,979.0,155.0,12150
355,520,DOREEN,4,2,2,-37.6,145.15,27153.5,9101.0,14406.3,16641.6,14304.6,3753.6,21801,455.0,979.0,155.0,12150
356,450,DOREEN,4,2,2,-37.6,145.15,27153.5,9101.0,14406.3,16641.6,14304.6,3753.6,21801,455.0,979.0,155.0,12150
357,420,VERMONT SOUTH,3,1,2,-37.8362,145.1943,5514.0,2555.3,2337.4,2896.5,2456.5,651.1,12251,-18.0,-50.0,164.0,7373
358,525,VERMONT SOUTH,3,2,2,-37.8362,145.1943,5514.0,2555.3,2337.4,2896.5,2456.5,651.1,12251,-18.0,-50.0,164.0,7373
359,580,FLEMINGTON,3,1,1,-37.7899,144.9226,6468.6,1645.9,2785.1,3685.6,3003.0,3018.8,10734,133.0,-388.0,379.0,5605
360,475,FLEMINGTON,3,1,0,-37.7899,144.9226,6468.6,1645.9,2785.1,3685.6,3003.0,3018.8,10734,133.0,-388.0,379.0,5605
361,470,FLEMINGTON,2,1,1,-37.7899,144.9226,6468.6,1645.9,2785.1,3685.6,3003.0,3018.8,10734,133.0,-388.0,379.0,5605
362,500,CRANBOURNE WEST,4,2,2,-38.1375,145.2744,14438.0,7213.5,6136.0,7120.6,6080.8,2969.3,15685,365.0,879.0,216.0,9049
363,480,CRANBOURNE WEST,4,2,2,-38.1375,145.2744,14438.0,7213.5,6136.0,7120.6,6080.8,2969.3,15685,365.0,879.0,216.0,9049
364,485,CRANBOURNE WEST,3,2,2,-38.1375,145.2744,14438.0,7213.5,6136.0,7120.6,6080.8,2969.3,15685,365.0,879.0,216.0,9049
365,410,MEADOW HEIGHTS,3,2,2,-37.6512,144.9186,18316.4,2803.1,1869.5,6110.5,641.0,2279.2,15779,221.0,-450.0,279.0,5532
366,750,MENTONE,3,1,3,-37.9833,145.0667,7597.3,203.3,1591.8,2450.5,1805.5,965.9,13695,44.0,-72.0,205.0,8337
367,900,MENTONE,3,2,2,-37.9833,145.0667,7597.3,203.3,1591.8,2450.5,1805.5,965.9,13695,44.0,-72.0,205.0,8337
368,750,WANTIRNA,4,2,2,-37.85,145.2167,4091.2,7059.3,4471.3,4047.9,3958.9,2481.1,14425,50.0,-174.0,188.0,8487
369,520,WANTIRNA,5,2,2,-37.85,145.2167,4091.2,7059.3,4471.3,4047.9,3958.9,2481.1,14425,50.0,-174.0,188.0,8487
370,575,WANTIRNA,5,3,3,-37.85,145.2167,4091.2,7059.3,4471.3,4047.9,3958.9,2481.1,14425,50.0,-174.0,188.0,8487
371,470,WANTIRNA,3,1,2,-37.85,145.2167,4091.2,7059.3,4471.3,4047.9,3958.9,2481.1,14425,50.0,-174.0,188.0,8487
372,430,WANTIRNA,3,1,2,-37.85,145.2167,4091.2,7059.3,4471.3,4047.9,3958.9,2481.1,14425,50.0,-174.0,188.0,8487
373,430,WANTIRNA,3,1,4,-37.85,145.2167,4091.2,7059.3,4471.3,4047.9,3958.9,2481.1,14425,50.0,-174.0,188.0,8487
374,410,CRANBOURNE,3,2,2,-38.1375,145.2744,14438.0,7213.5,6136.0,7120.6,6080.8,2969.3,20888,259.0,-250.0,233.0,10563
375,480,CRANBOURNE,3,1,6,-38.1375,145.2744,14438.0,7213.5,6136.0,7120.6,6080.8,2969.3,20888,259.0,-250.0,233.0,10563
376,400,CRANBOURNE,3,1,1,-38.1375,145.2744,14438.0,7213.5,6136.0,7120.6,6080.8,2969.3,20888,259.0,-250.0,233.0,10563
377,470,CRANBOURNE,3,2,2,-38.1375,145.2744,14438.0,7213.5,6136.0,7120.6,6080.8,2969.3,20888,259.0,-250.0,233.0,10563
378,550,STRATHMORE,3,1,2,-37.7133,144.8969,10283.4,4993.3,2363.1,6162.4,1582.9,313.3,9968,41.0,132.0,65.0,6132
379,390,FRANKSTON NORTH,3,1,2,-38.1213,145.1552,6568.2,3434.6,2891.1,3155.1,4462.3,424.2,19939,101.0,-183.0,109.0,9120
380,360,FRANKSTON NORTH,3,1,3,-38.1213,145.1552,6568.2,3434.6,2891.1,3155.1,4462.3,424.2,19939,101.0,-183.0,109.0,9120
381,360,FRANKSTON NORTH,3,1,1,-38.1213,145.1552,6568.2,3434.6,2891.1,3155.1,4462.3,424.2,19939,101.0,-183.0,109.0,9120
382,400,FRANKSTON NORTH,3,1,2,-38.1213,145.1552,6568.2,3434.6,2891.1,3155.1,4462.3,424.2,19939,101.0,-183.0,109.0,9120
383,415,FRANKSTON NORTH,3,1,2,-38.1213,145.1552,6568.2,3434.6,2891.1,3155.1,4462.3,424.2,19939,101.0,-183.0,109.0,9120
384,370,FRANKSTON NORTH,3,1,1,-38.1213,145.1552,6568.2,3434.6,2891.1,3155.1,4462.3,424.2,19939,101.0,-183.0,109.0,9120
385,450,WYNDHAM VALE,4,2,2,-37.8291,144.5622,14657.4,13127.1,7700.4,14124.3,7767.5,8109.6,24270,405.0,499.0,371.0,13064
386,370,WYNDHAM VALE,3,2,2,-37.8291,144.5622,14657.4,13127.1,7700.4,14124.3,7767.5,8109.6,24270,405.0,499.0,371.0,13064
387,380,WYNDHAM VALE,3,2,2,-37.8291,144.5622,14657.4,13127.1,7700.4,14124.3,7767.5,8109.6,24270,405.0,499.0,371.0,13064
388,350,WYNDHAM VALE,4,1,4,-37.8291,144.5622,14657.4,13127.1,7700.4,14124.3,7767.5,8109.6,24270,405.0,499.0,371.0,13064
389,360,WYNDHAM VALE,3,2,2,-37.8291,144.5622,14657.4,13127.1,7700.4,14124.3,7767.5,8109.6,24270,405.0,499.0,371.0,13064
390,340,WYNDHAM VALE,2,1,1,-37.8291,144.5622,14657.4,13127.1,7700.4,14124.3,7767.5,8109.6,24270,405.0,499.0,371.0,13064
391,420,WYNDHAM VALE,4,2,2,-37.8291,144.5622,14657.4,13127.1,7700.4,14124.3,7767.5,8109.6,24270,405.0,499.0,371.0,13064
392,450,WYNDHAM VALE,4,2,0,-37.8291,144.5622,14657.4,13127.1,7700.4,14124.3,7767.5,8109.6,24270,405.0,499.0,371.0,13064
393,370,WYNDHAM VALE,3,2,1,-37.8291,144.5622,14657.4,13127.1,7700.4,14124.3,7767.5,8109.6,24270,405.0,499.0,371.0,13064
394,420,WYNDHAM VALE,4,2,2,-37.8291,144.5622,14657.4,13127.1,7700.4,14124.3,7767.5,8109.6,24270,405.0,499.0,371.0,13064
395,355,WYNDHAM VALE,4,2,4,-37.8291,144.5622,14657.4,13127.1,7700.4,14124.3,7767.5,8109.6,24270,405.0,499.0,371.0,13064
396,690,FRANKSTON,3,2,1,-38.1333,145.1333,4568.4,1442.2,685.2,0.0,2060.5,1847.7,23510,137.0,-131.0,203.0,12213
397,500,FRANKSTON,3,1,3,-38.1333,145.1333,4568.4,1442.2,685.2,0.0,2060.5,1847.7,23510,137.0,-131.0,203.0,12213
398,440,FRANKSTON,3,1,2,-38.1333,145.1333,4568.4,1442.2,685.2,0.0,2060.5,1847.7,23510,137.0,-131.0,203.0,12213
399,560,FRANKSTON,4,2,2,-38.1333,145.1333,4568.4,1442.2,685.2,0.0,2060.5,1847.7,23510,137.0,-131.0,203.0,12213
400,600,RIDDELLS CREEK,4,2,2,-37.4605,144.6796,10295.3,15803.2,7206.0,16432.2,9315.7,899.6,4174,28.0,24.0,14.0,2567
401,450,DROUIN,4,2,2,-38.1561,145.8431,2759.0,42126.7,11349.9,12717.2,41549.2,3600.2,16435,123.0,522.0,32.0,8842
402,495,DROUIN,3,2,2,-38.1561,145.8431,2759.0,42126.7,11349.9,12717.2,41549.2,3600.2,16435,123.0,522.0,32.0,8842
403,520,DROUIN,3,2,2,-38.1561,145.8431,2759.0,42126.7,11349.9,12717.2,41549.2,3600.2,16435,123.0,522.0,32.0,8842
404,470,DROUIN,3,2,2,-38.1561,145.8431,2759.0,42126.7,11349.9,12717.2,41549.2,3600.2,16435,123.0,522.0,32.0,8842
405,550,DROUIN,3,2,3,-38.1561,145.8431,2759.0,42126.7,11349.9,12717.2,41549.2,3600.2,16435,123.0,522.0,32.0,8842
406,350,DROUIN,2,1,1,-38.1561,145.8431,2759.0,42126.7,11349.9,12717.2,41549.2,3600.2,16435,123.0,522.0,32.0,8842
407,460,DROUIN,4,2,2,-38.1561,145.8431,2759.0,42126.7,11349.9,12717.2,41549.2,3600.2,16435,123.0,522.0,32.0,8842
408,420,DROUIN,3,2,1,-38.1561,145.8431,2759.0,42126.7,11349.9,12717.2,41549.2,3600.2,16435,123.0,522.0,32.0,8842
409,510,WARRAGUL,4,2,2,-38.1591,145.9312,2139.9,45665.7,437.7,1928.6,45088.2,1797.7,19088,119.0,307.0,70.0,11208
410,395,WARRAGUL,3,1,1,-38.1591,145.9312,2139.9,45665.7,437.7,1928.6,45088.2,1797.7,19088,119.0,307.0,70.0,11208
411,540,WARRAGUL,4,2,2,-38.1591,145.9312,2139.9,45665.7,437.7,1928.6,45088.2,1797.7,19088,119.0,307.0,70.0,11208
412,450,WARRAGUL,3,2,2,-38.1591,145.9312,2139.9,45665.7,437.7,1928.6,45088.2,1797.7,19088,119.0,307.0,70.0,11208
413,400,WARRAGUL,3,1,2,-38.1591,145.9312,2139.9,45665.7,437.7,1928.6,45088.2,1797.7,19088,119.0,307.0,70.0,11208
414,495,WARRAGUL,4,2,2,-38.1591,145.9312,2139.9,45665.7,437.7,1928.6,45088.2,1797.7,19088,119.0,307.0,70.0,11208
415,495,WARRAGUL,4,2,4,-38.1591,145.9312,2139.9,45665.7,437.7,1928.6,45088.2,1797.7,19088,119.0,307.0,70.0,11208
416,1956,WARRAGUL,4,2,2,-38.1591,145.9312,2139.9,45665.7,437.7,1928.6,45088.2,1797.7,19088,119.0,307.0,70.0,11208
417,495,WARRAGUL,4,2,2,-38.1591,145.9312,2139.9,45665.7,437.7,1928.6,45088.2,1797.7,19088,119.0,307.0,70.0,11208
418,475,WARRAGUL,4,2,2,-38.1591,145.9312,2139.9,45665.7,437.7,1928.6,45088.2,1797.7,19088,119.0,307.0,70.0,11208
419,505,VERMONT,4,2,2,-37.8362,145.1943,5514.0,2555.3,2337.4,2896.5,2456.5,651.1,10896,56.0,-91.0,180.0,6306
420,400,VERMONT,2,1,0,-37.8362,145.1943,5514.0,2555.3,2337.4,2896.5,2456.5,651.1,10896,56.0,-91.0,180.0,6306
421,450,VERMONT,4,1,2,-37.8362,145.1943,5514.0,2555.3,2337.4,2896.5,2456.5,651.1,10896,56.0,-91.0,180.0,6306
422,395,VERMONT,2,1,1,-37.8362,145.1943,5514.0,2555.3,2337.4,2896.5,2456.5,651.1,10896,56.0,-91.0,180.0,6306
423,330,MELTON SOUTH,3,1,3,-37.7077,144.5749,1358.8,21132.5,2968.9,4004.5,4093.1,78.4,24243,309.0,1673.0,248.0,11389
424,380,MELTON SOUTH,3,2,2,-37.7077,144.5749,1358.8,21132.5,2968.9,4004.5,4093.1,78.4,24243,309.0,1673.0,248.0,11389
425,370,MELTON SOUTH,4,1,2,-37.7077,144.5749,1358.8,21132.5,2968.9,4004.5,4093.1,78.4,24243,309.0,1673.0,248.0,11389
426,400,FAWKNER,2,1,2,-37.7167,144.9667,7084.9,669.4,2803.3,3454.4,3700.5,1653.4,14460,134.0,-197.0,359.0,6358
427,420,FAWKNER,3,1,2,-37.7167,144.9667,7084.9,669.4,2803.3,3454.4,3700.5,1653.4,14460,134.0,-197.0,359.0,6358
428,380,FAWKNER,3,1,1,-37.7167,144.9667,7084.9,669.4,2803.3,3454.4,3700.5,1653.4,14460,134.0,-197.0,359.0,6358
429,450,FAWKNER,3,1,5,-37.7167,144.9667,7084.9,669.4,2803.3,3454.4,3700.5,1653.4,14460,134.0,-197.0,359.0,6358
430,395,FAWKNER,3,1,2,-37.7167,144.9667,7084.9,669.4,2803.3,3454.4,3700.5,1653.4,14460,134.0,-197.0,359.0,6358
431,400,MELTON WEST,4,2,2,-37.6,144.6,11488.1,11931.9,11473.5,14313.9,11872.8,6811.1,18157,324.0,419.0,104.0,4859
432,495,GLENROY,3,1,4,-37.7,144.9333,10666.8,2129.4,2086.3,4158.5,4538.7,675.3,23153,204.0,-201.0,678.0,11963
433,470,GLENROY,3,2,1,-37.7,144.9333,10666.8,2129.4,2086.3,4158.5,4538.7,675.3,23153,204.0,-201.0,678.0,11963
434,395,GLENROY,2,1,1,-37.7,144.9333,10666.8,2129.4,2086.3,4158.5,4538.7,675.3,23153,204.0,-201.0,678.0,11963
435,695,ASCOT VALE,3,2,1,-37.7808,144.9354,4724.4,1245.2,2870.4,3469.2,2400.0,871.6,15497,199.0,-81.0,291.0,9239
436,590,ASCOT VALE,3,2,1,-37.7808,144.9354,4724.4,1245.2,2870.4,3469.2,2400.0,871.6,15497,199.0,-81.0,291.0,9239
437,600,ASCOT VALE,3,2,2,-37.7808,144.9354,4724.4,1245.2,2870.4,3469.2,2400.0,871.6,15497,199.0,-81.0,291.0,9239
438,680,ASCOT VALE,3,2,2,-37.7808,144.9354,4724.4,1245.2,2870.4,3469.2,2400.0,871.6,15497,199.0,-81.0,291.0,9239
439,490,ASCOT VALE,2,1,1,-37.7808,144.9354,4724.4,1245.2,2870.4,3469.2,2400.0,871.6,15497,199.0,-81.0,291.0,9239
440,600,BAYSWATER NORTH,5,2,2,-37.85,145.2667,2217.9,1240.0,895.4,935.3,1561.9,1827.4,12257,34.0,-4.0,64.0,7009
441,480,BAYSWATER NORTH,3,2,2,-37.85,145.2667,2217.9,1240.0,895.4,935.3,1561.9,1827.4,12257,34.0,-4.0,64.0,7009
442,500,FITZROY,1,1,0,-37.7984,144.9783,5292.8,1776.5,95.6,1306.5,2057.6,777.3,11259,87.0,-152.0,285.0,7052
443,850,FITZROY,3,2,0,-37.7984,144.9783,5292.8,1776.5,95.6,1306.5,2057.6,777.3,11259,87.0,-152.0,285.0,7052
444,460,ALTONA MEADOWS,3,2,2,-37.8809,144.7587,9417.7,2434.3,2961.5,7570.4,3084.5,1336.8,20106,116.0,-145.0,236.0,10722
445,590,GISBORNE,3,2,2,-37.4886,144.5942,1655.1,17483.2,4415.9,19157.5,675.5,722.6,13312,105.0,169.0,49.0,7918
446,480,GISBORNE,3,1,0,-37.4886,144.5942,1655.1,17483.2,4415.9,19157.5,675.5,722.6,13312,105.0,169.0,49.0,7918
447,700,GISBORNE,4,2,2,-37.4886,144.5942,1655.1,17483.2,4415.9,19157.5,675.5,722.6,13312,105.0,169.0,49.0,7918
448,470,GISBORNE,3,2,2,-37.4886,144.5942,1655.1,17483.2,4415.9,19157.5,675.5,722.6,13312,105.0,169.0,49.0,7918
449,470,GISBORNE,3,2,2,-37.4886,144.5942,1655.1,17483.2,4415.9,19157.5,675.5,722.6,13312,105.0,169.0,49.0,7918
450,415,SUNSHINE WEST,3,2,2,-37.775,144.8333,5655.2,1159.4,1384.3,3950.7,1418.2,474.8,19533,147.0,-90.0,306.0,9172
451,580,SUNSHINE WEST,5,2,2,-37.775,144.8333,5655.2,1159.4,1384.3,3950.7,1418.2,474.8,19533,147.0,-90.0,306.0,9172
452,430,SUNSHINE WEST,3,2,4,-37.775,144.8333,5655.2,1159.4,1384.3,3950.7,1418.2,474.8,19533,147.0,-90.0,306.0,9172
453,895,MARIBYRNONG,4,2,2,-37.7808,144.9354,4724.4,1245.2,2870.4,3469.2,2400.0,871.6,12950,133.0,1.0,364.0,8028
454,725,MARIBYRNONG,5,3,2,-37.7808,144.9354,4724.4,1245.2,2870.4,3469.2,2400.0,871.6,12950,133.0,1.0,364.0,8028
455,440,GOWANBRAE,3,2,2,-37.7013,144.881,12983.9,5550.7,740.6,5455.7,2043.4,684.9,3042,32.0,0.0,17.0,1797
456,350,TULLAMARINE,2,1,1,-37.7013,144.881,12983.9,5550.7,740.6,5455.7,2043.4,684.9,6698,63.0,-98.0,95.0,3502
457,1300,MOUNT ELIZA,4,2,2,-38.1943,145.0926,8515.4,8347.2,5443.0,3067.1,1466.7,1847.3,18696,2.0,0.0,145.0,11375
458,740,MOUNT ELIZA,4,2,2,-38.1943,145.0926,8515.4,8347.2,5443.0,3067.1,1466.7,1847.3,18696,2.0,0.0,145.0,11375
459,635,MOUNT ELIZA,4,2,2,-38.1943,145.0926,8515.4,8347.2,5443.0,3067.1,1466.7,1847.3,18696,2.0,0.0,145.0,11375
460,770,BLACKBURN SOUTH,4,3,1,-37.8232,145.1511,5255.6,755.0,3782.9,1195.6,1864.2,744.1,11229,2.0,-69.0,156.0,6011
461,430,FOREST HILL,3,1,1,-37.8275,145.1739,8483.6,954.3,2661.8,3362.5,1515.0,1941.0,11074,5.0,4.0,200.0,6100
462,690,FOREST HILL,4,2,2,-37.8275,145.1739,8483.6,954.3,2661.8,3362.5,1515.0,1941.0,11074,5.0,4.0,200.0,6100
463,440,DELAHEY,3,2,2,-37.7034,144.7619,1338.7,2537.4,1967.6,5678.8,2815.4,2055.4,8841,45.0,-124.0,81.0,4418
464,530,WOODEND,4,2,2,-37.3174,144.5993,26527.2,41790.9,23049.8,35964.4,25059.4,10847.1,7043,11.0,113.0,24.0,4143
465,550,WOLLERT,4,2,4,-37.5833,145.0333,27447.7,8175.7,7576.3,8823.7,5185.7,872.4,9493,315.0,1443.0,252.0,5750
466,250,MOUNT EVELYN,1,1,1,-37.7833,145.3833,14615.7,5572.9,711.0,5024.2,5012.6,1476.5,10081,116.0,-65.0,38.0,5834
467,490,BROADMEADOWS,3,2,2,-37.6708,144.9354,15061.3,1810.7,4830.2,3338.2,3110.0,816.1,13916,147.0,-270.0,432.0,5159
468,450,TEMPLESTOWE,3,1,2,-37.75,145.1167,10693.2,4604.5,6009.8,8181.7,9793.8,6380.0,17682,-37.0,-142.0,235.0,10665
469,820,TEMPLESTOWE,4,2,2,-37.75,145.1167,10693.2,4604.5,6009.8,8181.7,9793.8,6380.0,17682,-37.0,-142.0,235.0,10665
470,420,AIRPORT WEST,3,1,1,-37.7247,144.8813,9895.3,7463.5,2437.9,4562.5,1571.1,896.1,7903,42.0,24.0,63.0,4480
471,650,LANGWARRIN,4,2,2,-38.1667,145.1667,3506.3,3657.1,6084.6,1217.9,2155.6,2627.1,24694,233.0,-70.0,69.0,14621
472,400,THOMASTOWN,3,1,5,-37.6833,145.0167,14131.0,585.5,1067.3,4024.4,4280.2,1478.7,21485,182.0,-496.0,362.0,9715
473,460,HEIDELBERG WEST,3,1,2,-37.7531,145.0385,6474.7,2807.3,1787.8,1752.6,2309.1,352.0,14806,140.0,-40.0,212.0,7362
474,0,HEIDELBERG WEST,2,1,1,-37.7531,145.0385,6474.7,2807.3,1787.8,1752.6,2309.1,352.0,14806,140.0,-40.0,212.0,7362
475,520,FRANKSTON SOUTH,4,1,2,-38.1333,145.1333,4568.4,1442.2,685.2,0.0,2060.5,1847.7,18995,32.0,-37.0,123.0,11104
476,500,SOMERVILLE,3,2,2,-38.2186,145.2182,9392.4,6435.0,4854.6,10188.3,11544.9,3464.7,18878,76.0,113.0,50.0,11166
477,550,COBURG NORTH,3,1,2,-37.75,144.9667,3099.5,888.5,1617.6,1255.4,3204.2,1478.4,8112,59.0,99.0,140.0,4649
478,350,SUNSHINE NORTH,3,1,1,-37.775,144.8333,5655.2,1159.4,1384.3,3950.7,1418.2,474.8,12123,75.0,-67.0,200.0,5690
479,390,WALLAN,4,2,2,-37.418,145.0166,56845.3,25412.9,16742.7,19610.5,25750.8,3562.8,16747,215.0,442.0,62.0,9623
480,450,BURNSIDE HEIGHTS,3,2,2,-37.7541,144.7651,3773.4,4544.8,5859.0,2764.3,1320.5,1817.3,6431,93.0,-52.0,87.0,3251
481,400,HILLSIDE,3,1,3,-37.7034,144.7619,1338.7,2537.4,1967.6,5678.8,2815.4,2055.4,21305,318.0,1101.0,189.0,11999
