,suburb,erp_2016,erp_2017,erp_2018,natural_increase_2016_17,net_internal_migration_2016_17,net_overseas_migration_2016_17,natural_increase_2017_18,net_internal_migration_2017_18,net_overseas_migration_2017_18,natural_increase_2018_19,net_internal_migration_2018_19,net_overseas_migration_2018_19,2016income,2017income,2018income
0,NAGAMBIE,4048,4110,4200,4.0,38.0,20.0,-3.0,71.0,22.0,1.0,46.0,22.0," 2,255 "," 2,360 ","2,426"
1,WANGARATTA REGION,9652,9741,9768,44.0,29.0,16.0,23.0,-11.0,15.0,41.0,-47.0,14.0," 5,959 "," 6,041 ","6,143"
2,TOWONG,6014,6012,6027,-4.0,-12.0,14.0,-4.0,10.0,9.0,-23.0,2.0,8.0," 3,544 "," 3,636 ","3,605"
3,WEST WODONGA,15181,15233,15323,109.0,-109.0,52.0,71.0,-37.0,56.0,65.0,-4.0,57.0," 8,348 "," 8,570 ","8,661"
4,WODONGA,24919,25579,26106,223.0,301.0,136.0,198.0,193.0,136.0,201.0,197.0,138.0," 14,065 "," 14,597 ","15,048"
5,YACKANDANDAH,4578,4586,4627,12.0,-13.0,9.0,24.0,8.0,9.0,1.0,48.0,8.0," 2,876 "," 2,941 ","3,001"
6,DROUIN,16435,17112,17777,123.0,522.0,32.0,125.0,507.0,33.0,137.0,507.0,32.0," 8,842 "," 9,215 ","9,763"
7,MOUNT BAW BAW REGION,6095,6114,6147,7.0,-2.0,14.0,4.0,16.0,13.0,24.0,8.0,12.0," 3,535 "," 3,642 ","3,730"
8,WARRAGUL,19088,19584,20148,119.0,307.0,70.0,32.0,458.0,74.0,82.0,461.0,73.0," 11,208 "," 11,694 ","12,240"
9,ALPS - EAST,3,3,3,0.0,0.0,0.0,0.0,0.0,0.0,0.0,0.0,0.0, 4 , 3 , 3 
10,BAIRNSDALE,14899,15167,15409,21.0,203.0,44.0,17.0,192.0,33.0,12.0,112.0,32.0," 7,781 "," 7,942 ","8,186"
11,BRUTHEN - OMEO,7902,7999,8087,20.0,58.0,19.0,15.0,54.0,19.0,46.0,19.0,19.0," 4,459 "," 4,577 ","4,665"
12,LAKE KING,0,0,0,0.0,0.0,0.0,0.0,0.0,0.0,0.0,0.0,0.0, np , np , np 
13,LAKES ENTRANCE,10038,10147,10303,-22.0,111.0,20.0,-22.0,158.0,20.0,-54.0,128.0,20.0," 5,110 "," 5,288 ","5,343"
14,ORBOST,6497,6468,6475,-29.0,-14.0,14.0,-26.0,20.0,13.0,-5.0,-34.0,12.0," 3,133 "," 3,199 ","3,260"
15,PAYNESVILLE,6374,6485,6662,-38.0,138.0,11.0,-38.0,204.0,11.0,-47.0,213.0,10.0," 3,229 "," 3,321 ","3,462"
16,FOSTER,8897,8954,8994,0.0,31.0,26.0,-5.0,18.0,27.0,-5.0,64.0,26.0," 4,858 "," 4,916 ","4,997"
17,FRENCH ISLAND,114,114,114,0.0,0.0,0.0,0.0,0.0,0.0,0.0,0.0,0.0, 60 , 53 , 43 
18,KORUMBURRA,9253,9341,9443,17.0,41.0,30.0,20.0,66.0,16.0,36.0,91.0,16.0," 5,139 "," 5,290 ","5,427"
19,LEONGATHA,11202,11248,11358,0.0,14.0,32.0,9.0,70.0,31.0,-23.0,103.0,32.0," 6,332 "," 6,431 ","6,495"
20,WEST WIMMERA,2782,2750,2716,1.0,-36.0,3.0,-3.0,-33.0,2.0,-4.0,-1.0,2.0," 1,593 "," 1,597 ","1,616"
21,PHILLIP ISLAND,10686,11037,11416,17.0,283.0,51.0,-12.0,339.0,52.0,-14.0,297.0,51.0," 6,018 "," 6,338 ","6,534"
22,WILSONS PROMONTORY,13,13,13,0.0,0.0,0.0,0.0,0.0,0.0,0.0,0.0,0.0, 8 , 10 , 9 
23,WONTHAGGI - INVERLOCH,22577,23125,23685,-20.0,504.0,64.0,-44.0,533.0,71.0,-13.0,593.0,69.0," 11,702 "," 12,212 ","12,695"
24,CHURCHILL,11594,11576,11590,54.0,-114.0,42.0,51.0,-84.0,47.0,51.0,-58.0,45.0," 6,177 "," 6,268 ","6,326"
25,MOE - NEWBOROUGH,16840,16831,16810,-13.0,-34.0,38.0,12.0,-70.0,37.0,-22.0,-5.0,38.0," 7,726 "," 7,888 ","8,017"
26,MORWELL,14024,14008,14025,16.0,-75.0,43.0,35.0,-61.0,43.0,-32.0,7.0,42.0," 5,885 "," 5,929 ","6,029"
27,TRARALGON,27361,27667,27958,105.0,89.0,112.0,127.0,52.0,112.0,90.0,50.0,109.0," 14,980 "," 15,266 ","15,725"
28,YALLOURN NORTH - GLENGARRY,4643,4645,4645,37.0,-39.0,4.0,8.0,-12.0,4.0,22.0,21.0,4.0," 2,598 "," 2,621 ","2,708"
29,ALPS - WEST,24,24,24,0.0,0.0,0.0,0.0,0.0,0.0,0.0,0.0,0.0, 30 , 23 , 19 
30,LONGFORD - LOCH SPORT,4367,4398,4403,8.0,7.0,16.0,-12.0,0.0,17.0,1.0,32.0,16.0," 2,177 "," 2,220 ","2,291"
31,MAFFRA,13973,14099,14197,34.0,24.0,68.0,26.0,2.0,70.0,59.0,10.0,69.0," 7,684 "," 7,703 ","7,910"
32,ROSEDALE,4791,4865,4870,23.0,34.0,17.0,27.0,-40.0,18.0,29.0,1.0,18.0," 2,285 "," 2,238 ","2,281"
33,BURWOOD EAST,10772,10871,10976,15.0,-261.0,345.0,24.0,-281.0,362.0,2.0,-251.0,359.0," 6,049 "," 6,293 ","6,275"
34,LILYDALE - COLDSTREAM,19448,19630,19780,90.0,13.0,79.0,132.0,-58.0,76.0,149.0,-144.0,75.0," 11,457 "," 11,549 ","11,566"
35,SURREY HILLS (EAST) - MONT ALBERT,10456,10532,10607,28.0,-112.0,160.0,33.0,-99.0,141.0,27.0,-93.0,133.0," 6,709 "," 6,842 ","6,925"
36,BRIGHTON EAST,16718,16774,16883,-57.0,-70.0,183.0,-38.0,-28.0,175.0,-22.0,-79.0,173.0," 10,044 "," 10,278 ","10,293"
37,SOUTH YARRA - EAST,22350,23657,24654,168.0,324.0,815.0,162.0,116.0,719.0,147.0,-433.0,683.0," 15,467 "," 16,102 ","16,272"
38,CHELTENHAM - HIGHETT (WEST),11463,11750,12142,76.0,89.0,122.0,79.0,199.0,114.0,79.0,22.0,110.0," 7,021 "," 7,219 ","7,438"
39,MONBULK - SILVAN,5827,5855,5859,41.0,-42.0,29.0,28.0,-52.0,28.0,38.0,-76.0,28.0," 3,497 "," 3,581 ","3,592"
40,YARRIAMBIACK,6693,6632,6610,-43.0,-34.0,16.0,-28.0,-9.0,15.0,-52.0,8.0,14.0," 3,600 "," 3,602 ","3,555"
41,BEACONSFIELD - OFFICER,13612,15446,17576,235.0,1513.0,86.0,251.0,1798.0,81.0,330.0,1874.0,79.0," 9,147 "," 10,481 ","11,922"
42,HADFIELD,5911,5982,6036,45.0,-30.0,56.0,47.0,-38.0,45.0,80.0,5.0,44.0," 2,786 "," 2,971 ","3,124"
43,BRUNSWICK EAST,11716,12560,13301,104.0,420.0,320.0,87.0,361.0,293.0,84.0,99.0,281.0," 7,948 "," 8,331 ","8,757"
44,TOORAK,14036,14126,14187,2.0,-74.0,162.0,4.0,-84.0,141.0,15.0,-65.0,134.0," 10,096 "," 10,250 ","10,071"
45,CAMBERWELL,22646,22902,23021,-60.0,34.0,282.0,-79.0,-68.0,266.0,-45.0,-65.0,253.0," 14,144 "," 14,527 ","14,501"
46,SURREY HILLS (WEST) - CANTERBURY,17126,17295,17397,0.0,-16.0,185.0,-5.0,-57.0,164.0,-30.0,-64.0,155.0," 10,940 "," 11,079 ","11,103"
47,SUNBURY,13238,13306,13397,62.0,-41.0,47.0,77.0,-31.0,45.0,100.0,17.0,44.0," 7,829 "," 8,035 ","8,242"
48,HAMPTON,18611,18868,19103,105.0,-69.0,221.0,82.0,-62.0,215.0,47.0,-19.0,213.0," 11,134 "," 11,338 ","11,547"
49,SUNBURY - SOUTH,27686,28452,29373,166.0,471.0,129.0,228.0,569.0,124.0,244.0,897.0,121.0," 15,982 "," 16,703 ","17,563"
50,BUNYIP - GARFIELD,8928,9026,9154,26.0,54.0,18.0,44.0,66.0,18.0,62.0,112.0,18.0," 5,195 "," 5,411 ","5,567"
51,EMERALD - COCKATOO,18580,18722,18776,112.0,-11.0,41.0,85.0,-69.0,38.0,107.0,-16.0,38.0," 10,803 "," 10,939 ","11,140"
52,KOO WEE RUP,7666,7965,8152,47.0,236.0,16.0,53.0,120.0,14.0,70.0,330.0,14.0," 4,311 "," 4,514 ","4,848"
53,HUGHESDALE,8038,8184,8286,43.0,-110.0,213.0,68.0,-152.0,186.0,53.0,-102.0,181.0," 4,410 "," 4,528 ","4,600"
54,ALFREDTON,11852,12522,13291,111.0,490.0,69.0,132.0,566.0,71.0,127.0,582.0,69.0," 7,124 "," 7,558 ","7,989"
55,MURRUMBEENA,9809,9915,9992,50.0,-172.0,228.0,44.0,-182.0,215.0,35.0,-135.0,208.0," 5,966 "," 6,136 ","6,259"
56,GANNAWARRA,6661,6682,6653,2.0,16.0,3.0,-4.0,-27.0,2.0,-20.0,-39.0,2.0," 3,604 "," 3,654 ","3,642"
57,ORMOND - GLEN HUNTLY,14057,14283,14525,116.0,-399.0,509.0,117.0,-389.0,514.0,110.0,-417.0,509.0," 8,419 "," 8,869 ","9,185"
58,BENTLEIGH EAST (NORTH),15482,15732,16029,85.0,-78.0,243.0,95.0,3.0,199.0,93.0,217.0,193.0," 8,799 "," 9,067 ","9,401"
59,BENTLEIGH EAST (SOUTH),13767,14023,14191,83.0,24.0,149.0,47.0,-21.0,142.0,76.0,18.0,137.0," 7,796 "," 8,086 ","8,190"
60,ASPENDALE GARDENS - WATERWAYS,9427,9451,9489,59.0,-114.0,79.0,30.0,-72.0,80.0,42.0,-118.0,83.0," 5,435 "," 5,541 ","5,618"
61,BRAESIDE,60,60,60,0.0,0.0,0.0,0.0,0.0,0.0,0.0,0.0,0.0, 160 , 156 , 138 
62,BALLARAT,12301,12227,12175,-34.0,-126.0,86.0,-33.0,-105.0,86.0,-33.0,-2.0,85.0," 7,470 "," 7,585 ","7,595"
63,ALPHINGTON - FAIRFIELD,9434,9650,9774,87.0,-25.0,154.0,54.0,-75.0,145.0,66.0,27.0,141.0," 5,678 "," 5,819 ","5,937"
64,BALLARAT - NORTH,23539,23902,24147,98.0,175.0,90.0,117.0,32.0,96.0,83.0,134.0,93.0," 12,889 "," 13,356 ","13,598"
65,CARLTON,20242,21835,23261,91.0,-518.0,2020.0,59.0,-727.0,2094.0,52.0,-651.0,2030.0," 8,400 "," 9,030 ","9,422"
66,BALLARAT - SOUTH,24654,25029,25390,142.0,87.0,146.0,119.0,91.0,151.0,109.0,-58.0,153.0," 11,905 "," 12,294 ","12,722"
67,CRESWICK - CLUNES,7870,7928,7997,-6.0,50.0,14.0,10.0,46.0,13.0,24.0,55.0,12.0," 4,102 "," 4,149 ","4,294"
68,DAYLESFORD,9117,9165,9261,-25.0,33.0,40.0,-11.0,68.0,39.0,-25.0,52.0,38.0," 5,176 "," 5,276 ","5,363"
69,AVOCA,3323,3330,3352,3.0,-1.0,5.0,5.0,13.0,4.0,-1.0,9.0,4.0," 1,668 "," 1,696 ","1,724"
70,BEAUFORT,4454,4485,4450,-17.0,42.0,6.0,0.0,-41.0,6.0,-4.0,96.0,6.0," 2,136 "," 2,165 ","2,268"
71,GOLDEN PLAINS - NORTH,4540,4635,4742,24.0,66.0,5.0,32.0,70.0,5.0,35.0,79.0,6.0," 2,379 "," 2,461 ","2,520"
72,MARYBOROUGH REGION,5278,5327,5364,-16.0,57.0,8.0,-14.0,43.0,8.0,-26.0,9.0,8.0," 2,432 "," 2,482 ","2,476"
73,SEDDON - KINGSVILLE,9711,9875,10013,151.0,-112.0,125.0,113.0,-106.0,131.0,116.0,-136.0,128.0," 5,766 "," 5,893 ","6,027"
74,BUNINYONG,7311,7491,7584,48.0,85.0,47.0,22.0,24.0,47.0,33.0,49.0,46.0," 4,118 "," 4,195 ","4,249"
75,DELACOMBE,7195,7487,7873,73.0,200.0,19.0,74.0,292.0,20.0,63.0,538.0,20.0," 4,085 "," 4,312 ","4,723"
76,CASTLEMAINE REGION,8621,8690,8722,-4.0,54.0,19.0,13.0,0.0,19.0,-20.0,76.0,19.0," 4,704 "," 4,816 ","5,017"
77,HEATHCOTE,4529,4562,4635,-29.0,57.0,5.0,-18.0,86.0,5.0,-9.0,58.0,6.0," 2,147 "," 2,214 ","2,258"
78,SMYTHES CREEK,3990,3992,4021,22.0,-20.0,0.0,27.0,2.0,0.0,33.0,26.0,0.0," 2,413 "," 2,504 ","2,583"
79,WENDOUREE - MINERS REST,14826,14907,15012,41.0,-44.0,84.0,37.0,-16.0,84.0,61.0,-55.0,83.0," 6,954 "," 7,151 ","7,380"
80,BACCHUS MARSH REGION,5982,6062,6152,9.0,61.0,10.0,36.0,45.0,9.0,34.0,16.0,10.0," 3,495 "," 3,501 ","3,572"
81,BENDIGO,14770,14737,14737,-47.0,-86.0,100.0,-48.0,-58.0,106.0,-29.0,-37.0,108.0," 7,546 "," 7,726 ","7,941"
82,CALIFORNIA GULLY - EAGLEHAWK,12130,12403,12675,57.0,178.0,38.0,52.0,183.0,37.0,81.0,184.0,38.0," 5,946 "," 6,185 ","6,334"
83,KYNETON,9782,9914,10081,-15.0,109.0,38.0,4.0,126.0,37.0,2.0,105.0,38.0," 5,628 "," 5,769 ","5,928"
84,EAST BENDIGO - KENNINGTON,13750,13778,13784,-50.0,10.0,68.0,-1.0,-68.0,75.0,-21.0,-8.0,73.0," 7,889 "," 7,944 ","8,176"
85,FLORA HILL - SPRING GULLY,9493,9537,9601,58.0,-84.0,70.0,59.0,-70.0,75.0,60.0,-42.0,73.0," 5,115 "," 5,286 ","5,407"
86,WOODEND,7043,7191,7348,11.0,113.0,24.0,16.0,117.0,24.0,16.0,124.0,24.0," 4,143 "," 4,295 ","4,410"
87,BENDIGO REGION - NORTH,4413,4478,4554,29.0,32.0,4.0,18.0,54.0,4.0,17.0,5.0,4.0," 2,490 "," 2,535 ","2,650"
88,KANGAROO FLAT - GOLDEN SQUARE,19947,20129,20330,51.0,30.0,101.0,43.0,54.0,104.0,23.0,108.0,102.0," 10,399 "," 10,629 ","10,845"
89,LODDON,7098,7052,7055,-17.0,-43.0,14.0,-14.0,4.0,13.0,-19.0,-14.0,13.0," 3,493 "," 3,571 ","3,601"
90,MAIDEN GULLY,5155,5254,5382,50.0,37.0,12.0,51.0,66.0,11.0,57.0,6.0,12.0," 3,077 "," 3,163 ","3,289"
91,BANNOCKBURN,6549,6872,7116,35.0,276.0,12.0,56.0,177.0,11.0,30.0,189.0,12.0," 3,895 "," 4,064 ","4,214"
92,GOLDEN PLAINS - SOUTH,6937,7069,7239,48.0,68.0,16.0,56.0,100.0,14.0,41.0,139.0,14.0," 4,093 "," 4,291 ","4,381"
93,WINCHELSEA,5824,5830,5864,14.0,-15.0,7.0,17.0,10.0,7.0,5.0,77.0,6.0," 3,647 "," 3,723 ","3,854"
94,SHEPPARTON REGION - WEST,10279,10378,10388,20.0,30.0,49.0,48.0,-88.0,50.0,37.0,-45.0,49.0," 5,674 "," 5,719 ","5,784"
95,STRATHFIELDSAYE,8775,9073,9484,79.0,197.0,22.0,73.0,314.0,24.0,85.0,312.0,24.0," 5,432 "," 5,666 ","5,906"
96,DOCKLANDS,11832,13694,14985,133.0,736.0,993.0,147.0,504.0,640.0,183.0,13.0,520.0," 8,957 "," 10,207 ","11,263"
97,WHITE HILLS - ASCOT,11914,12544,13129,213.0,362.0,55.0,173.0,356.0,56.0,183.0,422.0,55.0," 6,962 "," 7,229 ","7,636"
98,BENDIGO REGION - SOUTH,7346,7565,7770,56.0,151.0,12.0,64.0,130.0,11.0,46.0,63.0,12.0," 4,278 "," 4,488 ","4,634"
99,CASTLEMAINE,10770,10899,11047,-58.0,138.0,49.0,-50.0,148.0,50.0,-21.0,121.0,49.0," 5,468 "," 5,512 ","5,656"
100,BELMONT,14312,14523,14610,84.0,-6.0,133.0,30.0,-77.0,134.0,42.0,-17.0,130.0," 8,134 "," 8,359 ","8,573"
101,CORIO - NORLANE,27029,27294,27441,189.0,-174.0,250.0,151.0,-268.0,264.0,180.0,-318.0,268.0," 11,042 "," 11,390 ","11,874"
102,GEELONG,13077,13282,13500,18.0,-4.0,191.0,55.0,-35.0,198.0,31.0,-142.0,198.0," 7,888 "," 8,109 ","8,404"
103,EAST MELBOURNE,5475,5661,5743,6.0,42.0,138.0,-1.0,-13.0,96.0,8.0,76.0,91.0," 3,792 "," 3,823 ","3,899"
104,GEELONG WEST - HAMLYN HEIGHTS,20021,20242,20571,187.0,-149.0,183.0,174.0,-39.0,194.0,120.0,-16.0,195.0," 11,678 "," 12,087 ","12,521"
105,GROVEDALE,23790,25597,27561,61.0,1512.0,234.0,78.0,1690.0,196.0,144.0,1482.0,192.0," 14,364 "," 15,459 ","16,948"
106,CORANGAMITE - SOUTH,7274,7225,7177,30.0,-101.0,22.0,10.0,-82.0,24.0,9.0,-107.0,24.0," 4,321 "," 4,377 ","4,425"
107,HIGHTON,22794,23062,23451,99.0,-101.0,270.0,105.0,13.0,271.0,105.0,-23.0,265.0," 13,542 "," 14,072 ","14,219"
108,LARA,18587,19240,19978,139.0,412.0,102.0,137.0,499.0,102.0,147.0,355.0,99.0," 10,079 "," 10,543 ","10,905"
109,FLEMINGTON RACECOURSE,91,91,91,0.0,0.0,0.0,0.0,0.0,0.0,0.0,0.0,0.0, 47 , 59 , 65 
110,OTWAY,3556,3569,3579,-4.0,-19.0,36.0,12.0,-37.0,35.0,-1.0,-4.0,34.0," 2,315 "," 2,297 ","2,360"
111,LEOPOLD,13140,13528,13753,113.0,227.0,48.0,71.0,106.0,48.0,69.0,-32.0,46.0," 7,478 "," 7,584 ","7,644"
112,CLIFTON SPRINGS,13593,14083,14636,9.0,445.0,36.0,41.0,476.0,36.0,31.0,696.0,36.0," 7,748 "," 8,035 ","8,521"
113,LORNE - ANGLESEA,5261,5334,5407,-22.0,59.0,36.0,-12.0,49.0,36.0,-13.0,14.0,36.0," 3,361 "," 3,462 ","3,489"
114,NEWCOMB - MOOLAP,14873,14903,14950,-48.0,13.0,65.0,-53.0,35.0,65.0,-6.0,110.0,65.0," 7,595 "," 7,881 ","8,051"
115,OCEAN GROVE - BARWON HEADS,24177,25360,26648,137.0,915.0,131.0,161.0,996.0,131.0,187.0,1090.0,128.0," 15,041 "," 15,717 ","16,554"
116,NORTH GEELONG - BELL PARK,15040,15262,15404,-27.0,129.0,120.0,-13.0,29.0,126.0,-12.0,224.0,127.0," 7,863 "," 8,152 ","8,438"
117,POINT LONSDALE - QUEENSCLIFF,4249,4320,4400,-13.0,65.0,19.0,-25.0,85.0,20.0,-31.0,107.0,20.0," 2,789 "," 2,919 ","2,993"
118,MELBOURNE,40181,45327,49247,192.0,893.0,4061.0,229.0,-81.0,3772.0,235.0,-1033.0,3445.0," 24,075 "," 26,083 ","27,182"
119,PORTARLINGTON,7517,7685,7915,-36.0,194.0,10.0,-35.0,256.0,9.0,-26.0,259.0,10.0," 3,884 "," 4,108 ","4,318"
120,TORQUAY,19131,19892,20669,166.0,471.0,124.0,195.0,453.0,129.0,173.0,793.0,131.0," 12,298 "," 12,755 ","13,537"
121,ALEXANDRA,6474,6534,6619,-12.0,35.0,37.0,-31.0,79.0,37.0,-38.0,33.0,36.0," 3,644 "," 3,735 ","3,692"
122,EUROA,6316,6375,6442,-15.0,58.0,16.0,-38.0,89.0,16.0,-23.0,71.0,16.0," 3,613 "," 3,633 ","3,678"
123,KILMORE - BROADFORD,14098,14501,14921,72.0,254.0,77.0,53.0,286.0,81.0,76.0,439.0,79.0," 7,477 "," 7,771 ","8,053"
124,SEYMOUR,6403,6405,6423,-9.0,-67.0,78.0,12.0,-71.0,77.0,-18.0,-28.0,75.0," 3,214 "," 3,355 ","3,386"
125,SEYMOUR REGION,4487,4533,4511,37.0,-10.0,19.0,48.0,-90.0,20.0,37.0,-98.0,20.0," 2,286 "," 2,355 ","2,454"
126,UPPER YARRA VALLEY,184,186,192,0.0,2.0,0.0,3.0,3.0,0.0,0.0,2.0,0.0, 86 , 96 , 97 
127,YEA,3606,3649,3732,-13.0,44.0,12.0,-8.0,80.0,11.0,-1.0,13.0,12.0," 2,041 "," 2,097 ","2,109"
128,NORTH MELBOURNE,22106,23673,25367,122.0,-91.0,1536.0,147.0,284.0,1263.0,161.0,-284.0,1215.0," 12,853 "," 13,534 ","14,582"
129,BENALLA,10420,10421,10435,-45.0,26.0,20.0,-36.0,30.0,20.0,-28.0,23.0,20.0," 5,419 "," 5,524 ","5,693"
130,BENALLA REGION,3623,3627,3659,8.0,-10.0,6.0,11.0,15.0,6.0,9.0,-9.0,6.0," 2,156 "," 2,199 ","2,223"
131,RUTHERGLEN,3907,3945,4000,3.0,19.0,16.0,2.0,38.0,15.0,1.0,34.0,14.0," 2,250 "," 2,296 ","2,336"
132,PARKVILLE,7898,8283,8447,-13.0,21.0,377.0,9.0,-147.0,302.0,-40.0,62.0,287.0," 3,626 "," 3,920 ","4,045"
133,SOUTH YARRA - WEST,6453,6814,6924,-7.0,204.0,164.0,-15.0,1.0,124.0,-28.0,-4.0,118.0," 4,720 "," 5,182 ","5,106"
134,WANGARATTA,18940,19112,19318,7.0,107.0,58.0,-7.0,149.0,64.0,-31.0,60.0,64.0," 10,216 "," 10,429 ","10,527"
135,BEECHWORTH,4632,4726,4785,-17.0,102.0,9.0,-26.0,76.0,9.0,-4.0,65.0,8.0," 2,645 "," 2,704 ","2,784"
136,BRIGHT - MOUNT BEAUTY,8299,8372,8478,-1.0,21.0,53.0,13.0,35.0,58.0,-7.0,-3.0,58.0," 4,797 "," 4,954 ","5,025"
137,CHILTERN - INDIGO VALLEY,3117,3120,3126,15.0,-12.0,0.0,8.0,-2.0,0.0,18.0,19.0,0.0," 1,882 "," 1,894 ","1,925"
138,MYRTLEFORD,4742,4740,4724,-38.0,15.0,21.0,-34.0,0.0,18.0,-41.0,52.0,18.0," 2,686 "," 2,787 ","2,828"
139,SALE,14891,14926,15021,56.0,-97.0,76.0,28.0,-10.0,77.0,10.0,29.0,75.0," 7,890 "," 8,041 ","8,160"
140,YARRAM,5371,5390,5413,-7.0,19.0,7.0,-14.0,30.0,7.0,-1.0,26.0,6.0," 2,750 "," 2,787 ","2,856"
141,BRUNSWICK,27435,28220,29186,181.0,-73.0,677.0,193.0,132.0,641.0,172.0,8.0,627.0," 17,741 "," 18,263 ","19,004"
142,MOYNE - EAST,6709,6667,6669,17.0,-79.0,20.0,38.0,-56.0,20.0,25.0,-29.0,20.0," 3,879 "," 3,954 ","4,081"
143,BRUNSWICK WEST,14523,14763,15169,97.0,-218.0,361.0,77.0,-11.0,340.0,96.0,-52.0,330.0," 8,887 "," 9,195 ","9,397"
144,COBURG,27802,28240,28660,192.0,-318.0,564.0,244.0,-381.0,557.0,214.0,-227.0,555.0," 15,929 "," 16,470 ","16,841"
145,PASCOE VALE SOUTH,10465,10763,10969,55.0,127.0,116.0,59.0,36.0,111.0,43.0,-38.0,107.0," 6,140 "," 6,270 ","6,446"
146,SOUTHBANK,20288,22210,24424,180.0,815.0,927.0,179.0,1269.0,766.0,184.0,1007.0,709.0," 13,321 "," 14,398 ","15,422"
147,NORTHCOTE,26424,26989,27523,144.0,91.0,330.0,132.0,100.0,302.0,158.0,-58.0,290.0," 16,022 "," 16,448 ","16,821"
148,THORNBURY,19578,19880,20144,135.0,-86.0,253.0,128.0,-102.0,238.0,105.0,-100.0,232.0," 11,439 "," 11,884 ","12,125"
149,ASCOT VALE,15497,15906,16256,199.0,-81.0,291.0,204.0,-132.0,278.0,184.0,-204.0,272.0," 9,239 "," 9,589 ","9,771"
150,ARMADALE,9619,9783,10306,50.0,-3.0,117.0,51.0,369.0,103.0,63.0,33.0,99.0," 6,486 "," 6,846 ","6,974"
151,ESSENDON - ABERFELDIE,28946,29749,30375,132.0,197.0,474.0,98.0,74.0,454.0,84.0,26.0,442.0," 18,304 "," 18,810 ","19,182"
152,FLEMINGTON,10734,10858,11194,133.0,-388.0,379.0,106.0,-151.0,381.0,103.0,-326.0,374.0," 5,605 "," 5,944 ","6,212"
153,MOONEE PONDS,15158,15441,15728,100.0,-89.0,272.0,70.0,-39.0,256.0,52.0,22.0,249.0," 9,269 "," 9,601 ","10,067"
154,WEST MELBOURNE,3,3,3,0.0,0.0,0.0,0.0,0.0,0.0,0.0,0.0,0.0, 6 , 8 , 7 
155,ALBERT PARK,16490,16738,17208,136.0,-220.0,332.0,117.0,61.0,292.0,108.0,212.0,278.0," 11,003 "," 11,491 ","11,685"
156,ELWOOD,16382,16566,16631,169.0,-234.0,249.0,159.0,-315.0,221.0,197.0,-283.0,209.0," 10,919 "," 10,926 ","11,046"
157,PORT MELBOURNE,17469,17682,17842,177.0,-211.0,247.0,148.0,-227.0,239.0,125.0,-157.0,239.0," 11,043 "," 11,181 ","11,132"
158,PRAHRAN - WINDSOR,21275,21742,22040,108.0,-155.0,514.0,100.0,-282.0,480.0,96.0,-368.0,466.0," 14,996 "," 15,009 ","15,150"
159,PORT MELBOURNE INDUSTRIAL,25,25,259,0.0,0.0,0.0,4.0,222.0,8.0,6.0,165.0,8.0, 236 , 385 , 610 
160,SOUTH MELBOURNE,12492,12761,13169,78.0,-97.0,288.0,86.0,59.0,263.0,53.0,34.0,253.0," 8,243 "," 8,697 ","8,953"
161,ST KILDA,28166,28934,29886,93.0,-259.0,934.0,127.0,-48.0,873.0,97.0,-385.0,849.0," 19,624 "," 20,032 ","20,537"
162,ST KILDA EAST,17613,17916,18262,195.0,-267.0,375.0,186.0,-201.0,361.0,153.0,-185.0,353.0," 11,686 "," 12,058 ","12,218"
163,ABBOTSFORD,8770,9453,9855,63.0,355.0,265.0,76.0,120.0,206.0,77.0,-26.0,182.0," 6,365 "," 6,439 ","6,589"
164,CARLTON NORTH - PRINCES HILL,9058,9127,9180,51.0,-136.0,154.0,54.0,-144.0,143.0,55.0,-169.0,141.0," 5,983 "," 6,106 ","6,129"
165,COLLINGWOOD,9235,9826,10377,80.0,169.0,342.0,96.0,123.0,332.0,88.0,186.0,333.0," 5,698 "," 6,027 ","6,380"
166,FITZROY,11259,11479,11726,87.0,-152.0,285.0,107.0,-139.0,279.0,57.0,-155.0,275.0," 7,052 "," 7,083 ","7,189"
167,FITZROY NORTH,13129,13354,13615,88.0,-58.0,195.0,95.0,-8.0,174.0,103.0,40.0,171.0," 8,483 "," 8,553 ","8,812"
168,CARRUM - PATTERSON LAKES,12111,12319,12550,83.0,35.0,90.0,63.0,82.0,86.0,68.0,-43.0,85.0," 7,247 "," 7,302 ","7,424"
169,YARRA - NORTH,9606,9733,9882,84.0,-84.0,127.0,90.0,-54.0,113.0,67.0,234.0,107.0," 6,047 "," 6,158 ","6,261"
170,BALWYN,16679,16915,17071,-12.0,-108.0,356.0,-12.0,-164.0,332.0,-7.0,-244.0,324.0," 10,696 "," 10,868 ","11,052"
171,BALWYN NORTH,21440,21578,21701,-1.0,-186.0,325.0,18.0,-210.0,315.0,-2.0,-189.0,313.0," 13,032 "," 13,438 ","13,512"
172,MOYNE - WEST,9603,9680,9776,8.0,22.0,47.0,24.0,25.0,47.0,24.0,-4.0,45.0," 5,759 "," 5,765 ","5,852"
173,GLEN IRIS - EAST,17182,17423,17552,102.0,13.0,126.0,92.0,-85.0,122.0,105.0,-66.0,122.0," 11,196 "," 11,413 ","11,555"
174,HAWTHORN,24548,25048,25532,164.0,-196.0,532.0,164.0,-199.0,519.0,171.0,-54.0,512.0," 16,493 "," 17,176 ","17,287"
175,HAWTHORN EAST,16192,16625,16994,110.0,-6.0,329.0,95.0,-11.0,285.0,82.0,-108.0,276.0," 10,389 "," 10,774 ","11,148"
176,KEW,26504,26774,26915,50.0,-100.0,320.0,3.0,-156.0,294.0,39.0,-49.0,285.0," 16,786 "," 17,113 ","17,095"
177,KEW EAST,6855,6909,6916,47.0,-85.0,92.0,15.0,-93.0,85.0,38.0,-58.0,81.0," 4,185 "," 4,200 ","4,272"
178,BULLEEN,11565,11652,11765,32.0,-94.0,149.0,42.0,-71.0,142.0,23.0,-93.0,137.0," 6,722 "," 6,829 ","6,946"
179,BEAUMARIS,14250,14458,14606,11.0,83.0,114.0,43.0,0.0,105.0,26.0,40.0,100.0," 9,083 "," 9,252 ","9,258"
180,DONCASTER,21885,22718,23405,88.0,153.0,592.0,104.0,-55.0,638.0,106.0,316.0,638.0," 12,974 "," 13,582 ","14,237"
181,BOX HILL NORTH,18466,18702,18970,162.0,-394.0,468.0,109.0,-293.0,452.0,114.0,-319.0,454.0," 10,383 "," 10,768 ","11,124"
182,TEMPLESTOWE,17682,17738,17734,-37.0,-142.0,235.0,-48.0,-178.0,222.0,-54.0,-130.0,215.0," 10,665 "," 10,792 ","10,914"
183,TEMPLESTOWE LOWER,14305,14402,14451,-18.0,-22.0,137.0,-37.0,-61.0,147.0,-40.0,-74.0,147.0," 8,015 "," 8,163 ","8,144"
184,DONCASTER EAST (NORTH),15328,15438,15571,67.0,-215.0,258.0,35.0,-159.0,257.0,29.0,-101.0,250.0," 9,355 "," 9,650 ","9,886"
185,DONCASTER EAST (SOUTH),14596,14933,15139,61.0,-148.0,424.0,40.0,-259.0,425.0,35.0,204.0,420.0," 8,008 "," 8,309 ","8,612"
186,BLACKBURN,22291,22738,23055,60.0,28.0,359.0,62.0,-83.0,338.0,59.0,-48.0,328.0," 13,297 "," 13,726 ","14,088"
187,BLACKBURN SOUTH,11229,11318,11399,2.0,-69.0,156.0,20.0,-76.0,137.0,38.0,-62.0,123.0," 6,011 "," 6,167 ","6,283"
188,BOX HILL,20839,21703,22627,107.0,-320.0,1077.0,121.0,-237.0,1040.0,64.0,-378.0,1007.0," 11,812 "," 12,330 ","12,915"
189,BURWOOD,12900,13646,14198,17.0,-244.0,973.0,15.0,-360.0,897.0,19.0,-394.0,829.0," 6,364 "," 6,815 ","7,160"
190,SANDRINGHAM - BLACK ROCK,17517,17733,18032,-5.0,68.0,153.0,-8.0,150.0,157.0,-6.0,131.0,156.0," 10,925 "," 11,206 ","11,359"
191,BENTLEIGH - MCKINNON,23586,24092,24509,107.0,20.0,379.0,70.0,-9.0,356.0,70.0,123.0,346.0," 13,879 "," 14,517 ","15,047"
192,CARNEGIE,19091,19570,20137,161.0,-361.0,679.0,99.0,-169.0,637.0,122.0,-316.0,619.0," 10,976 "," 11,438 ","11,945"
193,CAULFIELD - NORTH,22288,22949,23273,197.0,-44.0,508.0,159.0,-236.0,401.0,127.0,-229.0,352.0," 14,098 "," 14,633 ","14,662"
194,CAULFIELD - SOUTH,18393,18589,18765,-7.0,-102.0,305.0,-12.0,-47.0,235.0,19.0,-83.0,225.0," 11,673 "," 11,818 ","11,675"
195,ELSTERNWICK,12110,12304,12499,118.0,-89.0,165.0,92.0,-47.0,150.0,76.0,-49.0,145.0," 7,717 "," 7,932 ","8,120"
196,CHELSEA - BONBEACH,14833,15136,15389,77.0,103.0,123.0,46.0,89.0,118.0,36.0,60.0,115.0," 8,431 "," 8,610 ","8,707"
197,CHELSEA HEIGHTS,5538,5586,5596,53.0,-29.0,24.0,46.0,-58.0,22.0,34.0,-31.0,22.0," 3,094 "," 3,158 ","3,165"
198,CHELTENHAM - HIGHETT (EAST),23449,23921,24586,120.0,62.0,290.0,140.0,235.0,290.0,65.0,110.0,289.0," 13,505 "," 13,946 ","14,549"
199,EDITHVALE - ASPENDALE,13376,13518,13756,78.0,-30.0,94.0,79.0,69.0,90.0,72.0,108.0,89.0," 7,770 "," 7,988 ","8,202"
200,MENTONE,13695,13872,14006,44.0,-72.0,205.0,34.0,-89.0,189.0,86.0,-85.0,178.0," 8,337 "," 8,524 ","8,596"
201,MOORABBIN - HEATHERTON,9253,9398,9566,41.0,-73.0,177.0,35.0,-49.0,182.0,38.0,-41.0,184.0," 5,288 "," 5,521 ","5,592"
202,MOORABBIN AIRPORT,0,0,0,0.0,0.0,0.0,0.0,0.0,0.0,0.0,0.0,0.0, 7 , 8 , 8 
203,MORDIALLOC - PARKDALE,20969,21287,21579,93.0,-57.0,282.0,64.0,-22.0,250.0,59.0,71.0,248.0," 12,368 "," 12,671 ","13,021"
204,MALVERN - GLEN IRIS,21148,21443,21617,56.0,-50.0,289.0,75.0,-156.0,255.0,47.0,-39.0,241.0," 13,978 "," 14,381 ","14,437"
205,MALVERN EAST,22575,23021,23477,65.0,-186.0,567.0,62.0,-115.0,509.0,52.0,-176.0,492.0," 13,497 "," 13,831 ","14,094"
206,BUNDOORA - EAST,10292,10385,10461,56.0,-156.0,193.0,65.0,-183.0,194.0,51.0,-150.0,191.0," 5,474 "," 5,660 ","5,821"
207,GREENSBOROUGH,21348,21484,21563,125.0,-104.0,115.0,115.0,-159.0,123.0,110.0,-131.0,125.0," 12,751 "," 12,960 ","13,043"
208,HAMPTON PARK - LYNBROOK,26780,27142,27470,367.0,-486.0,481.0,370.0,-502.0,460.0,329.0,-593.0,450.0," 12,832 "," 13,309 ","13,531"
209,HEIDELBERG - ROSANNA,15532,15877,16130,52.0,65.0,228.0,61.0,-23.0,215.0,-12.0,151.0,208.0," 9,126 "," 9,515 ","9,755"
210,HEIDELBERG WEST,14806,15118,15349,140.0,-40.0,212.0,127.0,-122.0,226.0,134.0,55.0,226.0," 7,362 "," 7,847 ","8,179"
211,PRESTON - EAST,21192,21864,22401,160.0,-15.0,527.0,105.0,-73.0,505.0,139.0,-128.0,495.0," 11,780 "," 12,110 ","12,549"
212,IVANHOE,11998,12437,12679,80.0,203.0,156.0,66.0,33.0,143.0,62.0,48.0,138.0," 7,720 "," 8,123 ","8,255"
213,PRESTON - WEST,12867,13152,13366,118.0,-82.0,249.0,100.0,-126.0,240.0,98.0,-90.0,234.0," 7,332 "," 7,586 ","7,839"
214,LYNBROOK - LYNDHURST,16067,16614,17132,243.0,12.0,292.0,204.0,34.0,280.0,213.0,-133.0,274.0," 8,733 "," 9,145 ","9,537"
215,IVANHOE EAST - EAGLEMONT,8119,8231,8253,-7.0,51.0,68.0,30.0,-71.0,63.0,22.0,-41.0,61.0," 5,450 "," 5,529 ","5,519"
216,KINGSBURY,11965,12583,13048,17.0,-9.0,610.0,26.0,-174.0,613.0,23.0,-444.0,627.0," 5,665 "," 6,110 ","6,278"
217,PEARCEDALE - TOORADIN,8035,8092,8155,64.0,-17.0,10.0,41.0,13.0,9.0,53.0,-42.0,10.0," 4,680 "," 4,719 ","4,796"
218,MONTMORENCY - BRIAR HILL,16792,16922,16991,116.0,-88.0,102.0,95.0,-123.0,97.0,68.0,-76.0,95.0," 10,034 "," 10,176 ","10,215"
219,BUNDOORA - WEST,6456,6532,6625,59.0,-190.0,207.0,49.0,-164.0,208.0,30.0,-150.0,203.0," 3,388 "," 3,454 ","3,521"
220,VIEWBANK - YALLAMBIE,19018,19117,19215,82.0,-175.0,192.0,93.0,-193.0,198.0,58.0,-230.0,199.0," 10,819 "," 11,003 ","11,035"
221,WATSONIA,9542,9613,9678,81.0,-70.0,60.0,90.0,-81.0,56.0,80.0,-118.0,57.0," 5,290 "," 5,384 ","5,516"
222,WEST FOOTSCRAY - TOTTENHAM,12058,12322,12613,148.0,-214.0,330.0,163.0,-187.0,315.0,148.0,-140.0,308.0," 7,018 "," 7,297 ","7,505"
223,RESERVOIR - EAST,28420,29034,29560,153.0,-194.0,655.0,183.0,-306.0,649.0,161.0,-329.0,635.0," 14,112 "," 14,937 ","15,566"
224,RESERVOIR - WEST,25246,25599,25837,129.0,-247.0,471.0,216.0,-442.0,464.0,167.0,-382.0,464.0," 13,053 "," 13,471 ","13,801"
225,ELTHAM,24008,24111,24206,141.0,-178.0,140.0,108.0,-161.0,148.0,116.0,-183.0,143.0," 14,815 "," 15,097 ","15,220"
226,MILL PARK - SOUTH,12526,12530,12485,88.0,-213.0,129.0,98.0,-281.0,138.0,101.0,-316.0,134.0," 6,851 "," 6,909 ","6,918"
227,HURSTBRIDGE,3605,3624,3625,34.0,-23.0,8.0,21.0,-28.0,8.0,26.0,-35.0,8.0," 2,219 "," 2,210 ","2,195"
228,KINGLAKE,3984,4048,4122,31.0,29.0,4.0,37.0,33.0,4.0,23.0,7.0,4.0," 2,261 "," 2,273 ","2,329"
229,PANTON HILL - ST ANDREWS,5409,5441,5496,20.0,-5.0,17.0,26.0,13.0,16.0,21.0,-43.0,16.0," 3,291 "," 3,334 ","3,317"
230,PLENTY - YARRAMBAT,9794,9882,9930,44.0,-14.0,58.0,52.0,-60.0,56.0,18.0,-18.0,55.0," 6,210 "," 6,316 ","6,326"
231,RESEARCH - NORTH WARRANDYTE,7007,7044,7054,30.0,-34.0,41.0,46.0,-74.0,38.0,51.0,-88.0,38.0," 4,332 "," 4,456 ","4,402"
232,WATTLE GLEN - DIAMOND CREEK,14351,14447,14561,84.0,-39.0,51.0,123.0,-59.0,50.0,62.0,-83.0,49.0," 8,903 "," 9,051 ","9,167"
233,BUNDOORA - NORTH,7959,8229,8494,60.0,-53.0,263.0,70.0,-59.0,254.0,48.0,-180.0,248.0," 4,182 "," 4,373 ","4,471"
234,LALOR,23874,24421,24761,283.0,-162.0,426.0,250.0,-337.0,427.0,244.0,-358.0,426.0," 10,618 "," 11,055 ","11,440"
235,MILL PARK - NORTH,18712,18710,18747,84.0,-300.0,214.0,96.0,-265.0,206.0,95.0,-336.0,202.0," 10,634 "," 10,733 ","10,984"
236,THOMASTOWN,21485,21533,21596,182.0,-496.0,362.0,162.0,-469.0,370.0,109.0,-469.0,367.0," 9,715 "," 10,049 ","10,402"
237,WALLAN,16747,17466,18445,215.0,442.0,62.0,248.0,671.0,60.0,260.0,890.0,59.0," 9,623 "," 10,316 ","11,176"
238,WHITTLESEA,8436,8607,8768,-5.0,154.0,22.0,10.0,129.0,22.0,6.0,115.0,22.0," 4,511 "," 4,724 ","4,855"
239,ESSENDON AIRPORT,0,0,0,0.0,0.0,0.0,0.0,0.0,0.0,0.0,0.0,0.0, 18 , 19 , 18 
240,DOREEN,21801,23390,25171,455.0,979.0,155.0,392.0,1241.0,148.0,420.0,978.0,143.0," 12,150 "," 12,892 ","13,777"
241,EPPING - EAST,13738,13909,14008,91.0,-139.0,219.0,57.0,-166.0,208.0,68.0,-229.0,204.0," 7,110 "," 7,227 ","7,269"
242,EPPING - SOUTH,8690,8763,8780,65.0,-169.0,177.0,86.0,-238.0,169.0,-26.0,-152.0,165.0," 4,467 "," 4,538 ","4,575"
243,EPPING - WEST,11484,12278,12770,245.0,318.0,231.0,250.0,19.0,223.0,217.0,-100.0,218.0," 5,988 "," 6,154 ","6,376"
244,BROADMEADOWS,13916,14225,14429,147.0,-270.0,432.0,201.0,-411.0,414.0,204.0,-463.0,404.0," 5,159 "," 5,524 ","6,021"
245,MERNDA,17171,19617,21488,396.0,1800.0,250.0,431.0,1199.0,241.0,448.0,1188.0,235.0," 9,985 "," 10,820 ","11,828"
246,MEADOW HEIGHTS,15779,15829,15837,221.0,-450.0,279.0,233.0,-492.0,267.0,141.0,-469.0,261.0," 5,532 "," 5,735 ","5,920"
247,MELBOURNE AIRPORT,194,194,194,0.0,0.0,0.0,0.0,0.0,0.0,0.0,0.0,0.0, 64 , 62 , 63 
248,SOUTH MORANG (NORTH),12675,13002,13232,190.0,10.0,127.0,174.0,-66.0,122.0,124.0,-37.0,119.0," 6,953 "," 7,174 ","7,361"
249,STRATHMORE,9968,10206,10372,41.0,132.0,65.0,42.0,62.0,62.0,28.0,13.0,61.0," 6,132 "," 6,309 ","6,429"
250,SOUTH MORANG (SOUTH),12558,12662,12698,51.0,-92.0,145.0,41.0,-153.0,148.0,15.0,-140.0,143.0," 6,787 "," 6,970 ","7,125"
251,GISBORNE,13312,13635,13963,105.0,169.0,49.0,71.0,210.0,47.0,85.0,118.0,45.0," 7,918 "," 8,095 ","8,257"
252,ROXBURGH PARK - SOMERTON,23041,23753,24433,222.0,46.0,444.0,298.0,-45.0,427.0,273.0,-62.0,416.0," 9,247 "," 9,804 ","10,352"
253,WOLLERT,9493,11503,13724,315.0,1443.0,252.0,308.0,1670.0,243.0,371.0,1742.0,236.0," 5,750 "," 6,636 ","7,985"
254,AIRPORT WEST,7903,8032,8280,42.0,24.0,63.0,62.0,126.0,60.0,78.0,142.0,59.0," 4,480 "," 4,639 ","4,842"
255,TULLAMARINE,6698,6758,6825,63.0,-98.0,95.0,49.0,-82.0,100.0,61.0,-141.0,97.0," 3,502 "," 3,616 ","3,683"
256,KEILOR,8993,9052,9065,36.0,-16.0,39.0,25.0,-49.0,37.0,20.0,-8.0,36.0," 5,350 "," 5,470 ","5,366"
257,GLENROY,23153,23834,24515,204.0,-201.0,678.0,234.0,-207.0,654.0,234.0,-403.0,640.0," 11,963 "," 12,653 ","13,495"
258,MOUNT WAVERLEY - NORTH,16053,16219,16334,30.0,-294.0,430.0,44.0,-333.0,404.0,53.0,-327.0,392.0," 9,666 "," 9,961 ","10,220"
259,KEILOR EAST,27399,27758,28106,67.0,59.0,233.0,18.0,105.0,225.0,30.0,317.0,220.0," 14,568 "," 14,783 ","15,130"
260,NIDDRIE - ESSENDON WEST,7250,7414,7604,58.0,39.0,67.0,56.0,69.0,65.0,41.0,39.0,64.0," 4,312 "," 4,434 ","4,482"
261,MACEDON,3525,3565,3606,22.0,7.0,11.0,19.0,11.0,11.0,12.0,-17.0,10.0," 2,079 "," 2,125 ","2,102"
262,RIDDELLS CREEK,4174,4240,4281,28.0,24.0,14.0,16.0,12.0,13.0,29.0,-3.0,12.0," 2,567 "," 2,629 ","2,656"
263,ROMSEY,9663,9866,10042,85.0,94.0,24.0,56.0,96.0,24.0,59.0,163.0,24.0," 5,457 "," 5,683 ","5,883"
264,COBURG NORTH,8112,8410,8668,59.0,99.0,140.0,42.0,82.0,134.0,64.0,3.0,131.0," 4,649 "," 4,831 ","5,067"
265,FAWKNER,14460,14756,14968,134.0,-197.0,359.0,108.0,-258.0,362.0,109.0,-160.0,363.0," 6,358 "," 6,731 ","7,001"
266,PASCOE VALE,24829,25638,26419,205.0,137.0,467.0,256.0,73.0,452.0,237.0,-141.0,442.0," 14,023 "," 14,539 ","15,325"
267,GOWANBRAE,3042,3091,3120,32.0,0.0,17.0,32.0,-20.0,17.0,25.0,-32.0,16.0," 1,797 "," 1,843 ","1,851"
268,CAMPBELLFIELD - COOLAROO,17122,17183,17221,172.0,-417.0,306.0,188.0,-442.0,292.0,150.0,-461.0,295.0," 6,009 "," 6,333 ","6,474"
269,GLADSTONE PARK - WESTMEADOWS,18353,18476,18656,103.0,-123.0,143.0,135.0,-106.0,151.0,104.0,-174.0,146.0," 9,906 "," 10,143 ","10,202"
270,GREENVALE - BULLA,17123,18210,19380,186.0,770.0,131.0,197.0,849.0,124.0,210.0,465.0,121.0," 10,544 "," 11,131 ","11,549"
271,CRAIGIEBURN - CENTRAL,8749,8833,8866,91.0,-193.0,186.0,119.0,-277.0,191.0,86.0,-300.0,188.0," 4,363 "," 4,457 ","4,492"
272,CRAIGIEBURN - SOUTH,16999,18269,19514,298.0,580.0,392.0,335.0,535.0,375.0,300.0,437.0,366.0," 8,962 "," 9,643 ","10,195"
273,CRAIGIEBURN - WEST,14882,16797,18561,383.0,1019.0,513.0,394.0,867.0,503.0,386.0,762.0,493.0," 7,497 "," 8,260 ","9,333"
274,MICKLEHAM - YUROKE,3580,4836,7361,120.0,1083.0,53.0,166.0,2307.0,52.0,317.0,3498.0,51.0," 3,118 "," 4,542 ","6,743"
275,CRAIGIEBURN - NORTH,12124,12716,13154,192.0,155.0,245.0,227.0,-25.0,236.0,192.0,-238.0,229.0," 6,082 "," 6,469 ","6,687"
276,CROYDON HILLS - WARRANWOOD,18752,18788,18839,117.0,-179.0,98.0,119.0,-170.0,102.0,99.0,-190.0,99.0," 11,572 "," 11,698 ","11,754"
277,BAYSWATER,12584,12732,12896,91.0,-94.0,151.0,83.0,-73.0,154.0,87.0,-61.0,149.0," 7,021 "," 7,295 ","7,461"
278,KNOXFIELD - SCORESBY,15752,16298,16765,111.0,274.0,161.0,109.0,195.0,163.0,127.0,143.0,159.0," 9,104 "," 9,492 ","9,898"
279,LYSTERFIELD,6917,6950,7013,26.0,-17.0,24.0,28.0,13.0,22.0,35.0,-47.0,22.0," 4,480 "," 4,544 ","4,541"
280,FERNTREE GULLY (NORTH),14337,14399,14517,43.0,-62.0,81.0,90.0,-49.0,77.0,45.0,5.0,75.0," 8,122 "," 8,209 ","8,275"
281,ROWVILLE - CENTRAL,15864,15913,15940,118.0,-219.0,150.0,118.0,-234.0,143.0,128.0,-287.0,139.0," 9,528 "," 9,685 ","9,853"
282,ROWVILLE - NORTH,8352,8392,8383,74.0,-103.0,69.0,44.0,-118.0,65.0,61.0,-137.0,65.0," 5,000 "," 5,054 ","5,082"
283,FERNTREE GULLY (SOUTH) - UPPER FERNTREE GULLY,15230,15253,15336,69.0,-128.0,82.0,111.0,-110.0,82.0,88.0,-27.0,81.0," 8,886 "," 9,125 ","9,344"
284,ROWVILLE - SOUTH,11000,10988,10963,69.0,-168.0,87.0,69.0,-182.0,88.0,74.0,-158.0,87.0," 6,875 "," 6,947 ","7,010"
285,THE BASIN,4441,4463,4478,47.0,-39.0,14.0,29.0,-27.0,13.0,36.0,-54.0,12.0," 2,628 "," 2,657 ","2,644"
286,ST ALBANS - NORTH,21064,21437,21686,230.0,-363.0,506.0,229.0,-464.0,484.0,219.0,-584.0,474.0," 9,369 "," 9,936 ","10,444"
287,WANTIRNA,14425,14489,14592,50.0,-174.0,188.0,34.0,-124.0,193.0,-2.0,-138.0,191.0," 8,487 "," 8,726 ","8,843"
288,BORONIA,22918,23248,23449,141.0,24.0,165.0,71.0,-28.0,158.0,126.0,4.0,155.0," 12,903 "," 13,284 ","13,440"
289,WANTIRNA SOUTH,18580,18673,18853,-9.0,-169.0,271.0,-25.0,-73.0,278.0,10.0,-145.0,277.0," 11,019 "," 11,196 ","11,320"
290,DONVALE - PARK ORCHARDS,16715,16806,16877,2.0,-30.0,119.0,3.0,-43.0,111.0,-23.0,-67.0,108.0," 10,206 "," 10,458 ","10,473"
291,WARRANDYTE - WONGA PARK,10613,10645,10658,11.0,-31.0,52.0,14.0,-52.0,51.0,20.0,-72.0,51.0," 6,791 "," 6,856 ","6,810"
292,BAYSWATER NORTH,12257,12351,12470,34.0,-4.0,64.0,54.0,4.0,61.0,68.0,-82.0,61.0," 7,009 "," 7,120 ","7,251"
293,RINGWOOD,17931,18289,18488,126.0,-89.0,321.0,95.0,-217.0,321.0,77.0,-23.0,319.0," 9,980 "," 10,495 ","10,844"
294,RINGWOOD EAST,21031,21341,21544,136.0,-123.0,297.0,144.0,-226.0,285.0,135.0,-214.0,279.0," 12,115 "," 12,335 ","12,498"
295,RINGWOOD NORTH,9991,10062,10099,29.0,-27.0,69.0,27.0,-52.0,62.0,16.0,-95.0,56.0," 6,098 "," 6,113 ","6,168"
296,CROYDON - EAST,15724,16059,16367,153.0,17.0,165.0,156.0,-6.0,158.0,133.0,-112.0,155.0," 8,678 "," 8,833 ","9,067"
297,CROYDON - WEST,13805,14163,14418,72.0,159.0,127.0,39.0,94.0,122.0,56.0,73.0,119.0," 7,780 "," 8,013 ","8,092"
298,CROYDON SOUTH,4856,4899,4916,49.0,-47.0,41.0,57.0,-78.0,38.0,37.0,-41.0,38.0," 2,715 "," 2,772 ","2,861"
299,FOREST HILL,11074,11283,11387,5.0,4.0,200.0,39.0,-126.0,191.0,15.0,-114.0,188.0," 6,100 "," 6,331 ","6,407"
300,NARRE WARREN SOUTH (EAST),13713,13814,13871,118.0,-110.0,93.0,106.0,-144.0,95.0,92.0,-190.0,91.0," 7,631 "," 7,765 ","7,910"
301,NUNAWADING,12363,12651,12839,91.0,-64.0,261.0,92.0,-160.0,256.0,64.0,-227.0,249.0," 6,983 "," 7,174 ","7,287"
302,VERMONT,10896,11041,11176,56.0,-91.0,180.0,74.0,-124.0,185.0,28.0,-76.0,182.0," 6,306 "," 6,416 ","6,497"
303,FRANKSTON NORTH,19939,19966,19966,101.0,-183.0,109.0,96.0,-200.0,104.0,42.0,-169.0,101.0," 9,120 "," 9,526 ","9,834"
304,VERMONT SOUTH,12251,12347,12388,-18.0,-50.0,164.0,-39.0,-102.0,182.0,-37.0,-141.0,178.0," 7,373 "," 7,510 ","7,617"
305,CHIRNSIDE PARK,10266,10645,10987,87.0,223.0,69.0,97.0,178.0,67.0,110.0,221.0,65.0," 6,479 "," 6,762 ","7,024"
306,HEALESVILLE - YARRA GLEN,14106,14304,14512,35.0,120.0,43.0,52.0,114.0,42.0,58.0,28.0,40.0," 7,908 "," 8,088 ","8,182"
307,BELGRAVE - SELBY,10453,10463,10452,77.0,-120.0,53.0,75.0,-142.0,56.0,83.0,-176.0,55.0," 6,171 "," 6,191 ","6,372"
308,KILSYTH,9470,9580,9656,28.0,43.0,39.0,11.0,28.0,37.0,61.0,80.0,36.0," 5,304 "," 5,389 ","5,430"
309,MONTROSE,7078,7131,7154,2.0,25.0,26.0,30.0,-32.0,25.0,-8.0,-34.0,26.0," 4,091 "," 4,146 ","4,102"
310,MOOROOLBARK,23027,23466,23724,212.0,73.0,154.0,204.0,-93.0,147.0,218.0,-27.0,142.0," 13,191 "," 13,446 ","13,601"
311,MOUNT DANDENONG - OLINDA,10109,10127,10137,73.0,-105.0,50.0,45.0,-83.0,48.0,55.0,-41.0,46.0," 6,087 "," 6,098 ","6,085"
312,NARRE WARREN SOUTH (WEST),17513,17718,17825,213.0,-220.0,212.0,184.0,-294.0,217.0,200.0,-378.0,213.0," 8,871 "," 9,029 ","9,115"
313,MOUNT EVELYN,10081,10170,10208,116.0,-65.0,38.0,73.0,-70.0,35.0,96.0,-40.0,34.0," 5,834 "," 5,871 ","5,976"
314,UPWEY - TECOMA,10040,10041,10048,76.0,-111.0,36.0,71.0,-102.0,38.0,107.0,-170.0,38.0," 6,163 "," 6,205 ","6,287"
315,WANDIN - SEVILLE,7884,7959,8055,61.0,0.0,14.0,70.0,13.0,13.0,73.0,-73.0,12.0," 4,856 "," 4,920 ","5,021"
316,YARRA VALLEY,16622,16665,16751,74.0,-67.0,36.0,97.0,-44.0,33.0,87.0,-34.0,32.0," 8,968 "," 9,165 ","9,341"
317,PAKENHAM - NORTH,19370,20564,21640,338.0,730.0,126.0,359.0,597.0,120.0,356.0,544.0,117.0," 10,443 "," 11,074 ","11,529"
318,PAKENHAM - SOUTH,29580,30959,32087,388.0,695.0,296.0,376.0,468.0,284.0,374.0,369.0,278.0," 15,355 "," 16,176 ","16,821"
319,ENDEAVOUR HILLS - NORTH,12499,12483,12515,69.0,-189.0,104.0,108.0,-175.0,99.0,88.0,-199.0,96.0," 6,486 "," 6,716 ","6,753"
320,BERWICK - NORTH,23824,23999,24040,75.0,-152.0,252.0,-14.0,-201.0,256.0,38.0,-151.0,249.0," 13,852 "," 14,035 ","14,015"
321,ENDEAVOUR HILLS - SOUTH,14160,14140,14092,126.0,-315.0,169.0,138.0,-351.0,165.0,117.0,-327.0,162.0," 7,687 "," 7,823 ","7,785"
322,CLARINDA - OAKLEIGH SOUTH,12323,12354,12361,41.0,-186.0,176.0,16.0,-176.0,167.0,34.0,-219.0,164.0," 6,638 "," 6,748 ","6,664"
323,BERWICK - SOUTH,26874,27742,28500,332.0,208.0,328.0,318.0,111.0,329.0,279.0,-21.0,321.0," 14,686 "," 15,269 ","15,969"
324,NARRE WARREN - NORTH EAST,13967,14048,14169,140.0,-189.0,130.0,168.0,-176.0,129.0,128.0,-227.0,125.0," 7,736 "," 7,890 ","7,998"
325,DOVETON,11867,12067,12210,112.0,-135.0,223.0,118.0,-187.0,212.0,110.0,-255.0,209.0," 5,048 "," 5,280 ","5,485"
326,HALLAM,11335,11525,11630,105.0,-128.0,213.0,61.0,-160.0,204.0,71.0,-133.0,200.0," 5,515 "," 5,680 ","5,791"
327,NARRE WARREN - SOUTH WEST,14544,14736,14889,159.0,-202.0,235.0,169.0,-252.0,236.0,133.0,-242.0,229.0," 7,522 "," 7,806 ","8,031"
328,NARRE WARREN NORTH,8183,8357,8549,-19.0,144.0,49.0,-5.0,150.0,47.0,-6.0,57.0,46.0," 5,079 "," 5,084 ","5,159"
329,CRANBOURNE,20888,21130,21271,259.0,-250.0,233.0,221.0,-305.0,225.0,217.0,-399.0,220.0," 10,563 "," 10,852 ","11,063"
330,CLAYTON SOUTH,13296,13507,13827,154.0,-564.0,621.0,131.0,-429.0,618.0,140.0,-294.0,615.0," 7,015 "," 7,438 ","7,807"
331,CRANBOURNE EAST,26754,34130,41381,602.0,6307.0,467.0,769.0,6037.0,445.0,879.0,6503.0,436.0," 17,511 "," 21,261 ","25,862"
332,CRANBOURNE NORTH,20985,22497,23885,393.0,830.0,289.0,346.0,766.0,276.0,390.0,359.0,270.0," 11,463 "," 12,273 ","12,900"
333,CRANBOURNE SOUTH,9116,9392,10255,66.0,171.0,39.0,90.0,736.0,37.0,104.0,1577.0,36.0," 5,620 "," 6,225 ","7,413"
334,CRANBOURNE WEST,15685,17145,18604,365.0,879.0,216.0,400.0,853.0,206.0,388.0,560.0,203.0," 9,049 "," 9,712 ","10,528"
335,DANDENONG,32700,33396,33934,388.0,-754.0,1062.0,391.0,-868.0,1015.0,295.0,-926.0,992.0," 14,768 "," 15,550 ","15,915"
336,DANDENONG NORTH,23684,23820,23915,141.0,-384.0,379.0,177.0,-444.0,362.0,178.0,-487.0,354.0," 11,533 "," 11,739 ","12,036"
337,DINGLEY VILLAGE,10611,10642,10687,30.0,-73.0,74.0,-17.0,-10.0,72.0,37.0,-41.0,70.0," 6,421 "," 6,440 ","6,475"
338,KEYSBOROUGH,27471,28749,29856,224.0,626.0,428.0,298.0,393.0,416.0,273.0,354.0,406.0," 15,103 "," 15,902 ","16,704"
339,NOBLE PARK NORTH,7871,7906,7928,48.0,-113.0,100.0,58.0,-132.0,96.0,75.0,-160.0,93.0," 3,821 "," 3,896 ","4,012"
340,SPRINGVALE,22761,23256,23642,226.0,-582.0,851.0,146.0,-591.0,831.0,171.0,-712.0,814.0," 10,891 "," 11,595 ","12,210"
341,CLAYTON,23672,25484,26785,84.0,-989.0,2717.0,71.0,-1096.0,2326.0,-10.0,-1340.0,2120.0," 9,572 "," 10,357 ","11,056"
342,SPRINGVALE SOUTH,13227,13321,13372,91.0,-324.0,327.0,88.0,-349.0,312.0,85.0,-354.0,305.0," 6,405 "," 6,708 ","6,900"
343,NOBLE PARK - EAST,13073,13301,13501,151.0,-392.0,469.0,163.0,-415.0,452.0,130.0,-453.0,442.0," 6,691 "," 7,065 ","7,417"
344,NOBLE PARK - WEST,19435,19769,19992,150.0,-359.0,543.0,155.0,-452.0,520.0,101.0,-424.0,509.0," 9,388 "," 9,992 ","10,508"
345,ASHWOOD - CHADSTONE,19308,19872,20204,149.0,-79.0,494.0,139.0,-276.0,469.0,92.0,-140.0,450.0," 10,858 "," 11,290 ","11,715"
346,GLEN WAVERLEY - EAST,22153,22293,22404,52.0,-541.0,629.0,28.0,-509.0,592.0,22.0,-529.0,575.0," 12,978 "," 13,332 ","13,505"
347,GLEN WAVERLEY - WEST,20151,20442,20687,44.0,-497.0,744.0,6.0,-478.0,717.0,7.0,-432.0,702.0," 11,497 "," 12,016 ","12,548"
348,MOUNT WAVERLEY - SOUTH,19291,19637,20009,50.0,-176.0,472.0,49.0,-125.0,448.0,40.0,-247.0,437.0," 11,519 "," 12,013 ","12,055"
349,MULGRAVE,20462,20663,20900,79.0,-256.0,378.0,97.0,-230.0,370.0,54.0,-281.0,362.0," 11,083 "," 11,246 ","11,496"
350,OAKLEIGH - HUNTINGDALE,22617,23152,23589,129.0,-297.0,703.0,94.0,-331.0,674.0,134.0,-314.0,659.0," 12,608 "," 13,203 ","13,624"
351,WHEELERS HILL,20880,20976,21014,-60.0,-129.0,285.0,-66.0,-188.0,292.0,-78.0,-188.0,290.0," 12,383 "," 12,708 ","12,805"
352,ARDEER - ALBION,8202,8342,8458,65.0,-166.0,241.0,74.0,-190.0,232.0,85.0,-240.0,227.0," 4,057 "," 4,223 ","4,479"
353,YARRAVILLE,15656,15891,16233,163.0,-109.0,181.0,188.0,-16.0,170.0,186.0,36.0,166.0," 9,239 "," 9,495 ","9,714"
354,CAIRNLEA,10206,10421,10569,95.0,18.0,102.0,117.0,-67.0,98.0,77.0,-98.0,95.0," 5,349 "," 5,453 ","5,567"
355,DEER PARK - DERRIMUT,27536,28218,28711,412.0,-187.0,457.0,419.0,-364.0,438.0,352.0,-571.0,428.0," 13,437 "," 13,717 ","14,083"
356,DELAHEY,8841,8843,8831,45.0,-124.0,81.0,37.0,-135.0,86.0,64.0,-164.0,85.0," 4,418 "," 4,440 ","4,551"
357,KEILOR DOWNS,13943,13937,13910,98.0,-213.0,109.0,95.0,-230.0,108.0,68.0,-249.0,105.0," 7,347 "," 7,368 ","7,466"
358,ST ALBANS - SOUTH,18025,18336,18487,141.0,-260.0,430.0,168.0,-429.0,412.0,84.0,-419.0,402.0," 7,982 "," 8,358 ","8,533"
359,SUNSHINE,10241,10411,10539,97.0,-259.0,332.0,88.0,-279.0,319.0,77.0,-286.0,311.0," 5,306 "," 5,623 ","5,971"
360,SUNSHINE NORTH,12123,12331,12487,75.0,-67.0,200.0,86.0,-121.0,191.0,46.0,-188.0,188.0," 5,690 "," 6,024 ","6,314"
361,BACCHUS MARSH,20989,21636,22222,145.0,435.0,67.0,143.0,379.0,64.0,173.0,506.0,63.0," 11,743 "," 12,241 ","12,832"
362,HILLSIDE,21305,22913,24151,318.0,1101.0,189.0,349.0,709.0,180.0,366.0,527.0,176.0," 11,999 "," 13,234 ","13,769"
363,SUNSHINE WEST,19533,19896,20123,147.0,-90.0,306.0,147.0,-204.0,284.0,117.0,-251.0,278.0," 9,172 "," 9,589 ","9,833"
364,SYDENHAM,12585,12702,12768,52.0,-206.0,271.0,32.0,-226.0,260.0,52.0,-275.0,254.0," 6,718 "," 6,849 ","6,974"
365,ALTONA,13206,13443,13713,75.0,20.0,142.0,71.0,63.0,136.0,103.0,55.0,131.0," 7,910 "," 7,942 ","8,061"
366,TAYLORS LAKES,18455,18421,18401,78.0,-228.0,116.0,75.0,-206.0,111.0,91.0,-276.0,107.0," 11,208 "," 11,238 ","11,001"
367,FOOTSCRAY,17343,18031,18631,95.0,-51.0,644.0,79.0,-126.0,647.0,72.0,-198.0,643.0," 10,319 "," 10,932 ","11,301"
368,MELTON,19560,19832,20189,212.0,-97.0,157.0,165.0,42.0,150.0,183.0,79.0,145.0," 9,880 "," 9,851 ","10,019"
369,ALTONA MEADOWS,20106,20313,20409,116.0,-145.0,236.0,115.0,-247.0,228.0,118.0,-296.0,223.0," 10,722 "," 10,827 ","10,928"
370,ALTONA NORTH,14787,15024,15196,89.0,4.0,144.0,103.0,-64.0,133.0,83.0,12.0,134.0," 7,036 "," 7,324 ","7,539"
371,BURNSIDE,4943,5125,5296,11.0,102.0,69.0,24.0,80.0,67.0,-2.0,37.0,65.0," 2,604 "," 2,694 ","2,803"
372,NEWPORT,18523,18836,19180,244.0,-137.0,206.0,244.0,-94.0,194.0,206.0,-13.0,190.0," 10,961 "," 11,216 ","11,533"
373,SEABROOK,5408,5464,5517,47.0,-62.0,71.0,48.0,-62.0,67.0,62.0,-104.0,67.0," 2,868 "," 3,015 ","3,020"
374,MARIBYRNONG,12950,13448,13785,133.0,1.0,364.0,129.0,-140.0,348.0,118.0,-128.0,340.0," 8,028 "," 8,254 ","8,528"
375,WILLIAMSTOWN,16389,16636,16932,72.0,-29.0,204.0,57.0,48.0,191.0,48.0,103.0,187.0," 9,706 "," 9,996 ","10,154"
376,BRAYBROOK,19224,19795,20138,219.0,-197.0,549.0,193.0,-374.0,524.0,183.0,-320.0,513.0," 9,656 "," 10,124 ","10,693"
377,MELTON SOUTH,24243,26473,28613,309.0,1673.0,248.0,428.0,1483.0,229.0,439.0,1414.0,223.0," 11,389 "," 13,561 ","14,613"
378,BURNSIDE HEIGHTS,6431,6559,6688,93.0,-52.0,87.0,107.0,-61.0,83.0,75.0,-59.0,81.0," 3,251 "," 3,289 ","3,419"
379,CAROLINE SPRINGS,20968,21457,21730,296.0,-141.0,334.0,262.0,-309.0,320.0,200.0,-393.0,312.0," 11,113 "," 11,280 ","11,530"
380,MELTON WEST,18157,19004,19964,324.0,419.0,104.0,274.0,587.0,99.0,307.0,525.0,96.0," 4,859 "," 9,962 ","10,446"
381,ROCKBANK - MOUNT COTTRELL,3148,4050,6455,19.0,866.0,17.0,50.0,2344.0,11.0,129.0,2219.0,12.0, 854 ," 2,188 ","3,367"
382,TAYLORS HILL,20218,20670,20918,236.0,-19.0,235.0,214.0,-193.0,227.0,218.0,-139.0,222.0," 10,356 "," 10,512 ","10,902"
383,HOPPERS CROSSING - NORTH,20172,20266,20294,205.0,-356.0,245.0,218.0,-426.0,236.0,176.0,-421.0,230.0," 11,196 "," 11,432 ","11,451"
384,HOPPERS CROSSING - SOUTH,20220,20459,20609,211.0,-358.0,386.0,177.0,-397.0,370.0,176.0,-482.0,361.0," 10,351 "," 10,645 ","10,907"
385,LAVERTON,9385,10279,10953,175.0,342.0,377.0,187.0,126.0,361.0,208.0,63.0,353.0," 5,778 "," 6,275 ","6,951"
386,TARNEIT,36404,39743,43410,853.0,1524.0,962.0,941.0,1768.0,958.0,960.0,1420.0,917.0," 20,308 "," 22,755 ","25,458"
387,WERRIBEE - EAST,20643,20844,20986,132.0,-309.0,378.0,216.0,-435.0,361.0,133.0,-408.0,353.0," 9,839 "," 10,101 ","10,231"
388,TRUGANINA,24628,27633,30256,734.0,1473.0,798.0,754.0,1089.0,780.0,748.0,1377.0,763.0," 13,583 "," 15,094 ","17,078"
389,WERRIBEE - WEST,12283,13128,14315,152.0,564.0,129.0,181.0,884.0,122.0,222.0,1614.0,119.0," 7,605 "," 8,485 ","9,783"
390,CARRUM DOWNS,21549,21837,22082,182.0,-30.0,136.0,175.0,-59.0,129.0,176.0,-121.0,127.0," 11,691 "," 12,247 ","12,512"
391,FRANKSTON,23510,23719,23965,137.0,-131.0,203.0,139.0,-86.0,193.0,65.0,-117.0,191.0," 12,213 "," 12,820 ","13,243"
392,WERRIBEE - SOUTH,11776,12286,13115,22.0,312.0,176.0,19.0,643.0,167.0,40.0,843.0,164.0," 6,914 "," 7,428 ","8,336"
393,WYNDHAM VALE,24270,25545,27220,405.0,499.0,371.0,477.0,843.0,355.0,467.0,1181.0,347.0," 13,064 "," 13,931 ","15,141"
394,POINT COOK - EAST,12818,14491,16030,239.0,1102.0,332.0,260.0,967.0,312.0,328.0,1225.0,303.0," 7,939 "," 8,924 ","9,880"
395,POINT COOK - NORTH,24288,24905,25333,315.0,-195.0,497.0,313.0,-379.0,494.0,320.0,-596.0,484.0," 12,983 "," 13,399 ","13,669"
396,POINT COOK - SOUTH,15147,16847,18380,344.0,915.0,441.0,341.0,723.0,469.0,315.0,311.0,467.0," 8,772 "," 9,319 ","10,044"
397,FRANKSTON SOUTH,18995,19113,19217,32.0,-37.0,123.0,2.0,-16.0,118.0,3.0,-30.0,115.0," 11,104 "," 11,240 ","11,338"
398,LANGWARRIN,24694,24926,25155,233.0,-70.0,69.0,236.0,-74.0,67.0,178.0,-105.0,65.0," 14,621 "," 14,921 ","14,904"
399,SKYE - SANDHURST,13664,13894,14085,186.0,-56.0,100.0,156.0,-61.0,96.0,158.0,-89.0,93.0," 7,926 "," 8,102 ","8,253"
400,DROMANA,11454,11939,12325,2.0,425.0,58.0,-42.0,372.0,56.0,-11.0,197.0,55.0," 6,803 "," 7,109 ","7,194"
401,FLINDERS,5642,5645,5653,-20.0,-13.0,36.0,-9.0,-16.0,33.0,-16.0,-23.0,32.0," 3,720 "," 3,798 ","3,770"
402,HASTINGS - SOMERS,22851,23096,23344,127.0,49.0,69.0,126.0,55.0,67.0,118.0,127.0,65.0," 11,921 "," 12,302 ","12,638"
403,ROSEBUD - MCCRAE,21613,21893,22087,-147.0,349.0,78.0,-147.0,266.0,75.0,-126.0,252.0,73.0," 10,868 "," 11,072 ","11,356"
404,MORNINGTON,25030,25496,25914,-56.0,391.0,131.0,-47.0,340.0,125.0,-63.0,238.0,122.0," 14,175 "," 14,518 ","14,806"
405,ARARAT REGION,3198,3216,3222,9.0,-7.0,16.0,9.0,-20.0,17.0,3.0,4.0,16.0," 1,845 "," 1,878 ","1,890"
406,MOUNT ELIZA,18696,18843,19024,2.0,0.0,145.0,8.0,26.0,147.0,3.0,-30.0,143.0," 11,375 "," 11,631 ","11,642"
407,HORSHAM,16462,16497,16513,60.0,-80.0,55.0,62.0,-102.0,56.0,73.0,-52.0,55.0," 9,491 "," 9,612 ","9,682"
408,MOUNT MARTHA,19365,19601,19773,32.0,106.0,98.0,37.0,42.0,93.0,46.0,112.0,91.0," 11,318 "," 11,608 ","11,837"
409,POINT NEPEAN,17999,18204,18433,43.0,96.0,66.0,49.0,113.0,67.0,57.0,152.0,67.0," 10,236 "," 10,605 ","10,772"
410,HORSHAM REGION,3443,3439,3417,3.0,-10.0,3.0,6.0,-30.0,2.0,3.0,-28.0,2.0," 2,205 "," 2,182 ","2,227"
411,SOMERVILLE,18878,19117,19270,76.0,113.0,50.0,94.0,10.0,49.0,108.0,-25.0,49.0," 11,166 "," 11,332 ","11,527"
412,ARARAT,8386,8396,8413,-27.0,-11.0,48.0,-23.0,-8.0,48.0,-3.0,-8.0,46.0," 4,117 "," 4,258 ","4,213"
413,NHILL REGION,6960,6882,6796,-18.0,-77.0,17.0,5.0,-107.0,16.0,-42.0,-48.0,16.0," 3,791 "," 3,814 ","3,917"
414,ST ARNAUD,3353,3314,3288,-12.0,-38.0,11.0,-15.0,-22.0,11.0,-7.0,-7.0,10.0," 1,851 "," 1,872 ","1,871"
415,STAWELL,8225,8184,8128,-27.0,-46.0,32.0,-17.0,-70.0,31.0,-5.0,-46.0,32.0," 4,422 "," 4,552 ","4,657"
416,IRYMPLE,6945,6998,7089,33.0,1.0,19.0,37.0,34.0,20.0,49.0,35.0,20.0," 3,731 "," 3,843 ","4,121"
417,MERBEIN,4820,4860,4885,0.0,28.0,12.0,3.0,11.0,11.0,-8.0,-12.0,12.0," 2,529 "," 2,588 ","2,612"
418,MILDURA REGION,3747,3742,3755,-2.0,-41.0,38.0,-3.0,-27.0,43.0,6.0,-28.0,42.0," 1,996 "," 2,039 ","2,058"
419,RED CLIFFS,5947,5995,6007,32.0,-4.0,20.0,28.0,-36.0,20.0,9.0,-46.0,20.0," 2,987 "," 3,024 ","3,188"
420,MILDURA - NORTH,18398,18575,18660,165.0,-237.0,249.0,88.0,-266.0,263.0,102.0,-310.0,257.0," 9,785 "," 9,756 ","10,131"
421,MILDURA - SOUTH,14801,14972,15120,101.0,-42.0,112.0,71.0,-35.0,112.0,76.0,-72.0,109.0," 7,727 "," 8,845 ","8,944"
422,BULOKE,6285,6208,6186,-64.0,-29.0,16.0,-23.0,-16.0,17.0,-31.0,-44.0,16.0," 3,449 "," 3,458 ","3,412"
423,KERANG,3898,3881,3885,-18.0,-2.0,3.0,-28.0,30.0,2.0,-16.0,-3.0,2.0," 2,014 "," 2,028 ","2,016"
424,ROBINVALE,3382,3359,3374,44.0,-145.0,78.0,30.0,-97.0,82.0,31.0,-158.0,81.0," 1,764 "," 1,764 ","2,028"
425,SWAN HILL,11079,11104,11103,71.0,-96.0,50.0,80.0,-126.0,45.0,47.0,-105.0,44.0," 6,338 "," 6,427 ","6,482"
426,SWAN HILL REGION,6442,6387,6288,22.0,-101.0,24.0,18.0,-141.0,24.0,15.0,-90.0,24.0," 3,529 "," 3,545 ","3,593"
427,ECHUCA,14888,14931,14933,-3.0,4.0,42.0,2.0,-37.0,37.0,-15.0,24.0,36.0," 8,821 "," 8,968 ","9,084"
428,KYABRAM,11034,11056,11028,-4.0,-3.0,29.0,-26.0,-31.0,29.0,26.0,-19.0,30.0," 5,921 "," 6,018 ","6,189"
429,LOCKINGTON - GUNBOWER,3855,3860,3874,3.0,-2.0,4.0,11.0,-1.0,4.0,1.0,-23.0,4.0," 2,165 "," 2,221 ","2,267"
430,ROCHESTER,3895,3902,3906,5.0,-1.0,3.0,-7.0,9.0,2.0,-21.0,1.0,2.0," 2,160 "," 2,194 ","2,215"
431,RUSHWORTH,4076,4051,4054,-6.0,-23.0,4.0,-4.0,3.0,4.0,-2.0,-13.0,4.0," 2,085 "," 2,060 ","2,094"
432,COBRAM,6420,6435,6422,5.0,-39.0,49.0,18.0,-81.0,50.0,1.0,-77.0,49.0," 3,227 "," 3,233 ","3,301"
433,MOIRA,2623,2636,2665,8.0,-9.0,14.0,18.0,-2.0,13.0,17.0,-19.0,13.0," 1,567 "," 1,551 ","1,621"
434,NUMURKAH,12422,12416,12420,19.0,-57.0,32.0,40.0,-69.0,33.0,36.0,-88.0,32.0," 6,844 "," 6,894 ","6,938"
435,YARRAWONGA,8021,8165,8290,-66.0,193.0,17.0,-56.0,163.0,18.0,-48.0,194.0,18.0," 4,108 "," 4,210 ","4,310"
436,MOOROOPNA,8033,8043,8087,2.0,-36.0,44.0,34.0,-34.0,44.0,29.0,-15.0,43.0," 4,098 "," 4,120 ","4,196"
437,SHEPPARTON - NORTH,19007,19229,19382,113.0,-100.0,209.0,121.0,-178.0,210.0,60.0,-108.0,206.0," 10,630 "," 10,890 ","11,076"
438,SHEPPARTON - SOUTH,23668,23899,24164,188.0,-182.0,225.0,203.0,-165.0,227.0,174.0,-140.0,222.0," 12,384 "," 12,618 ","12,980"
439,SHEPPARTON REGION - EAST,3897,3891,3881,19.0,-41.0,16.0,21.0,-46.0,15.0,14.0,-53.0,14.0," 2,490 "," 2,516 ","2,510"
440,PORTLAND,10943,10933,10899,1.0,-30.0,19.0,-18.0,-35.0,19.0,24.0,-14.0,19.0," 5,762 "," 5,919 ","6,027"
441,SOUTHERN GRAMPIANS,6143,6111,6093,13.0,-63.0,18.0,18.0,-54.0,18.0,9.0,-77.0,23.0," 3,803 "," 3,757 ","3,748"
442,COLAC,12450,12498,12546,-9.0,13.0,44.0,35.0,-21.0,34.0,12.0,-23.0,39.0," 6,963 "," 7,237 ","7,434"
443,COLAC REGION,5381,5363,5363,41.0,-73.0,14.0,35.0,-48.0,13.0,27.0,-38.0,12.0," 3,430 "," 3,486 ","3,519"
444,CAMPERDOWN,3526,3532,3537,-18.0,19.0,5.0,-8.0,8.0,5.0,-32.0,-5.0,6.0," 1,931 "," 1,920 ","1,928"
445,CORANGAMITE - NORTH,5432,5410,5354,-19.0,-17.0,14.0,-28.0,-41.0,13.0,-13.0,-13.0,12.0," 3,007 "," 3,053 ","3,006"
446,WARRNAMBOOL - NORTH,21442,21693,21976,104.0,-9.0,156.0,84.0,41.0,158.0,93.0,1.0,159.0," 12,694 "," 12,950 ","13,157"
447,WARRNAMBOOL - SOUTH,13173,13203,13241,-13.0,-103.0,146.0,-18.0,-91.0,147.0,-14.0,-80.0,147.0," 7,614 "," 7,734 ","8,052"
