,suburb,erp_2016,erp_2017,erp_2018,erp_2019,erp_2020,natural_increase_2016_17,net_internal_migration_2016_17,net_overseas_migration_2016_17,natural_increase_2017_18,net_internal_migration_2017_18,net_overseas_migration_2017_18,natural_increase_2018_19,net_internal_migration_2018_19,net_overseas_migration_2018_19,natural_increase_2019_20,net_internal_migration_2019_20,net_overseas_migration_2019_20,natural_increase_2020_21,net_internal_migration_2020_21,net_overseas_migration_2020_21
0,GORDON (VIC.),5761,5824,5899,5999,6075,17.0,39.0,7.0,37.0,31.0,7.0,24.0,70.0,6.0,8.0,63.0,5.0,23.0,16.0,0.0
1,AVOCA,3323,3330,3352,3364,3370,3.0,-1.0,5.0,5.0,13.0,4.0,-1.0,9.0,4.0,-4.0,7.0,3.0,-9.0,49.0,-1.0
2,BEAUFORT,4454,4485,4450,4547,4615,-17.0,42.0,6.0,0.0,-41.0,6.0,-5.0,96.0,6.0,-12.0,76.0,4.0,-8.0,30.0,0.0
3,GOLDEN PLAINS - NORTH,4540,4635,4742,4862,4938,24.0,66.0,5.0,32.0,70.0,5.0,35.0,79.0,6.0,17.0,55.0,4.0,23.0,48.0,-1.0
4,YACKANDANDAH,4578,4586,4627,4683,4756,12.0,-13.0,9.0,24.0,8.0,9.0,0.0,48.0,8.0,10.0,55.0,8.0,9.0,63.0,-2.0
5,DROUIN,16435,17112,17777,18452,19213,123.0,522.0,32.0,125.0,507.0,33.0,136.0,507.0,32.0,121.0,616.0,24.0,84.0,552.0,-6.0
6,MOUNT BAW BAW REGION,6095,6114,6147,6191,6192,7.0,-2.0,14.0,4.0,16.0,13.0,24.0,8.0,12.0,6.0,-15.0,10.0,26.0,63.0,-3.0
7,TRAFALGAR (VIC.),7828,7970,8035,8077,8129,29.0,97.0,16.0,27.0,24.0,14.0,0.0,28.0,14.0,17.0,25.0,10.0,26.0,126.0,-2.0
8,WARRAGUL,19088,19584,20148,20764,21418,119.0,307.0,70.0,32.0,458.0,74.0,81.0,461.0,74.0,74.0,524.0,56.0,83.0,784.0,-13.0
9,ALPS - EAST,3,3,3,3,3,0.0,0.0,0.0,0.0,0.0,0.0,0.0,0.0,0.0,0.0,0.0,0.0,0.0,0.0,0.0
10,BAIRNSDALE,14899,15167,15409,15561,15590,21.0,203.0,44.0,17.0,192.0,33.0,8.0,112.0,32.0,-43.0,48.0,24.0,-42.0,163.0,-6.0
11,BRUTHEN - OMEO,7902,7999,8087,8172,8280,20.0,58.0,19.0,15.0,54.0,19.0,46.0,19.0,20.0,4.0,90.0,14.0,13.0,156.0,-3.0
12,LAKE KING,0,0,0,0,0,0.0,0.0,0.0,0.0,0.0,0.0,0.0,0.0,0.0,0.0,0.0,0.0,0.0,0.0,0.0
13,LAKES ENTRANCE,10038,10147,10303,10394,10579,-22.0,111.0,20.0,-22.0,158.0,20.0,-58.0,128.0,21.0,-29.0,200.0,14.0,-61.0,246.0,-4.0
14,ORBOST,6497,6468,6475,6447,6461,-29.0,-14.0,14.0,-26.0,20.0,13.0,-6.0,-34.0,12.0,-26.0,30.0,10.0,-33.0,77.0,-3.0
15,PAYNESVILLE,6374,6485,6662,6836,6914,-38.0,138.0,11.0,-38.0,204.0,11.0,-49.0,213.0,10.0,-64.0,134.0,8.0,-50.0,214.0,-2.0
16,FOSTER,8897,8954,8994,9077,9232,0.0,31.0,26.0,-5.0,18.0,27.0,-7.0,64.0,26.0,-43.0,178.0,20.0,-15.0,104.0,-4.0
17,FRENCH ISLAND,114,114,114,114,114,0.0,0.0,0.0,0.0,0.0,0.0,0.0,0.0,0.0,0.0,0.0,0.0,0.0,0.0,0.0
18,KORUMBURRA,9253,9341,9443,9587,9755,17.0,41.0,30.0,20.0,66.0,16.0,36.0,91.0,17.0,20.0,137.0,11.0,14.0,28.0,-3.0
19,LEONGATHA,11202,11248,11358,11468,11471,0.0,14.0,32.0,9.0,70.0,31.0,-25.0,103.0,32.0,-23.0,2.0,24.0,-30.0,110.0,-5.0
20,PHILLIP ISLAND,10686,11037,11416,11748,12115,17.0,283.0,51.0,-12.0,339.0,52.0,-17.0,297.0,52.0,-20.0,351.0,36.0,-29.0,476.0,-9.0
21,WILSONS PROMONTORY,13,13,13,13,13,0.0,0.0,0.0,0.0,0.0,0.0,0.0,0.0,0.0,0.0,0.0,0.0,0.0,0.0,0.0
22,WONTHAGGI - INVERLOCH,22577,23125,23685,24330,25098,-20.0,504.0,64.0,-44.0,533.0,71.0,-18.0,593.0,70.0,-35.0,754.0,49.0,-49.0,1007.0,-12.0
23,CHURCHILL,11594,11576,11590,11628,11702,54.0,-114.0,42.0,51.0,-84.0,47.0,51.0,-58.0,45.0,56.0,-14.0,32.0,76.0,1.0,-7.0
24,MOE - NEWBOROUGH,16840,16831,16810,16816,16842,-13.0,-34.0,38.0,12.0,-70.0,37.0,-27.0,-5.0,38.0,-62.0,60.0,28.0,-68.0,73.0,-6.0
25,MORWELL,14024,14008,14025,14038,14001,16.0,-75.0,43.0,35.0,-61.0,43.0,-36.0,7.0,42.0,-18.0,-49.0,30.0,0.0,52.0,-7.0
26,TRARALGON,27361,27667,27958,28206,28427,105.0,89.0,112.0,127.0,52.0,112.0,87.0,50.0,111.0,94.0,47.0,80.0,60.0,55.0,-21.0
27,YALLOURN NORTH - GLENGARRY,4643,4645,4645,4692,4752,37.0,-39.0,4.0,8.0,-12.0,4.0,22.0,21.0,4.0,32.0,26.0,2.0,45.0,20.0,0.0
28,ALPS - WEST,24,24,24,24,24,0.0,0.0,0.0,0.0,0.0,0.0,0.0,0.0,0.0,0.0,0.0,0.0,0.0,0.0,0.0
29,LONGFORD - LOCH SPORT,4367,4398,4403,4453,4576,8.0,7.0,16.0,-12.0,0.0,17.0,1.0,32.0,17.0,-3.0,114.0,12.0,2.0,73.0,-4.0
30,MAFFRA,13973,14099,14197,14335,14495,34.0,24.0,68.0,26.0,2.0,70.0,58.0,10.0,70.0,40.0,72.0,48.0,36.0,68.0,-12.0
31,ROSEDALE,4791,4865,4870,4919,4792,23.0,34.0,17.0,27.0,-40.0,18.0,29.0,1.0,19.0,10.0,-149.0,12.0,12.0,52.0,-4.0
32,NORTH MELBOURNE,22106,23673,25367,26471,27718,122.0,-91.0,1536.0,147.0,284.0,1263.0,162.0,-284.0,1226.0,167.0,220.0,860.0,145.0,-201.0,-1325.0
33,HAWTHORN EAST,16192,16625,16994,17244,17457,110.0,-6.0,329.0,95.0,-11.0,285.0,82.0,-108.0,276.0,72.0,-51.0,192.0,73.0,-345.0,-461.0
34,PARKVILLE,7898,8283,8447,8754,8738,-13.0,21.0,377.0,9.0,-147.0,302.0,-43.0,62.0,288.0,-65.0,-149.0,198.0,-22.0,-266.0,-486.0
35,SOUTH YARRA - WEST,6453,6814,6924,7008,6901,-7.0,204.0,164.0,-15.0,1.0,124.0,-30.0,-4.0,118.0,-29.0,-158.0,80.0,19.0,-252.0,-197.0
36,CHELTENHAM - HIGHETT (WEST),11463,11750,12142,12354,12581,76.0,89.0,122.0,79.0,199.0,114.0,79.0,22.0,111.0,46.0,102.0,79.0,71.0,-46.0,-72.0
37,ORMOND - GLEN HUNTLY,14057,14283,14525,14735,14823,116.0,-399.0,509.0,117.0,-389.0,514.0,111.0,-417.0,516.0,90.0,-368.0,366.0,98.0,-495.0,-348.0
38,BENTLEIGH EAST (NORTH),15482,15732,16029,16535,16921,85.0,-78.0,243.0,95.0,3.0,199.0,94.0,217.0,195.0,104.0,144.0,138.0,89.0,26.0,-125.0
39,SUNBURY - SOUTH,27686,28452,29373,30638,31696,166.0,471.0,129.0,228.0,569.0,124.0,245.0,897.0,123.0,288.0,683.0,87.0,251.0,291.0,-22.0
40,KNOXFIELD - SCORESBY,15752,16298,16765,17197,17390,111.0,274.0,161.0,109.0,195.0,163.0,128.0,143.0,161.0,116.0,-39.0,116.0,99.0,-205.0,-62.0
41,BRUNSWICK EAST,11716,12560,13301,13767,14466,104.0,420.0,320.0,87.0,361.0,293.0,84.0,99.0,283.0,92.0,408.0,199.0,71.0,238.0,-281.0
42,HAMPTON,18611,18868,19103,19345,19570,105.0,-69.0,221.0,82.0,-62.0,215.0,46.0,-19.0,215.0,63.0,11.0,151.0,69.0,-282.0,-212.0
43,SOUTHBANK,20288,22210,24424,26321,27426,180.0,815.0,927.0,179.0,1269.0,766.0,186.0,1007.0,704.0,202.0,428.0,475.0,148.0,716.0,-1936.0
44,ST KILDA EAST,17613,17916,18262,18587,18697,195.0,-267.0,375.0,186.0,-201.0,361.0,154.0,-185.0,356.0,188.0,-326.0,248.0,136.0,-588.0,-354.0
45,ARMADALE,9619,9783,10306,10501,10539,50.0,-3.0,117.0,51.0,369.0,103.0,63.0,33.0,99.0,29.0,-59.0,68.0,61.0,-232.0,-155.0
46,BACCHUS MARSH,20989,21636,22222,22966,23747,145.0,435.0,67.0,143.0,379.0,64.0,174.0,506.0,64.0,130.0,606.0,45.0,136.0,585.0,-25.0
47,PRAHRAN - WINDSOR,21275,21742,22040,22238,22384,108.0,-155.0,514.0,100.0,-282.0,480.0,96.0,-368.0,470.0,101.0,-285.0,330.0,93.0,-621.0,-465.0
48,HILLSIDE,21305,22913,24151,25229,25873,318.0,1101.0,189.0,349.0,709.0,180.0,372.0,527.0,179.0,315.0,200.0,129.0,305.0,1028.0,-69.0
49,ELSTERNWICK,12110,12304,12499,12671,12789,118.0,-89.0,165.0,92.0,-47.0,150.0,75.0,-49.0,146.0,76.0,-61.0,103.0,77.0,-324.0,-147.0
50,MELTON,19560,19832,20189,20599,20695,212.0,-97.0,157.0,165.0,42.0,150.0,184.0,79.0,147.0,164.0,-173.0,105.0,168.0,-501.0,-57.0
51,COLAC REGION,5381,5363,5363,5364,5407,41.0,-73.0,14.0,35.0,-48.0,13.0,27.0,-38.0,12.0,35.0,-2.0,10.0,20.0,-44.0,-3.0
52,CORANGAMITE - NORTH,5432,5410,5354,5339,5356,-19.0,-17.0,14.0,-28.0,-41.0,13.0,-14.0,-13.0,12.0,-28.0,35.0,10.0,-19.0,29.0,-3.0
53,WHITE HILLS - ASCOT,11914,12544,13129,13793,14317,213.0,362.0,55.0,173.0,356.0,56.0,186.0,422.0,56.0,160.0,325.0,39.0,188.0,319.0,-22.0
54,BENDIGO REGION - SOUTH,7346,7565,7770,7891,8115,56.0,151.0,12.0,64.0,130.0,11.0,46.0,63.0,12.0,69.0,146.0,9.0,45.0,111.0,-4.0
55,CORANGAMITE - SOUTH,7274,7225,7177,7103,7043,30.0,-101.0,22.0,10.0,-82.0,24.0,8.0,-107.0,25.0,16.0,-92.0,16.0,6.0,-87.0,-4.0
56,BENDIGO REGION - NORTH,4413,4478,4554,4580,4625,29.0,32.0,4.0,18.0,54.0,4.0,17.0,5.0,4.0,4.0,38.0,3.0,18.0,55.0,-1.0
57,LODDON,7098,7052,7055,7033,7003,-17.0,-43.0,14.0,-14.0,4.0,13.0,-21.0,-14.0,13.0,-50.0,11.0,9.0,-38.0,64.0,-3.0
58,BANNOCKBURN,6549,6872,7116,7346,7591,35.0,276.0,12.0,56.0,177.0,11.0,29.0,189.0,12.0,64.0,172.0,9.0,68.0,68.0,-2.0
59,GOLDEN PLAINS - SOUTH,6937,7069,7239,7433,7599,48.0,68.0,16.0,56.0,100.0,14.0,41.0,139.0,14.0,55.0,101.0,10.0,36.0,232.0,-2.0
60,WINCHELSEA,5824,5830,5864,5951,6093,14.0,-15.0,7.0,17.0,10.0,7.0,4.0,77.0,6.0,23.0,114.0,5.0,38.0,132.0,-1.0
61,BRUNSWICK WEST,14523,14763,15169,15547,15875,97.0,-218.0,361.0,77.0,-11.0,340.0,96.0,-52.0,334.0,90.0,1.0,237.0,64.0,-139.0,-204.0
62,SOUTH YARRA - EAST,22350,23657,24654,25056,25284,168.0,324.0,815.0,162.0,116.0,719.0,149.0,-433.0,686.0,148.0,-393.0,473.0,94.0,-133.0,-1074.0
63,ALFREDTON,11852,12522,13291,14071,15030,111.0,490.0,69.0,132.0,566.0,71.0,128.0,582.0,70.0,150.0,760.0,49.0,117.0,1143.0,-27.0
64,TOORAK,14036,14126,14187,14270,14322,2.0,-74.0,162.0,4.0,-84.0,141.0,14.0,-65.0,134.0,-4.0,-36.0,92.0,-1.0,-148.0,-212.0
65,SURREY HILLS (WEST) - CANTERBURY,17126,17295,17397,17455,17275,0.0,-16.0,185.0,-5.0,-57.0,164.0,-33.0,-64.0,155.0,-33.0,-255.0,108.0,-34.0,-220.0,-245.0
66,HUGHESDALE,8038,8184,8286,8420,8566,43.0,-110.0,213.0,68.0,-152.0,186.0,53.0,-102.0,183.0,55.0,-39.0,130.0,17.0,-153.0,-117.0
67,OTWAY,3556,3569,3579,3607,3653,-4.0,-19.0,36.0,12.0,-37.0,35.0,-2.0,-4.0,34.0,-1.0,21.0,26.0,1.0,14.0,-7.0
68,BALLARAT,12301,12227,12175,12223,12097,-34.0,-126.0,86.0,-33.0,-105.0,86.0,-36.0,-2.0,86.0,-49.0,-138.0,61.0,-43.0,-107.0,-16.0
69,COBURG,27802,28240,28660,29211,29449,192.0,-318.0,564.0,244.0,-381.0,557.0,215.0,-227.0,563.0,175.0,-339.0,402.0,167.0,-390.0,-207.0
70,BALLARAT - NORTH,23539,23902,24147,24456,24606,98.0,175.0,90.0,117.0,32.0,96.0,81.0,134.0,94.0,61.0,22.0,67.0,8.0,123.0,-17.0
71,BALLARAT - SOUTH,24654,25029,25390,25594,25639,142.0,87.0,146.0,119.0,91.0,151.0,107.0,-58.0,155.0,126.0,-196.0,115.0,83.0,-150.0,-29.0
72,BACCHUS MARSH REGION,5982,6062,6152,6211,6309,9.0,61.0,10.0,36.0,45.0,9.0,33.0,16.0,10.0,8.0,82.0,8.0,20.0,11.0,-2.0
73,CRESWICK - CLUNES,7870,7928,7997,8087,8131,-6.0,50.0,14.0,10.0,46.0,13.0,23.0,55.0,12.0,-30.0,64.0,10.0,6.0,55.0,-3.0
74,BUNINYONG,7311,7491,7584,7713,7721,48.0,85.0,47.0,22.0,24.0,47.0,33.0,49.0,47.0,21.0,-46.0,33.0,33.0,-78.0,-8.0
75,DELACOMBE,7195,7487,7873,8495,9234,73.0,200.0,19.0,74.0,292.0,20.0,63.0,538.0,21.0,79.0,646.0,14.0,82.0,699.0,-8.0
76,DAYLESFORD,9117,9165,9261,9324,9435,-25.0,33.0,40.0,-11.0,68.0,39.0,-27.0,52.0,38.0,-23.0,105.0,29.0,-13.0,103.0,-7.0
77,SMYTHES CREEK,3990,3992,4021,4081,4113,22.0,-20.0,0.0,27.0,2.0,0.0,34.0,26.0,0.0,21.0,11.0,0.0,20.0,34.0,0.0
78,WENDOUREE - MINERS REST,14826,14907,15012,15100,15170,41.0,-44.0,84.0,37.0,-16.0,84.0,59.0,-55.0,84.0,-2.0,13.0,59.0,14.0,47.0,-15.0
79,MARYBOROUGH (VIC.),8001,8026,8073,8062,8007,-51.0,64.0,12.0,-39.0,75.0,11.0,-57.0,34.0,12.0,-86.0,22.0,9.0,-55.0,27.0,-2.0
80,MARYBOROUGH REGION,5278,5327,5364,5354,5322,-16.0,57.0,8.0,-14.0,43.0,8.0,-27.0,9.0,8.0,-19.0,-18.0,5.0,-20.0,108.0,-1.0
81,BENDIGO,14770,14737,14737,14776,14699,-47.0,-86.0,100.0,-48.0,-58.0,106.0,-34.0,-37.0,110.0,-24.0,-131.0,78.0,-62.0,-129.0,-20.0
82,CALIFORNIA GULLY - EAGLEHAWK,12130,12403,12675,12978,13248,57.0,178.0,38.0,52.0,183.0,37.0,81.0,184.0,38.0,79.0,163.0,28.0,75.0,174.0,-14.0
83,BELMONT,14312,14523,14610,14765,14823,84.0,-6.0,133.0,30.0,-77.0,134.0,40.0,-17.0,132.0,51.0,-87.0,94.0,39.0,-160.0,-24.0
84,CORIO - NORLANE,27029,27294,27441,27574,27612,189.0,-174.0,250.0,151.0,-268.0,264.0,179.0,-318.0,272.0,109.0,-291.0,220.0,111.0,-303.0,-45.0
85,EAST BENDIGO - KENNINGTON,13750,13778,13784,13825,13717,-50.0,10.0,68.0,-1.0,-68.0,75.0,-25.0,-8.0,74.0,-28.0,-131.0,51.0,-21.0,150.0,-12.0
86,FLORA HILL - SPRING GULLY,9493,9537,9601,9693,9828,58.0,-84.0,70.0,59.0,-70.0,75.0,60.0,-42.0,74.0,65.0,17.0,53.0,38.0,-107.0,-12.0
87,MOYNE - EAST,6709,6667,6669,6685,6737,17.0,-79.0,20.0,38.0,-56.0,20.0,24.0,-29.0,21.0,28.0,10.0,14.0,40.0,42.0,-4.0
88,KANGAROO FLAT - GOLDEN SQUARE,19947,20129,20330,20560,20738,51.0,30.0,101.0,43.0,54.0,104.0,19.0,108.0,103.0,34.0,66.0,78.0,6.0,123.0,-20.0
89,MOYNE - WEST,9603,9680,9776,9840,9857,8.0,22.0,47.0,24.0,25.0,47.0,23.0,-4.0,45.0,11.0,-26.0,32.0,26.0,101.0,-7.0
90,MAIDEN GULLY,5155,5254,5382,5458,5591,50.0,37.0,12.0,51.0,66.0,11.0,58.0,6.0,12.0,47.0,77.0,9.0,57.0,21.0,-2.0
91,PASCOE VALE SOUTH,10465,10763,10969,11083,11120,55.0,127.0,116.0,59.0,36.0,111.0,43.0,-38.0,109.0,61.0,-102.0,78.0,9.0,-254.0,-43.0
92,STRATHFIELDSAYE,8775,9073,9484,9907,10325,79.0,197.0,22.0,73.0,314.0,24.0,86.0,312.0,25.0,74.0,328.0,16.0,66.0,325.0,-9.0
93,KENSINGTON (VIC.),11530,11673,11866,12176,12176,130.0,-171.0,184.0,137.0,-122.0,178.0,122.0,11.0,177.0,104.0,-227.0,123.0,102.0,-263.0,-179.0
94,CASTLEMAINE,10770,10899,11047,11194,11346,-58.0,138.0,49.0,-50.0,148.0,50.0,-24.0,121.0,50.0,-50.0,167.0,35.0,-37.0,91.0,-9.0
95,CASTLEMAINE REGION,8621,8690,8722,8796,8896,-4.0,54.0,19.0,13.0,0.0,19.0,-22.0,76.0,20.0,3.0,83.0,14.0,-15.0,182.0,-3.0
96,HEATHCOTE,4529,4562,4635,4689,4789,-29.0,57.0,5.0,-18.0,86.0,5.0,-10.0,58.0,6.0,-13.0,109.0,4.0,-6.0,109.0,-1.0
97,KYNETON,9782,9914,10081,10225,10357,-15.0,109.0,38.0,4.0,126.0,37.0,1.0,105.0,38.0,-2.0,106.0,28.0,-18.0,161.0,-6.0
98,WOODEND,7043,7191,7348,7512,7607,11.0,113.0,24.0,16.0,117.0,24.0,15.0,124.0,25.0,-15.0,91.0,19.0,-2.0,189.0,-5.0
99,GEELONG,13077,13282,13500,13587,13777,18.0,-4.0,191.0,55.0,-35.0,198.0,29.0,-142.0,200.0,32.0,15.0,143.0,21.0,15.0,-35.0
100,GEELONG WEST - HAMLYN HEIGHTS,20021,20242,20571,20871,21263,187.0,-149.0,183.0,174.0,-39.0,194.0,119.0,-16.0,197.0,151.0,96.0,145.0,161.0,4.0,-30.0
101,GROVEDALE,23790,25597,27561,29379,31567,61.0,1512.0,234.0,78.0,1690.0,196.0,141.0,1482.0,195.0,174.0,1874.0,140.0,227.0,2019.0,-75.0
102,LEOPOLD,13140,13528,13753,13837,13916,113.0,227.0,48.0,71.0,106.0,48.0,69.0,-32.0,47.0,36.0,9.0,34.0,40.0,-6.0,-8.0
103,HIGHTON,22794,23062,23451,23802,23862,99.0,-101.0,270.0,105.0,13.0,271.0,105.0,-23.0,269.0,79.0,-211.0,192.0,88.0,279.0,-103.0
104,LARA,18587,19240,19978,20580,20929,139.0,412.0,102.0,137.0,499.0,102.0,147.0,355.0,100.0,157.0,121.0,71.0,134.0,266.0,-40.0
105,POINT LONSDALE - QUEENSCLIFF,4249,4320,4400,4495,4746,-13.0,65.0,19.0,-25.0,85.0,20.0,-33.0,107.0,21.0,-43.0,280.0,14.0,-24.0,279.0,-8.0
106,MELBOURNE,40181,45327,49247,51909,53139,192.0,893.0,4061.0,229.0,-81.0,3772.0,238.0,-1033.0,3457.0,168.0,-717.0,1779.0,161.0,-391.0,-5717.0
107,NEWCOMB - MOOLAP,14873,14903,14950,15117,15086,-48.0,13.0,65.0,-53.0,35.0,65.0,-9.0,110.0,66.0,-45.0,-33.0,47.0,-86.0,-50.0,-12.0
108,NEWTOWN (VIC.),10483,10597,10719,10835,10942,65.0,-58.0,107.0,55.0,-48.0,115.0,37.0,-40.0,119.0,39.0,-18.0,86.0,53.0,-68.0,-22.0
109,NORTH GEELONG - BELL PARK,15040,15262,15404,15741,15753,-27.0,129.0,120.0,-13.0,29.0,126.0,-16.0,224.0,129.0,-19.0,-61.0,92.0,-37.0,-107.0,-23.0
110,KILMORE - BROADFORD,14098,14501,14921,15516,15833,72.0,254.0,77.0,53.0,286.0,81.0,75.0,439.0,81.0,45.0,214.0,58.0,66.0,245.0,-14.0
111,MANSFIELD (VIC.),8935,9073,9253,9445,9753,4.0,74.0,60.0,1.0,114.0,65.0,0.0,126.0,66.0,-4.0,265.0,47.0,-8.0,288.0,-11.0
112,NAGAMBIE,4048,4110,4200,4270,4414,4.0,38.0,20.0,-3.0,71.0,22.0,1.0,46.0,23.0,-2.0,130.0,16.0,5.0,131.0,-3.0
113,CLIFTON SPRINGS,13593,14083,14636,15397,15906,9.0,445.0,36.0,41.0,476.0,36.0,29.0,696.0,36.0,28.0,455.0,26.0,49.0,511.0,-14.0
114,LORNE - ANGLESEA,5261,5334,5407,5443,5614,-22.0,59.0,36.0,-12.0,49.0,36.0,-14.0,14.0,36.0,1.0,144.0,26.0,-6.0,257.0,-14.0
115,OCEAN GROVE - BARWON HEADS,24177,25360,26648,28055,29372,137.0,915.0,131.0,161.0,996.0,131.0,187.0,1090.0,130.0,137.0,1087.0,93.0,162.0,1146.0,-50.0
116,MYRTLEFORD,4742,4740,4724,4752,4790,-38.0,15.0,21.0,-34.0,0.0,18.0,-43.0,52.0,19.0,-16.0,42.0,12.0,-28.0,36.0,-4.0
117,TOWONG,6014,6012,6027,6013,6073,-4.0,-12.0,14.0,-4.0,10.0,9.0,-24.0,2.0,8.0,-22.0,74.0,8.0,-13.0,-13.0,-2.0
118,WEST WODONGA,15181,15233,15323,15440,15551,109.0,-109.0,52.0,71.0,-37.0,56.0,63.0,-4.0,58.0,66.0,6.0,39.0,69.0,7.0,-10.0
119,WODONGA,24919,25579,26106,26643,27094,223.0,301.0,136.0,198.0,193.0,136.0,200.0,197.0,140.0,200.0,155.0,96.0,115.0,385.0,-25.0
120,PORTARLINGTON,7517,7685,7915,8156,8541,-36.0,194.0,10.0,-35.0,256.0,9.0,-28.0,259.0,10.0,-59.0,436.0,8.0,-51.0,554.0,-4.0
121,TORQUAY,19131,19892,20669,21769,22765,166.0,471.0,124.0,195.0,453.0,129.0,174.0,793.0,133.0,128.0,774.0,94.0,189.0,974.0,-52.0
122,ALEXANDRA,6474,6534,6619,6648,6644,-12.0,35.0,37.0,-31.0,79.0,37.0,-40.0,33.0,36.0,-23.0,-8.0,27.0,-30.0,121.0,-15.0
123,EUROA,6316,6375,6442,6505,6574,-15.0,58.0,16.0,-38.0,89.0,16.0,-25.0,71.0,17.0,-23.0,81.0,11.0,-36.0,88.0,-6.0
124,SEYMOUR,6403,6405,6423,6452,6437,-9.0,-67.0,78.0,12.0,-71.0,77.0,-19.0,-28.0,76.0,-14.0,-55.0,54.0,-21.0,25.0,-13.0
125,SEYMOUR REGION,4487,4533,4511,4471,4390,37.0,-10.0,19.0,48.0,-90.0,20.0,37.0,-98.0,21.0,11.0,-106.0,14.0,32.0,-27.0,-4.0
126,UPPER YARRA VALLEY,184,186,192,194,196,0.0,2.0,0.0,3.0,3.0,0.0,0.0,2.0,0.0,0.0,2.0,0.0,0.0,9.0,0.0
127,YEA,3606,3649,3732,3755,3831,-13.0,44.0,12.0,-8.0,80.0,11.0,-2.0,13.0,12.0,-7.0,73.0,10.0,-3.0,86.0,-2.0
128,BENALLA,10420,10421,10435,10448,10491,-45.0,26.0,20.0,-36.0,30.0,20.0,-31.0,23.0,21.0,-35.0,64.0,14.0,-53.0,53.0,-4.0
129,BENALLA REGION,3623,3627,3659,3664,3721,8.0,-10.0,6.0,11.0,15.0,6.0,8.0,-9.0,6.0,9.0,44.0,4.0,3.0,-4.0,0.0
130,RUTHERGLEN,3907,3945,4000,4050,4081,3.0,19.0,16.0,2.0,38.0,15.0,1.0,34.0,15.0,5.0,15.0,11.0,-1.0,14.0,-3.0
131,WANGARATTA,18940,19112,19318,19407,19436,7.0,107.0,58.0,-7.0,149.0,64.0,-36.0,60.0,65.0,-13.0,-6.0,48.0,-22.0,156.0,-12.0
132,WANGARATTA REGION,9652,9741,9768,9777,9755,44.0,29.0,16.0,23.0,-11.0,15.0,41.0,-47.0,15.0,35.0,-68.0,11.0,33.0,36.0,-3.0
133,BEECHWORTH,4632,4726,4785,4853,4912,-17.0,102.0,9.0,-26.0,76.0,9.0,-5.0,65.0,8.0,-43.0,94.0,8.0,-9.0,28.0,-2.0
134,BRIGHT - MOUNT BEAUTY,8299,8372,8478,8526,8649,-1.0,21.0,53.0,13.0,35.0,58.0,-8.0,-3.0,59.0,-1.0,82.0,42.0,-15.0,131.0,-10.0
135,CHILTERN - INDIGO VALLEY,3117,3120,3126,3163,3185,15.0,-12.0,0.0,8.0,-2.0,0.0,18.0,19.0,0.0,17.0,5.0,0.0,17.0,-16.0,0.0
136,SALE,14891,14926,15021,15133,15297,56.0,-97.0,76.0,28.0,-10.0,77.0,7.0,29.0,76.0,28.0,82.0,54.0,-25.0,129.0,-13.0
137,YARRAM,5371,5390,5413,5443,5505,-7.0,19.0,7.0,-14.0,30.0,7.0,-2.0,26.0,6.0,-27.0,84.0,5.0,-13.0,21.0,-1.0
138,BRUNSWICK,27435,28220,29186,29998,30491,181.0,-73.0,677.0,193.0,132.0,641.0,172.0,8.0,632.0,151.0,-101.0,443.0,117.0,-639.0,-634.0
139,ALPHINGTON - FAIRFIELD,9434,9650,9774,10010,10217,87.0,-25.0,154.0,54.0,-75.0,145.0,67.0,27.0,142.0,47.0,59.0,101.0,64.0,-198.0,-91.0
140,NORTHCOTE,26424,26989,27523,27916,28232,144.0,91.0,330.0,132.0,100.0,302.0,158.0,-58.0,293.0,124.0,-14.0,206.0,47.0,-587.0,-290.0
141,THORNBURY,19578,19880,20144,20383,20624,135.0,-86.0,253.0,128.0,-102.0,238.0,104.0,-100.0,235.0,118.0,-43.0,166.0,105.0,-302.0,-146.0
142,ASCOT VALE,15497,15906,16256,16514,16711,199.0,-81.0,291.0,204.0,-132.0,278.0,186.0,-204.0,276.0,184.0,-184.0,197.0,146.0,-221.0,-106.0
143,ESSENDON - ABERFELDIE,28946,29749,30375,30930,31367,132.0,197.0,474.0,98.0,74.0,454.0,82.0,26.0,447.0,86.0,35.0,316.0,37.0,-491.0,-282.0
144,FLEMINGTON,10734,10858,11194,11351,11364,133.0,-388.0,379.0,106.0,-151.0,381.0,104.0,-326.0,379.0,82.0,-339.0,270.0,52.0,-589.0,-141.0
145,MOONEE PONDS,15158,15441,15728,16053,16458,100.0,-89.0,272.0,70.0,-39.0,256.0,51.0,22.0,252.0,76.0,151.0,178.0,51.0,-142.0,-172.0
146,CARLTON,20242,21835,23261,24709,25649,91.0,-518.0,2020.0,59.0,-727.0,2094.0,52.0,-651.0,2047.0,33.0,-404.0,1311.0,15.0,-358.0,-2236.0
147,DOCKLANDS,11832,13694,14985,15701,15788,133.0,736.0,993.0,147.0,504.0,640.0,186.0,13.0,517.0,153.0,-398.0,332.0,162.0,227.0,-1356.0
148,EAST MELBOURNE,5475,5661,5743,5918,6053,6.0,42.0,138.0,-1.0,-13.0,96.0,8.0,76.0,91.0,-8.0,80.0,63.0,-1.0,-104.0,-145.0
149,FLEMINGTON RACECOURSE,91,91,91,91,91,0.0,0.0,0.0,0.0,0.0,0.0,0.0,0.0,0.0,0.0,0.0,0.0,0.0,0.0,0.0
150,WEST MELBOURNE,3,3,3,3,3,0.0,0.0,0.0,0.0,0.0,0.0,0.0,0.0,0.0,0.0,0.0,0.0,0.0,0.0,0.0
151,ALBERT PARK,16490,16738,17208,17808,17927,136.0,-220.0,332.0,117.0,61.0,292.0,109.0,212.0,279.0,118.0,-191.0,192.0,90.0,-330.0,-442.0
152,ELWOOD,16382,16566,16631,16757,16672,169.0,-234.0,249.0,159.0,-315.0,221.0,200.0,-283.0,209.0,140.0,-369.0,144.0,150.0,-505.0,-331.0
153,PORT MELBOURNE,17469,17682,17842,18051,17995,177.0,-211.0,247.0,148.0,-227.0,239.0,125.0,-157.0,241.0,129.0,-355.0,170.0,99.0,-204.0,-258.0
154,PORT MELBOURNE INDUSTRIAL,25,25,259,438,685,0.0,0.0,0.0,4.0,222.0,8.0,6.0,165.0,8.0,13.0,229.0,5.0,11.0,111.0,-7.0
155,SOUTH MELBOURNE,12492,12761,13169,13510,13681,78.0,-97.0,288.0,86.0,59.0,263.0,52.0,34.0,255.0,29.0,-38.0,180.0,43.0,-195.0,-267.0
156,ST KILDA,28166,28934,29886,30453,30757,93.0,-259.0,934.0,127.0,-48.0,873.0,95.0,-385.0,857.0,83.0,-381.0,602.0,65.0,-724.0,-850.0
157,ABBOTSFORD,8770,9453,9855,10090,10339,63.0,355.0,265.0,76.0,120.0,206.0,78.0,-26.0,183.0,61.0,61.0,127.0,58.0,6.0,-300.0
158,CARLTON NORTH - PRINCES HILL,9058,9127,9180,9207,9270,51.0,-136.0,154.0,54.0,-144.0,143.0,55.0,-169.0,141.0,52.0,-86.0,97.0,54.0,-273.0,-223.0
159,COLLINGWOOD,9235,9826,10377,10990,11523,80.0,169.0,342.0,96.0,123.0,332.0,89.0,186.0,338.0,82.0,195.0,256.0,65.0,-167.0,-116.0
160,FITZROY,11259,11479,11726,11906,11920,87.0,-152.0,285.0,107.0,-139.0,279.0,56.0,-155.0,279.0,48.0,-231.0,197.0,38.0,-391.0,-168.0
161,FITZROY NORTH,13129,13354,13615,13930,14093,88.0,-58.0,195.0,95.0,-8.0,174.0,104.0,40.0,171.0,42.0,3.0,118.0,47.0,-363.0,-272.0
162,MURRUMBEENA,9809,9915,9992,10102,10075,50.0,-172.0,228.0,44.0,-182.0,215.0,35.0,-135.0,210.0,23.0,-199.0,149.0,48.0,-129.0,-135.0
163,RICHMOND (VIC.),32686,33697,34659,35862,36234,291.0,22.0,698.0,286.0,-28.0,704.0,254.0,237.0,712.0,251.0,-383.0,504.0,198.0,-1015.0,-473.0
164,ASHBURTON (VIC.),8104,8181,8250,8298,8305,12.0,-49.0,114.0,5.0,-25.0,89.0,12.0,-50.0,86.0,19.0,-74.0,62.0,7.0,-205.0,-87.0
165,BALWYN,16679,16915,17071,17145,17012,-12.0,-108.0,356.0,-12.0,-164.0,332.0,-9.0,-244.0,327.0,-18.0,-344.0,229.0,-22.0,-346.0,-325.0
166,BENTLEIGH EAST (SOUTH),13767,14023,14191,14424,14675,83.0,24.0,149.0,47.0,-21.0,142.0,76.0,18.0,139.0,60.0,90.0,101.0,55.0,117.0,-54.0
167,YARRA - NORTH,9606,9733,9882,10290,10454,84.0,-84.0,127.0,90.0,-54.0,113.0,67.0,234.0,107.0,71.0,19.0,74.0,48.0,-33.0,-178.0
168,HAWTHORN,24548,25048,25532,26164,26321,164.0,-196.0,532.0,164.0,-199.0,519.0,173.0,-54.0,513.0,136.0,-332.0,353.0,119.0,-527.0,-855.0
169,BALWYN NORTH,21440,21578,21701,21824,21785,-1.0,-186.0,325.0,18.0,-210.0,315.0,-4.0,-189.0,316.0,7.0,-268.0,222.0,-5.0,-218.0,-317.0
170,CAMBERWELL,22646,22902,23021,23160,23031,-60.0,34.0,282.0,-79.0,-68.0,266.0,-50.0,-65.0,254.0,-87.0,-218.0,176.0,-93.0,-481.0,-396.0
171,GLEN IRIS - EAST,17182,17423,17552,17714,17651,102.0,13.0,126.0,92.0,-85.0,122.0,106.0,-66.0,122.0,106.0,-253.0,84.0,86.0,-183.0,-194.0
172,KEW,26504,26774,26915,27188,27069,50.0,-100.0,320.0,3.0,-156.0,294.0,36.0,-49.0,286.0,1.0,-318.0,198.0,58.0,-516.0,-453.0
173,KEW EAST,6855,6909,6916,6978,7041,47.0,-85.0,92.0,15.0,-93.0,85.0,38.0,-58.0,82.0,26.0,-21.0,58.0,21.0,-95.0,-83.0
174,BULLEEN,11565,11652,11765,11833,11932,32.0,-94.0,149.0,42.0,-71.0,142.0,22.0,-93.0,139.0,30.0,-32.0,101.0,13.0,-164.0,-54.0
175,BRIGHTON (VIC.),24353,24699,24979,25122,25014,0.0,78.0,268.0,-5.0,19.0,266.0,-2.0,-112.0,257.0,6.0,-293.0,179.0,-44.0,-394.0,-404.0
176,DONCASTER,21885,22718,23405,24473,25488,88.0,153.0,592.0,104.0,-55.0,638.0,105.0,316.0,647.0,106.0,444.0,465.0,71.0,212.0,-251.0
177,BEAUMARIS,14250,14458,14606,14772,14925,11.0,83.0,114.0,43.0,0.0,105.0,25.0,40.0,101.0,3.0,79.0,71.0,-16.0,37.0,-102.0
178,TEMPLESTOWE,17682,17738,17734,17763,17668,-37.0,-142.0,235.0,-48.0,-178.0,222.0,-58.0,-130.0,217.0,-82.0,-167.0,154.0,-58.0,-197.0,-140.0
179,TEMPLESTOWE LOWER,14305,14402,14451,14483,14633,-18.0,-22.0,137.0,-37.0,-61.0,147.0,-43.0,-74.0,149.0,-17.0,60.0,107.0,-89.0,-161.0,-57.0
180,DONCASTER EAST (NORTH),15328,15438,15571,15751,15882,67.0,-215.0,258.0,35.0,-159.0,257.0,28.0,-101.0,253.0,7.0,-55.0,179.0,-16.0,-225.0,-163.0
181,DONCASTER EAST (SOUTH),14596,14933,15139,15803,15998,61.0,-148.0,424.0,40.0,-259.0,425.0,34.0,204.0,426.0,70.0,-180.0,305.0,33.0,-184.0,-164.0
182,BLACKBURN,22291,22738,23055,23396,23633,60.0,28.0,359.0,62.0,-83.0,338.0,57.0,-48.0,332.0,36.0,-34.0,235.0,24.0,-320.0,-213.0
183,BLACKBURN SOUTH,11229,11318,11399,11499,11506,2.0,-69.0,156.0,20.0,-76.0,137.0,37.0,-62.0,125.0,-1.0,-81.0,89.0,-19.0,-242.0,-80.0
184,BOX HILL,20839,21703,22627,23331,23968,107.0,-320.0,1077.0,121.0,-237.0,1040.0,62.0,-378.0,1020.0,34.0,-191.0,794.0,9.0,-248.0,-675.0
185,BRIGHTON EAST,16718,16774,16883,16952,16949,-57.0,-70.0,183.0,-38.0,-28.0,175.0,-26.0,-79.0,174.0,-66.0,-60.0,123.0,-51.0,-85.0,-177.0
186,BOX HILL NORTH,18466,18702,18970,19224,19503,162.0,-394.0,468.0,109.0,-293.0,452.0,114.0,-319.0,459.0,89.0,-136.0,326.0,62.0,-206.0,-294.0
187,BURWOOD,12900,13646,14198,14661,15078,17.0,-244.0,973.0,15.0,-360.0,897.0,18.0,-394.0,839.0,46.0,-202.0,573.0,4.0,32.0,-563.0
188,BURWOOD EAST,10772,10871,10976,11090,11200,15.0,-261.0,345.0,24.0,-281.0,362.0,1.0,-251.0,364.0,4.0,-162.0,268.0,11.0,-84.0,-155.0
189,SURREY HILLS (EAST) - MONT ALBERT,10456,10532,10607,10673,10622,28.0,-112.0,160.0,33.0,-99.0,141.0,26.0,-93.0,133.0,15.0,-158.0,92.0,8.0,-272.0,-211.0
190,SANDRINGHAM - BLACK ROCK,17517,17733,18032,18311,18477,-5.0,68.0,153.0,-8.0,150.0,157.0,-9.0,131.0,157.0,-52.0,107.0,111.0,-89.0,21.0,-160.0
191,BENTLEIGH - MCKINNON,23586,24092,24509,25050,25275,107.0,20.0,379.0,70.0,-9.0,356.0,68.0,123.0,350.0,76.0,-99.0,248.0,62.0,-95.0,-224.0
192,CARNEGIE,19091,19570,20137,20570,20853,161.0,-361.0,679.0,99.0,-169.0,637.0,122.0,-316.0,627.0,89.0,-250.0,444.0,84.0,-228.0,-424.0
193,CAULFIELD - NORTH,22288,22949,23273,23523,23855,197.0,-44.0,508.0,159.0,-236.0,401.0,126.0,-229.0,353.0,120.0,-31.0,243.0,120.0,-59.0,-595.0
194,CAULFIELD - SOUTH,18393,18589,18765,18925,18883,-7.0,-102.0,305.0,-12.0,-47.0,235.0,16.0,-83.0,227.0,33.0,-203.0,128.0,9.0,-200.0,-229.0
195,ASPENDALE GARDENS - WATERWAYS,9427,9451,9489,9497,9462,59.0,-114.0,79.0,30.0,-72.0,80.0,42.0,-118.0,84.0,32.0,-127.0,60.0,31.0,-234.0,-33.0
196,BRAESIDE,60,60,60,60,60,0.0,0.0,0.0,0.0,0.0,0.0,0.0,0.0,0.0,0.0,0.0,0.0,0.0,0.0,0.0
197,CARRUM - PATTERSON LAKES,12111,12319,12550,12661,12699,83.0,35.0,90.0,63.0,82.0,86.0,68.0,-43.0,86.0,62.0,-85.0,61.0,74.0,-72.0,-34.0
198,CHELSEA - BONBEACH,14833,15136,15389,15599,15783,77.0,103.0,123.0,46.0,89.0,118.0,33.0,60.0,117.0,55.0,45.0,84.0,32.0,12.0,-46.0
199,CHELSEA HEIGHTS,5538,5586,5596,5622,5692,53.0,-29.0,24.0,46.0,-58.0,22.0,34.0,-31.0,23.0,45.0,9.0,16.0,39.0,-126.0,-9.0
200,CHELTENHAM - HIGHETT (EAST),23449,23921,24586,25051,25515,120.0,62.0,290.0,140.0,235.0,290.0,62.0,110.0,293.0,135.0,120.0,209.0,93.0,-228.0,-113.0
201,EDITHVALE - ASPENDALE,13376,13518,13756,14026,14184,78.0,-30.0,94.0,79.0,69.0,90.0,72.0,108.0,90.0,71.0,24.0,63.0,78.0,-33.0,-35.0
202,MENTONE,13695,13872,14006,14187,14241,44.0,-72.0,205.0,34.0,-89.0,189.0,86.0,-85.0,180.0,26.0,-101.0,129.0,25.0,-350.0,-115.0
203,MOORABBIN - HEATHERTON,9253,9398,9566,9750,9924,41.0,-73.0,177.0,35.0,-49.0,182.0,38.0,-41.0,187.0,72.0,-30.0,132.0,40.0,-155.0,-71.0
204,MOORABBIN AIRPORT,0,0,0,0,0,0.0,0.0,0.0,0.0,0.0,0.0,0.0,0.0,0.0,0.0,0.0,0.0,0.0,0.0,0.0
205,MORDIALLOC - PARKDALE,20969,21287,21579,21958,22252,93.0,-57.0,282.0,64.0,-22.0,250.0,57.0,71.0,251.0,81.0,35.0,178.0,57.0,-104.0,-162.0
206,MALVERN - GLEN IRIS,21148,21443,21617,21864,21964,56.0,-50.0,289.0,75.0,-156.0,255.0,45.0,-39.0,241.0,60.0,-127.0,167.0,34.0,-486.0,-383.0
207,MALVERN EAST,22575,23021,23477,23847,24074,65.0,-186.0,567.0,62.0,-115.0,509.0,50.0,-176.0,496.0,16.0,-33.0,244.0,-7.0,-48.0,-544.0
208,BUNDOORA - EAST,10292,10385,10461,10556,10612,56.0,-156.0,193.0,65.0,-183.0,194.0,51.0,-150.0,194.0,23.0,-106.0,139.0,27.0,-236.0,-74.0
209,GREENSBOROUGH,21348,21484,21563,21669,21608,125.0,-104.0,115.0,115.0,-159.0,123.0,110.0,-131.0,127.0,87.0,-240.0,92.0,57.0,-426.0,-49.0
210,HEIDELBERG - ROSANNA,15532,15877,16130,16475,16600,52.0,65.0,228.0,61.0,-23.0,215.0,-16.0,151.0,210.0,-38.0,14.0,149.0,-14.0,-290.0,-135.0
211,HEIDELBERG WEST,14806,15118,15349,15766,15831,140.0,-40.0,212.0,127.0,-122.0,226.0,133.0,55.0,229.0,85.0,-183.0,163.0,84.0,-405.0,-88.0
212,IVANHOE EAST - EAGLEMONT,8119,8231,8253,8296,8200,-7.0,51.0,68.0,30.0,-71.0,63.0,22.0,-41.0,62.0,20.0,-159.0,43.0,15.0,-37.0,-62.0
213,HAMPTON PARK - LYNBROOK,26780,27142,27470,27667,27562,367.0,-486.0,481.0,370.0,-502.0,460.0,333.0,-593.0,457.0,309.0,-767.0,353.0,257.0,-986.0,-176.0
214,IVANHOE,11998,12437,12679,12928,12973,80.0,203.0,156.0,66.0,33.0,143.0,62.0,48.0,139.0,45.0,-96.0,96.0,36.0,-182.0,-140.0
215,BUNDOORA - WEST,6456,6532,6625,6711,6779,59.0,-190.0,207.0,49.0,-164.0,208.0,30.0,-150.0,206.0,22.0,-101.0,147.0,23.0,-84.0,-79.0
216,MONTMORENCY - BRIAR HILL,16792,16922,16991,17078,17226,116.0,-88.0,102.0,95.0,-123.0,97.0,67.0,-76.0,96.0,113.0,-33.0,68.0,83.0,-264.0,-38.0
217,WALLAN,16747,17466,18445,19658,20974,215.0,442.0,62.0,248.0,671.0,60.0,263.0,890.0,60.0,285.0,989.0,42.0,297.0,1021.0,-23.0
218,WHITTLESEA,8436,8607,8768,8910,9107,-5.0,154.0,22.0,10.0,129.0,22.0,4.0,115.0,23.0,-5.0,186.0,16.0,44.0,761.0,-8.0
219,VIEWBANK - YALLAMBIE,19018,19117,19215,19243,19183,82.0,-175.0,192.0,93.0,-193.0,198.0,56.0,-230.0,202.0,89.0,-292.0,143.0,73.0,-271.0,-77.0
220,WATSONIA,9542,9613,9678,9698,9731,81.0,-70.0,60.0,90.0,-81.0,56.0,80.0,-118.0,58.0,97.0,-103.0,39.0,71.0,-144.0,-22.0
221,KINGSBURY,11965,12583,13048,13262,13484,17.0,-9.0,610.0,26.0,-174.0,613.0,22.0,-444.0,636.0,-1.0,-275.0,498.0,0.0,-177.0,-295.0
222,RESERVOIR - EAST,28420,29034,29560,30034,30265,153.0,-194.0,655.0,183.0,-306.0,649.0,159.0,-329.0,644.0,116.0,-360.0,475.0,79.0,-509.0,-249.0
223,LYNBROOK - LYNDHURST,16067,16614,17132,17492,17941,243.0,12.0,292.0,204.0,34.0,280.0,215.0,-133.0,278.0,174.0,77.0,198.0,191.0,46.0,-106.0
224,RESERVOIR - WEST,25246,25599,25837,26092,26263,129.0,-247.0,471.0,216.0,-442.0,464.0,166.0,-382.0,471.0,170.0,-335.0,336.0,104.0,-632.0,-181.0
225,PRESTON - EAST,21192,21864,22401,22914,23490,160.0,-15.0,527.0,105.0,-73.0,505.0,139.0,-128.0,502.0,160.0,58.0,358.0,113.0,-209.0,-189.0
226,PRESTON - WEST,12867,13152,13366,13613,13781,118.0,-82.0,249.0,100.0,-126.0,240.0,99.0,-90.0,238.0,93.0,-93.0,168.0,69.0,-290.0,-91.0
227,ELTHAM,24008,24111,24206,24284,24288,141.0,-178.0,140.0,108.0,-161.0,148.0,116.0,-183.0,145.0,110.0,-212.0,106.0,115.0,-391.0,-56.0
228,ESSENDON AIRPORT,0,0,0,0,0,0.0,0.0,0.0,0.0,0.0,0.0,0.0,0.0,0.0,0.0,0.0,0.0,0.0,0.0,0.0
229,CROYDON HILLS - WARRANWOOD,18752,18788,18839,18849,18811,117.0,-179.0,98.0,119.0,-170.0,102.0,100.0,-190.0,100.0,79.0,-189.0,72.0,71.0,-372.0,-40.0
230,HURSTBRIDGE,3605,3624,3625,3625,3635,34.0,-23.0,8.0,21.0,-28.0,8.0,27.0,-35.0,8.0,29.0,-24.0,5.0,18.0,-66.0,-3.0
231,KINGLAKE,3984,4048,4122,4156,4177,31.0,29.0,4.0,37.0,33.0,4.0,23.0,7.0,4.0,9.0,10.0,2.0,36.0,37.0,-1.0
232,PANTON HILL - ST ANDREWS,5409,5441,5496,5491,5463,20.0,-5.0,17.0,26.0,13.0,16.0,21.0,-43.0,17.0,15.0,-54.0,11.0,6.0,-51.0,-6.0
233,PLENTY - YARRAMBAT,9794,9882,9930,9985,9933,44.0,-14.0,58.0,52.0,-60.0,56.0,17.0,-18.0,56.0,17.0,-108.0,39.0,-15.0,-114.0,-22.0
234,RESEARCH - NORTH WARRANDYTE,7007,7044,7054,7056,7105,30.0,-34.0,41.0,46.0,-74.0,38.0,52.0,-88.0,38.0,37.0,-16.0,28.0,41.0,10.0,-15.0
235,WATTLE GLEN - DIAMOND CREEK,14351,14447,14561,14589,14707,84.0,-39.0,51.0,123.0,-59.0,50.0,61.0,-83.0,50.0,69.0,14.0,35.0,64.0,-36.0,-20.0
236,BUNDOORA - NORTH,7959,8229,8494,8613,8747,60.0,-53.0,263.0,70.0,-59.0,254.0,48.0,-180.0,251.0,33.0,-78.0,179.0,25.0,-7.0,-97.0
237,LALOR,23874,24421,24761,25081,25235,283.0,-162.0,426.0,250.0,-337.0,427.0,246.0,-358.0,432.0,209.0,-417.0,362.0,109.0,-489.0,-166.0
238,MILL PARK - NORTH,18712,18710,18747,18710,18597,84.0,-300.0,214.0,96.0,-265.0,206.0,94.0,-336.0,205.0,65.0,-323.0,145.0,54.0,-506.0,-79.0
239,MILL PARK - SOUTH,12526,12530,12485,12406,12382,88.0,-213.0,129.0,98.0,-281.0,138.0,101.0,-316.0,136.0,72.0,-194.0,98.0,79.0,-449.0,-53.0
240,THOMASTOWN,21485,21533,21596,21607,21498,182.0,-496.0,362.0,162.0,-469.0,370.0,108.0,-469.0,372.0,142.0,-552.0,301.0,98.0,-744.0,-144.0
241,DOREEN,21801,23390,25171,26720,28005,455.0,979.0,155.0,392.0,1241.0,148.0,426.0,978.0,145.0,447.0,732.0,106.0,340.0,396.0,-56.0
242,EPPING - EAST,13738,13909,14008,14052,13964,91.0,-139.0,219.0,57.0,-166.0,208.0,66.0,-229.0,207.0,50.0,-287.0,149.0,43.0,-427.0,-79.0
243,EPPING - SOUTH,8690,8763,8780,8766,8659,65.0,-169.0,177.0,86.0,-238.0,169.0,-29.0,-152.0,167.0,-17.0,-210.0,120.0,-21.0,-277.0,-65.0
244,EPPING - WEST,11484,12278,12770,13112,13237,245.0,318.0,231.0,250.0,19.0,223.0,221.0,-100.0,221.0,195.0,-227.0,157.0,147.0,-150.0,-84.0
245,COBURG NORTH,8112,8410,8668,8867,9034,59.0,99.0,140.0,42.0,82.0,134.0,63.0,3.0,133.0,68.0,5.0,94.0,36.0,-133.0,-52.0
246,CROYDON - EAST,15724,16059,16367,16545,16866,153.0,17.0,165.0,156.0,-6.0,158.0,133.0,-112.0,157.0,152.0,56.0,113.0,122.0,-179.0,-61.0
247,MERNDA,17171,19617,21488,23370,24560,396.0,1800.0,250.0,431.0,1199.0,241.0,455.0,1188.0,239.0,395.0,626.0,169.0,329.0,253.0,-91.0
248,KILSYTH,9470,9580,9656,9832,9904,28.0,43.0,39.0,11.0,28.0,37.0,60.0,80.0,36.0,33.0,12.0,27.0,59.0,-28.0,-15.0
249,SOUTH MORANG (NORTH),12675,13002,13232,13441,13572,190.0,10.0,127.0,174.0,-66.0,122.0,125.0,-37.0,121.0,133.0,-90.0,88.0,111.0,-180.0,-47.0
250,FAWKNER,14460,14756,14968,15284,15344,134.0,-197.0,359.0,108.0,-258.0,362.0,108.0,-160.0,368.0,112.0,-315.0,263.0,104.0,-404.0,-138.0
251,SOUTH MORANG (SOUTH),12558,12662,12698,12715,12733,51.0,-92.0,145.0,41.0,-153.0,148.0,12.0,-140.0,145.0,23.0,-111.0,106.0,26.0,-328.0,-56.0
252,PASCOE VALE,24829,25638,26419,26963,27348,205.0,137.0,467.0,256.0,73.0,452.0,237.0,-141.0,448.0,266.0,-201.0,320.0,184.0,-393.0,-172.0
253,WOLLERT,9493,11503,13724,16083,19336,315.0,1443.0,252.0,308.0,1670.0,243.0,377.0,1742.0,240.0,418.0,2638.0,197.0,436.0,3105.0,-92.0
254,AIRPORT WEST,7903,8032,8280,8561,8594,42.0,24.0,63.0,62.0,126.0,60.0,79.0,142.0,60.0,58.0,-68.0,43.0,60.0,-91.0,-23.0
255,LILYDALE - COLDSTREAM,19448,19630,19780,19861,19893,90.0,13.0,79.0,132.0,-58.0,76.0,149.0,-144.0,76.0,93.0,-115.0,54.0,73.0,-201.0,-29.0
256,KEILOR,8993,9052,9065,9112,9035,36.0,-16.0,39.0,25.0,-49.0,37.0,19.0,-8.0,36.0,18.0,-122.0,27.0,31.0,-123.0,-15.0
257,GLENROY,23153,23834,24515,24994,25301,204.0,-201.0,678.0,234.0,-207.0,654.0,233.0,-403.0,649.0,200.0,-356.0,463.0,189.0,-641.0,-250.0
258,MONBULK - SILVAN,5827,5855,5859,5849,5875,41.0,-42.0,29.0,28.0,-52.0,28.0,38.0,-76.0,28.0,25.0,-20.0,21.0,33.0,-34.0,-11.0
259,KEILOR EAST,27399,27758,28106,28672,28845,67.0,59.0,233.0,18.0,105.0,225.0,26.0,317.0,223.0,30.0,-17.0,160.0,-30.0,-133.0,-86.0
260,NIDDRIE - ESSENDON WEST,7250,7414,7604,7749,7856,58.0,39.0,67.0,56.0,69.0,65.0,41.0,39.0,65.0,30.0,30.0,47.0,47.0,-85.0,-25.0
261,STRATHMORE,9968,10206,10372,10474,10498,41.0,132.0,65.0,42.0,62.0,62.0,27.0,13.0,62.0,14.0,-34.0,44.0,17.0,-96.0,-23.0
262,GISBORNE,13312,13635,13963,14211,14371,105.0,169.0,49.0,71.0,210.0,47.0,85.0,118.0,45.0,54.0,74.0,32.0,46.0,115.0,-17.0
263,GOWANBRAE,3042,3091,3120,3130,3179,32.0,0.0,17.0,32.0,-20.0,17.0,25.0,-32.0,17.0,35.0,2.0,12.0,9.0,-33.0,-7.0
264,HADFIELD,5911,5982,6036,6166,6254,45.0,-30.0,56.0,47.0,-38.0,45.0,81.0,5.0,44.0,55.0,1.0,32.0,61.0,-166.0,-18.0
265,MACEDON,3525,3565,3606,3611,3638,22.0,7.0,11.0,19.0,11.0,11.0,12.0,-17.0,10.0,15.0,4.0,8.0,16.0,47.0,-4.0
266,RIDDELLS CREEK,4174,4240,4281,4319,4415,28.0,24.0,14.0,16.0,12.0,13.0,29.0,-3.0,12.0,20.0,66.0,10.0,22.0,37.0,-5.0
267,ROMSEY,9663,9866,10042,10289,10505,85.0,94.0,24.0,56.0,96.0,24.0,59.0,163.0,25.0,92.0,108.0,16.0,77.0,142.0,-9.0
268,SUNBURY,13238,13306,13397,13559,13710,62.0,-41.0,47.0,77.0,-31.0,45.0,101.0,17.0,44.0,49.0,70.0,32.0,68.0,-87.0,-8.0
269,BROADMEADOWS,13916,14225,14429,14582,14503,147.0,-270.0,432.0,201.0,-411.0,414.0,206.0,-463.0,410.0,141.0,-530.0,310.0,128.0,-702.0,-153.0
270,CAMPBELLFIELD - COOLAROO,17122,17183,17221,17210,16979,172.0,-417.0,306.0,188.0,-442.0,292.0,151.0,-461.0,299.0,138.0,-589.0,220.0,89.0,-566.0,-120.0
271,YARRA VALLEY,16622,16665,16751,16835,16807,74.0,-67.0,36.0,97.0,-44.0,33.0,86.0,-34.0,32.0,58.0,-110.0,24.0,71.0,-147.0,-13.0
272,GLADSTONE PARK - WESTMEADOWS,18353,18476,18656,18734,18737,103.0,-123.0,143.0,135.0,-106.0,151.0,104.0,-174.0,148.0,65.0,-168.0,106.0,97.0,-365.0,-58.0
273,GREENVALE - BULLA,17123,18210,19380,20180,21092,186.0,770.0,131.0,197.0,849.0,124.0,212.0,465.0,123.0,260.0,563.0,89.0,190.0,963.0,-47.0
274,MEADOW HEIGHTS,15779,15829,15837,15775,15722,221.0,-450.0,279.0,233.0,-492.0,267.0,142.0,-469.0,265.0,180.0,-421.0,188.0,115.0,-792.0,-102.0
275,MELBOURNE AIRPORT,194,194,194,194,194,0.0,0.0,0.0,0.0,0.0,0.0,0.0,0.0,0.0,0.0,0.0,0.0,0.0,0.0,0.0
276,BEACONSFIELD - OFFICER,13612,15446,17576,19866,21667,235.0,1513.0,86.0,251.0,1798.0,81.0,335.0,1874.0,81.0,346.0,1397.0,58.0,358.0,954.0,-31.0
277,BUNYIP - GARFIELD,8928,9026,9154,9348,9559,26.0,54.0,18.0,44.0,66.0,18.0,63.0,112.0,19.0,50.0,149.0,12.0,47.0,71.0,-7.0
278,ROXBURGH PARK - SOMERTON,23041,23753,24433,25069,25358,222.0,46.0,444.0,298.0,-45.0,427.0,276.0,-62.0,422.0,239.0,-252.0,302.0,192.0,-591.0,-158.0
279,TULLAMARINE,6698,6758,6825,6844,6842,63.0,-98.0,95.0,49.0,-82.0,100.0,62.0,-141.0,98.0,45.0,-117.0,70.0,34.0,-180.0,-39.0
280,CRAIGIEBURN - CENTRAL,8749,8833,8866,8844,8720,91.0,-193.0,186.0,119.0,-277.0,191.0,87.0,-300.0,191.0,96.0,-357.0,137.0,85.0,-525.0,-73.0
281,EMERALD - COCKATOO,18580,18722,18776,18905,18903,112.0,-11.0,41.0,85.0,-69.0,38.0,107.0,-16.0,38.0,91.0,-121.0,28.0,97.0,-78.0,-15.0
282,KOO WEE RUP,7666,7965,8152,8566,9068,47.0,236.0,16.0,53.0,120.0,14.0,70.0,330.0,14.0,74.0,418.0,10.0,92.0,567.0,-5.0
283,CRAIGIEBURN - NORTH,12124,12716,13154,13342,13346,192.0,155.0,245.0,227.0,-25.0,236.0,194.0,-238.0,232.0,162.0,-324.0,166.0,156.0,-384.0,-90.0
284,PEARCEDALE - TOORADIN,8035,8092,8155,8176,8166,64.0,-17.0,10.0,41.0,13.0,9.0,53.0,-42.0,10.0,67.0,-85.0,8.0,54.0,-90.0,-4.0
285,CRAIGIEBURN - SOUTH,16999,18269,19514,20626,21588,298.0,580.0,392.0,335.0,535.0,375.0,304.0,437.0,371.0,345.0,325.0,292.0,282.0,254.0,-144.0
286,CRAIGIEBURN - WEST,14882,16797,18561,20215,21879,383.0,1019.0,513.0,394.0,867.0,503.0,392.0,762.0,500.0,369.0,939.0,356.0,381.0,864.0,-193.0
287,MICKLEHAM - YUROKE,3580,4836,7361,11233,14902,120.0,1083.0,53.0,166.0,2307.0,52.0,322.0,3498.0,52.0,429.0,3204.0,36.0,512.0,3635.0,-20.0
288,BAYSWATER,12584,12732,12896,13073,13134,91.0,-94.0,151.0,83.0,-73.0,154.0,87.0,-61.0,151.0,48.0,-95.0,108.0,44.0,-179.0,-59.0
289,LYSTERFIELD,6917,6950,7013,7025,6988,26.0,-17.0,24.0,28.0,13.0,22.0,36.0,-47.0,23.0,23.0,-76.0,16.0,32.0,-118.0,-9.0
290,ROWVILLE - CENTRAL,15864,15913,15940,15923,15976,118.0,-219.0,150.0,118.0,-234.0,143.0,129.0,-287.0,141.0,93.0,-142.0,102.0,40.0,-264.0,-54.0
291,ROWVILLE - NORTH,8352,8392,8383,8373,8385,74.0,-103.0,69.0,44.0,-118.0,65.0,61.0,-137.0,66.0,48.0,-83.0,47.0,28.0,-112.0,-25.0
292,ROWVILLE - SOUTH,11000,10988,10963,10968,10873,69.0,-168.0,87.0,69.0,-182.0,88.0,75.0,-158.0,88.0,55.0,-213.0,63.0,44.0,-296.0,-35.0
293,FERNTREE GULLY (SOUTH) - UPPER FERNTREE GULLY,15230,15253,15336,15480,15408,69.0,-128.0,82.0,111.0,-110.0,82.0,88.0,-27.0,83.0,81.0,-211.0,58.0,57.0,-139.0,-31.0
294,WANTIRNA,14425,14489,14592,14643,14743,50.0,-174.0,188.0,34.0,-124.0,193.0,-5.0,-138.0,194.0,19.0,-58.0,139.0,27.0,-448.0,-74.0
295,THE BASIN,4441,4463,4478,4472,4419,47.0,-39.0,14.0,29.0,-27.0,13.0,36.0,-54.0,12.0,41.0,-103.0,9.0,35.0,-34.0,-5.0
296,WANTIRNA SOUTH,18580,18673,18853,18996,19100,-9.0,-169.0,271.0,-25.0,-73.0,278.0,7.0,-145.0,281.0,-28.0,-69.0,201.0,-28.0,-218.0,-108.0
297,BORONIA,22918,23248,23449,23734,23978,141.0,24.0,165.0,71.0,-28.0,158.0,124.0,4.0,157.0,53.0,78.0,113.0,72.0,-54.0,-61.0
298,FERNTREE GULLY (NORTH),14337,14399,14517,14642,14674,43.0,-62.0,81.0,90.0,-49.0,77.0,44.0,5.0,76.0,65.0,-87.0,54.0,43.0,-200.0,-30.0
299,DONVALE - PARK ORCHARDS,16715,16806,16877,16893,16817,2.0,-30.0,119.0,3.0,-43.0,111.0,-26.0,-67.0,109.0,-14.0,-139.0,77.0,-19.0,-112.0,-70.0
300,WARRANDYTE - WONGA PARK,10613,10645,10658,10657,10545,11.0,-31.0,52.0,14.0,-52.0,51.0,19.0,-72.0,52.0,-12.0,-135.0,35.0,20.0,-177.0,-19.0
301,BAYSWATER NORTH,12257,12351,12470,12518,12505,34.0,-4.0,64.0,54.0,4.0,61.0,68.0,-82.0,62.0,26.0,-83.0,44.0,38.0,-321.0,-24.0
302,RINGWOOD,17931,18289,18488,18863,19149,126.0,-89.0,321.0,95.0,-217.0,321.0,75.0,-23.0,323.0,115.0,-59.0,230.0,69.0,-161.0,-125.0
303,RINGWOOD EAST,21031,21341,21544,21748,21913,136.0,-123.0,297.0,144.0,-226.0,285.0,135.0,-214.0,283.0,110.0,-146.0,201.0,73.0,-341.0,-108.0
304,RINGWOOD NORTH,9991,10062,10099,10076,9977,29.0,-27.0,69.0,27.0,-52.0,62.0,15.0,-95.0,57.0,21.0,-159.0,39.0,-10.0,-137.0,-36.0
305,NARRE WARREN SOUTH (EAST),13713,13814,13871,13866,13714,118.0,-110.0,93.0,106.0,-144.0,95.0,93.0,-190.0,92.0,80.0,-299.0,67.0,103.0,-60.0,-37.0
306,CROYDON - WEST,13805,14163,14418,14666,14758,72.0,159.0,127.0,39.0,94.0,122.0,54.0,73.0,121.0,16.0,-12.0,88.0,18.0,-220.0,-47.0
307,CROYDON SOUTH,4856,4899,4916,4950,5018,49.0,-47.0,41.0,57.0,-78.0,38.0,37.0,-41.0,38.0,39.0,1.0,28.0,38.0,-95.0,-15.0
308,FOREST HILL,11074,11283,11387,11478,11536,5.0,4.0,200.0,39.0,-126.0,191.0,14.0,-114.0,191.0,6.0,-85.0,137.0,10.0,-131.0,-73.0
309,NARRE WARREN SOUTH (WEST),17513,17718,17825,17866,17768,213.0,-220.0,212.0,184.0,-294.0,217.0,203.0,-378.0,216.0,157.0,-409.0,154.0,162.0,-506.0,-83.0
310,MITCHAM (VIC.),16859,17162,17392,17531,17671,174.0,-97.0,226.0,145.0,-156.0,241.0,120.0,-236.0,255.0,127.0,-183.0,196.0,129.0,-328.0,-105.0
311,NUNAWADING,12363,12651,12839,12927,12983,91.0,-64.0,261.0,92.0,-160.0,256.0,63.0,-227.0,252.0,51.0,-176.0,181.0,43.0,-242.0,-97.0
312,VERMONT,10896,11041,11176,11313,11405,56.0,-91.0,180.0,74.0,-124.0,185.0,28.0,-76.0,185.0,24.0,-64.0,132.0,18.0,-173.0,-71.0
313,VERMONT SOUTH,12251,12347,12388,12387,12303,-18.0,-50.0,164.0,-39.0,-102.0,182.0,-40.0,-141.0,180.0,-51.0,-170.0,137.0,-46.0,-127.0,-73.0
314,CHIRNSIDE PARK,10266,10645,10987,11385,11664,87.0,223.0,69.0,97.0,178.0,67.0,111.0,221.0,66.0,99.0,133.0,47.0,112.0,9.0,-25.0
315,BELGRAVE - SELBY,10453,10463,10452,10415,10387,77.0,-120.0,53.0,75.0,-142.0,56.0,83.0,-176.0,56.0,63.0,-130.0,39.0,64.0,-266.0,-21.0
316,HEALESVILLE - YARRA GLEN,14106,14304,14512,14637,14632,35.0,120.0,43.0,52.0,114.0,42.0,57.0,28.0,40.0,-1.0,-33.0,29.0,33.0,-78.0,-17.0
317,MONTROSE,7078,7131,7154,7137,7092,2.0,25.0,26.0,30.0,-32.0,25.0,-10.0,-34.0,27.0,14.0,-78.0,19.0,-18.0,-12.0,-10.0
318,MOOROOLBARK,23027,23466,23724,24061,24179,212.0,73.0,154.0,204.0,-93.0,147.0,220.0,-27.0,144.0,206.0,-192.0,104.0,169.0,-443.0,-56.0
319,MOUNT DANDENONG - OLINDA,10109,10127,10137,10198,10174,73.0,-105.0,50.0,45.0,-83.0,48.0,55.0,-41.0,47.0,59.0,-117.0,34.0,34.0,-157.0,-18.0
320,SEDDON - KINGSVILLE,9711,9875,10013,10124,10141,151.0,-112.0,125.0,113.0,-106.0,131.0,117.0,-136.0,130.0,115.0,-188.0,90.0,95.0,-258.0,-83.0
321,MOUNT EVELYN,10081,10170,10208,10299,10247,116.0,-65.0,38.0,73.0,-70.0,35.0,97.0,-40.0,34.0,77.0,-155.0,26.0,80.0,-62.0,-14.0
322,UPWEY - TECOMA,10040,10041,10048,10024,10044,76.0,-111.0,36.0,71.0,-102.0,38.0,108.0,-170.0,38.0,59.0,-67.0,28.0,71.0,-187.0,-15.0
323,WANDIN - SEVILLE,7884,7959,8055,8068,8095,61.0,0.0,14.0,70.0,13.0,13.0,74.0,-73.0,12.0,74.0,-57.0,10.0,51.0,-45.0,-5.0
324,PAKENHAM - NORTH,19370,20564,21640,22663,23315,338.0,730.0,126.0,359.0,597.0,120.0,360.0,544.0,119.0,374.0,193.0,85.0,287.0,175.0,-47.0
325,PAKENHAM - SOUTH,29580,30959,32087,33116,33925,388.0,695.0,296.0,376.0,468.0,284.0,378.0,369.0,282.0,324.0,284.0,201.0,293.0,-114.0,-108.0
326,NARRE WARREN - NORTH EAST,13967,14048,14169,14198,14184,140.0,-189.0,130.0,168.0,-176.0,129.0,129.0,-227.0,127.0,128.0,-233.0,91.0,96.0,-276.0,-49.0
327,BERWICK - NORTH,23824,23999,24040,24176,24117,75.0,-152.0,252.0,-14.0,-201.0,256.0,35.0,-151.0,252.0,1.0,-241.0,181.0,16.0,-316.0,-97.0
328,CRANBOURNE NORTH,20985,22497,23885,24913,25521,393.0,830.0,289.0,346.0,766.0,276.0,395.0,359.0,274.0,374.0,38.0,196.0,315.0,-64.0,-105.0
329,BERWICK - SOUTH,26874,27742,28500,29086,29450,332.0,208.0,328.0,318.0,111.0,329.0,282.0,-21.0,325.0,246.0,-114.0,232.0,250.0,165.0,-126.0
330,ENDEAVOUR HILLS - NORTH,12499,12483,12515,12501,12335,69.0,-189.0,104.0,108.0,-175.0,99.0,88.0,-199.0,97.0,44.0,-279.0,69.0,33.0,-316.0,-38.0
331,DOVETON,11867,12067,12210,12277,12427,112.0,-135.0,223.0,118.0,-187.0,212.0,110.0,-255.0,212.0,87.0,-88.0,151.0,94.0,-474.0,-81.0
332,HALLAM,11335,11525,11630,11771,11788,105.0,-128.0,213.0,61.0,-160.0,204.0,71.0,-133.0,203.0,52.0,-185.0,150.0,26.0,-349.0,-78.0
333,ENDEAVOUR HILLS - SOUTH,14160,14140,14092,14047,14027,126.0,-315.0,169.0,138.0,-351.0,165.0,118.0,-327.0,164.0,111.0,-249.0,118.0,77.0,-459.0,-63.0
334,CRANBOURNE SOUTH,9116,9392,10255,11972,13862,66.0,171.0,39.0,90.0,736.0,37.0,104.0,1577.0,36.0,195.0,1668.0,27.0,281.0,1624.0,-15.0
335,NARRE WARREN NORTH,8183,8357,8549,8645,8750,-19.0,144.0,49.0,-5.0,150.0,47.0,-8.0,57.0,47.0,1.0,71.0,33.0,-19.0,41.0,-18.0
336,CRANBOURNE WEST,15685,17145,18604,19763,20841,365.0,879.0,216.0,400.0,853.0,206.0,393.0,560.0,206.0,347.0,585.0,146.0,304.0,780.0,-78.0
337,NARRE WARREN - SOUTH WEST,14544,14736,14889,15014,15065,159.0,-202.0,235.0,169.0,-252.0,236.0,134.0,-242.0,233.0,128.0,-243.0,166.0,108.0,-295.0,-90.0
338,CRANBOURNE,20888,21130,21271,21314,21414,259.0,-250.0,233.0,221.0,-305.0,225.0,219.0,-399.0,223.0,216.0,-276.0,160.0,198.0,-241.0,-86.0
339,CRANBOURNE EAST,26754,34130,41381,49218,55462,602.0,6307.0,467.0,769.0,6037.0,445.0,892.0,6503.0,442.0,1098.0,4805.0,341.0,1085.0,4112.0,-170.0
340,CLARINDA - OAKLEIGH SOUTH,12323,12354,12361,12341,12291,41.0,-186.0,176.0,16.0,-176.0,167.0,33.0,-219.0,166.0,25.0,-193.0,118.0,-7.0,-356.0,-63.0
341,CLAYTON SOUTH,13296,13507,13827,14298,14401,154.0,-564.0,621.0,131.0,-429.0,618.0,141.0,-294.0,624.0,133.0,-476.0,446.0,105.0,-375.0,-241.0
342,DANDENONG,32700,33396,33934,34309,34176,388.0,-754.0,1062.0,391.0,-868.0,1015.0,295.0,-926.0,1006.0,253.0,-1156.0,770.0,245.0,-1112.0,-373.0
343,WEST FOOTSCRAY - TOTTENHAM,12058,12322,12613,12934,13063,148.0,-214.0,330.0,163.0,-187.0,315.0,149.0,-140.0,312.0,148.0,-241.0,222.0,126.0,-268.0,-121.0
344,DANDENONG NORTH,23684,23820,23915,23966,23656,141.0,-384.0,379.0,177.0,-444.0,362.0,178.0,-487.0,360.0,127.0,-694.0,257.0,85.0,-738.0,-139.0
345,DINGLEY VILLAGE,10611,10642,10687,10754,10724,30.0,-73.0,74.0,-17.0,-10.0,72.0,37.0,-41.0,71.0,19.0,-99.0,50.0,7.0,-152.0,-27.0
346,KEYSBOROUGH,27471,28749,29856,30898,31472,224.0,626.0,428.0,298.0,393.0,416.0,276.0,354.0,412.0,247.0,7.0,320.0,211.0,55.0,-158.0
347,NOBLE PARK NORTH,7871,7906,7928,7938,7913,48.0,-113.0,100.0,58.0,-132.0,96.0,76.0,-160.0,94.0,51.0,-143.0,67.0,36.0,-196.0,-37.0
348,SPRINGVALE,22761,23256,23642,23927,23866,226.0,-582.0,851.0,146.0,-591.0,831.0,171.0,-712.0,826.0,147.0,-848.0,640.0,80.0,-819.0,-314.0
349,SPRINGVALE SOUTH,13227,13321,13372,13412,13392,91.0,-324.0,327.0,88.0,-349.0,312.0,85.0,-354.0,309.0,83.0,-323.0,220.0,27.0,-433.0,-120.0
350,NOBLE PARK - EAST,13073,13301,13501,13626,13650,151.0,-392.0,469.0,163.0,-415.0,452.0,130.0,-453.0,448.0,86.0,-409.0,347.0,107.0,-623.0,-172.0
351,MOUNT WAVERLEY - NORTH,16053,16219,16334,16456,16635,30.0,-294.0,430.0,44.0,-333.0,404.0,52.0,-327.0,397.0,48.0,-151.0,282.0,28.0,-171.0,-250.0
352,NOBLE PARK - WEST,19435,19769,19992,20185,20142,150.0,-359.0,543.0,155.0,-452.0,520.0,100.0,-424.0,517.0,100.0,-549.0,406.0,116.0,-530.0,-199.0
353,ASHWOOD - CHADSTONE,19308,19872,20204,20609,20800,149.0,-79.0,494.0,139.0,-276.0,469.0,90.0,-140.0,455.0,90.0,-222.0,323.0,63.0,-168.0,-293.0
354,CLAYTON,23672,25484,26785,27569,28436,84.0,-989.0,2717.0,71.0,-1096.0,2326.0,-14.0,-1340.0,2138.0,14.0,-629.0,1482.0,41.0,-410.0,-2295.0
355,MOUNT WAVERLEY - SOUTH,19291,19637,20009,20243,20279,50.0,-176.0,472.0,49.0,-125.0,448.0,39.0,-247.0,442.0,26.0,-303.0,313.0,9.0,-237.0,-283.0
356,GLEN WAVERLEY - EAST,22153,22293,22404,22477,22382,52.0,-541.0,629.0,28.0,-509.0,592.0,20.0,-529.0,582.0,-19.0,-490.0,414.0,-15.0,-471.0,-364.0
357,GLEN WAVERLEY - WEST,20151,20442,20687,20969,21098,44.0,-497.0,744.0,6.0,-478.0,717.0,4.0,-432.0,710.0,-20.0,-371.0,520.0,-32.0,-220.0,-450.0
358,MULGRAVE,20462,20663,20900,21038,21180,79.0,-256.0,378.0,97.0,-230.0,370.0,52.0,-281.0,367.0,62.0,-182.0,262.0,42.0,-380.0,-143.0
359,OAKLEIGH - HUNTINGDALE,22617,23152,23589,24078,24399,129.0,-297.0,703.0,94.0,-331.0,674.0,134.0,-314.0,669.0,77.0,-233.0,477.0,115.0,-126.0,-258.0
360,CAIRNLEA,10206,10421,10569,10645,10774,95.0,18.0,102.0,117.0,-67.0,98.0,78.0,-98.0,96.0,57.0,4.0,68.0,67.0,-319.0,-38.0
361,WHEELERS HILL,20880,20976,21014,21037,21070,-60.0,-129.0,285.0,-66.0,-188.0,292.0,-83.0,-188.0,294.0,-92.0,-89.0,214.0,-110.0,-118.0,-116.0
362,ARDEER - ALBION,8202,8342,8458,8533,8552,65.0,-166.0,241.0,74.0,-190.0,232.0,85.0,-240.0,230.0,72.0,-217.0,164.0,27.0,-303.0,-88.0
363,DEER PARK - DERRIMUT,27536,28218,28711,28930,28775,412.0,-187.0,457.0,419.0,-364.0,438.0,356.0,-571.0,434.0,324.0,-815.0,336.0,273.0,-900.0,-167.0
364,DELAHEY,8841,8843,8831,8817,8743,45.0,-124.0,81.0,37.0,-135.0,86.0,64.0,-164.0,86.0,51.0,-186.0,61.0,15.0,-303.0,-34.0
365,KEILOR DOWNS,13943,13937,13910,13834,13665,98.0,-213.0,109.0,95.0,-230.0,108.0,67.0,-249.0,106.0,47.0,-291.0,75.0,48.0,-338.0,-42.0
366,KINGS PARK (VIC.),14447,14586,14645,14695,14543,106.0,-157.0,190.0,146.0,-268.0,181.0,144.0,-275.0,181.0,118.0,-399.0,129.0,93.0,-390.0,-70.0
367,ST ALBANS - NORTH,21064,21437,21686,21803,21611,230.0,-363.0,506.0,229.0,-464.0,484.0,221.0,-584.0,480.0,161.0,-707.0,354.0,159.0,-785.0,-185.0
368,ST ALBANS - SOUTH,18025,18336,18487,18559,18394,141.0,-260.0,430.0,168.0,-429.0,412.0,83.0,-419.0,408.0,67.0,-534.0,302.0,63.0,-610.0,-157.0
369,SUNSHINE,10241,10411,10539,10645,10556,97.0,-259.0,332.0,88.0,-279.0,319.0,77.0,-286.0,315.0,69.0,-382.0,224.0,71.0,-354.0,-122.0
370,SUNSHINE NORTH,12123,12331,12487,12535,12519,75.0,-67.0,200.0,86.0,-121.0,191.0,45.0,-188.0,191.0,77.0,-230.0,137.0,50.0,-236.0,-73.0
371,SUNSHINE WEST,19533,19896,20123,20270,20197,147.0,-90.0,306.0,147.0,-204.0,284.0,116.0,-251.0,282.0,144.0,-418.0,201.0,81.0,-771.0,-108.0
372,SYDENHAM,12585,12702,12768,12801,12628,52.0,-206.0,271.0,32.0,-226.0,260.0,51.0,-275.0,257.0,39.0,-400.0,188.0,20.0,-431.0,-99.0
373,ALTONA,13206,13443,13713,14004,14158,75.0,20.0,142.0,71.0,63.0,136.0,103.0,55.0,133.0,60.0,-2.0,96.0,65.0,-87.0,-51.0
374,TAYLORS LAKES,18455,18421,18401,18325,18091,78.0,-228.0,116.0,75.0,-206.0,111.0,91.0,-276.0,109.0,85.0,-397.0,78.0,51.0,-412.0,-43.0
375,FOOTSCRAY,17343,18031,18631,19155,19568,95.0,-51.0,644.0,79.0,-126.0,647.0,70.0,-198.0,652.0,68.0,-120.0,465.0,87.0,-126.0,-243.0
376,ALTONA MEADOWS,20106,20313,20409,20456,20343,116.0,-145.0,236.0,115.0,-247.0,228.0,117.0,-296.0,226.0,106.0,-381.0,162.0,41.0,-560.0,-86.0
377,ALTONA NORTH,14787,15024,15196,15425,15587,89.0,4.0,144.0,103.0,-64.0,133.0,81.0,12.0,136.0,103.0,-39.0,98.0,54.0,-185.0,-53.0
378,YARRAVILLE,15656,15891,16233,16625,16812,163.0,-109.0,181.0,188.0,-16.0,170.0,188.0,36.0,168.0,133.0,-65.0,119.0,135.0,-194.0,-102.0
379,NEWPORT,18523,18836,19180,19567,19799,244.0,-137.0,206.0,244.0,-94.0,194.0,208.0,-13.0,192.0,219.0,-123.0,136.0,211.0,-276.0,-122.0
380,SEABROOK,5408,5464,5517,5544,5396,47.0,-62.0,71.0,48.0,-62.0,67.0,63.0,-104.0,68.0,42.0,-239.0,49.0,36.0,-155.0,-26.0
381,MARIBYRNONG,12950,13448,13785,14121,14442,133.0,1.0,364.0,129.0,-140.0,348.0,119.0,-128.0,345.0,131.0,-56.0,246.0,99.0,-211.0,-128.0
382,WILLIAMSTOWN,16389,16636,16932,17271,17384,72.0,-29.0,204.0,57.0,48.0,191.0,47.0,103.0,189.0,24.0,-45.0,134.0,34.0,-232.0,-121.0
383,BRAYBROOK,19224,19795,20138,20523,20902,219.0,-197.0,549.0,193.0,-374.0,524.0,184.0,-320.0,521.0,172.0,-164.0,371.0,145.0,-213.0,-201.0
384,MELTON SOUTH,24243,26473,28613,30696,33459,309.0,1673.0,248.0,428.0,1483.0,229.0,443.0,1414.0,226.0,493.0,2108.0,162.0,509.0,1822.0,-87.0
385,BURNSIDE,4943,5125,5296,5396,5541,11.0,102.0,69.0,24.0,80.0,67.0,-3.0,37.0,66.0,24.0,75.0,46.0,-2.0,98.0,-25.0
386,MELTON WEST,18157,19004,19964,20897,21315,324.0,419.0,104.0,274.0,587.0,99.0,311.0,525.0,97.0,296.0,53.0,69.0,248.0,-141.0,-38.0
387,ROCKBANK - MOUNT COTTRELL,3148,4050,6455,8816,11370,19.0,866.0,17.0,50.0,2344.0,11.0,130.0,2219.0,12.0,220.0,2324.0,10.0,297.0,3611.0,-4.0
388,TAYLORS HILL,20218,20670,20918,21225,21316,236.0,-19.0,235.0,214.0,-193.0,227.0,221.0,-139.0,225.0,197.0,-267.0,161.0,161.0,-374.0,-87.0
389,BURNSIDE HEIGHTS,6431,6559,6688,6787,6695,93.0,-52.0,87.0,107.0,-61.0,83.0,76.0,-59.0,82.0,88.0,-239.0,59.0,62.0,-195.0,-31.0
390,CAROLINE SPRINGS,20968,21457,21730,21855,21968,296.0,-141.0,334.0,262.0,-309.0,320.0,202.0,-393.0,316.0,202.0,-314.0,225.0,148.0,-482.0,-123.0
391,HOPPERS CROSSING - NORTH,20172,20266,20294,20284,20093,205.0,-356.0,245.0,218.0,-426.0,236.0,177.0,-421.0,234.0,156.0,-513.0,166.0,114.0,-609.0,-89.0
392,HOPPERS CROSSING - SOUTH,20220,20459,20609,20670,20506,211.0,-358.0,386.0,177.0,-397.0,370.0,177.0,-482.0,366.0,172.0,-618.0,282.0,123.0,-819.0,-142.0
393,FRANKSTON NORTH,19939,19966,19966,19937,19886,101.0,-183.0,109.0,96.0,-200.0,104.0,38.0,-169.0,102.0,97.0,-220.0,72.0,56.0,-321.0,-40.0
394,LAVERTON,9385,10279,10953,11586,11994,175.0,342.0,377.0,187.0,126.0,361.0,211.0,63.0,359.0,191.0,-65.0,282.0,128.0,-175.0,-138.0
395,TARNEIT,36404,39743,43410,46735,49848,853.0,1524.0,962.0,941.0,1768.0,958.0,975.0,1420.0,930.0,992.0,1379.0,742.0,958.0,2415.0,-355.0
396,TRUGANINA,24628,27633,30256,33167,35778,734.0,1473.0,798.0,754.0,1089.0,780.0,760.0,1377.0,774.0,811.0,1170.0,630.0,746.0,1330.0,-293.0
397,WERRIBEE - SOUTH,11776,12286,13115,14162,15208,22.0,312.0,176.0,19.0,643.0,167.0,38.0,843.0,166.0,80.0,848.0,118.0,28.0,413.0,-63.0
398,WYNDHAM VALE,24270,25545,27220,29227,31022,405.0,499.0,371.0,477.0,843.0,355.0,474.0,1181.0,352.0,456.0,1062.0,277.0,474.0,1197.0,-136.0
399,POINT COOK - EAST,12818,14491,16030,17895,19011,239.0,1102.0,332.0,260.0,967.0,312.0,333.0,1225.0,307.0,298.0,600.0,218.0,274.0,373.0,-197.0
400,POINT COOK - NORTH,24288,24905,25333,25552,25568,315.0,-195.0,497.0,313.0,-379.0,494.0,324.0,-596.0,491.0,248.0,-583.0,351.0,199.0,-543.0,-185.0
401,POINT COOK - SOUTH,15147,16847,18380,19483,20058,344.0,915.0,441.0,341.0,723.0,469.0,319.0,311.0,473.0,287.0,-54.0,342.0,272.0,-168.0,-184.0
402,WERRIBEE - EAST,20643,20844,20986,21069,20883,132.0,-309.0,378.0,216.0,-435.0,361.0,132.0,-408.0,359.0,160.0,-602.0,256.0,36.0,-743.0,-139.0
403,WERRIBEE - WEST,12283,13128,14315,16275,18592,152.0,564.0,129.0,181.0,884.0,122.0,225.0,1614.0,121.0,304.0,1926.0,87.0,358.0,1759.0,-46.0
404,CARRUM DOWNS,21549,21837,22082,22265,22493,182.0,-30.0,136.0,175.0,-59.0,129.0,175.0,-121.0,129.0,197.0,-61.0,92.0,159.0,-182.0,-50.0
405,FRANKSTON,23510,23719,23965,24104,24241,137.0,-131.0,203.0,139.0,-86.0,193.0,62.0,-117.0,194.0,107.0,-109.0,139.0,74.0,-330.0,-74.0
406,FRANKSTON SOUTH,18995,19113,19217,19303,19242,32.0,-37.0,123.0,2.0,-16.0,118.0,-1.0,-30.0,117.0,-9.0,-136.0,84.0,-16.0,-133.0,-46.0
407,LANGWARRIN,24694,24926,25155,25295,25530,233.0,-70.0,69.0,236.0,-74.0,67.0,179.0,-105.0,66.0,184.0,5.0,46.0,190.0,-138.0,-25.0
408,SEAFORD (VIC.),17151,17263,17377,17491,17681,193.0,-180.0,99.0,187.0,-168.0,95.0,124.0,-102.0,92.0,129.0,-6.0,67.0,143.0,-257.0,-37.0
409,SKYE - SANDHURST,13664,13894,14085,14250,14208,186.0,-56.0,100.0,156.0,-61.0,96.0,160.0,-89.0,94.0,125.0,-234.0,67.0,102.0,-172.0,-37.0
410,DROMANA,11454,11939,12325,12565,12896,2.0,425.0,58.0,-42.0,372.0,56.0,-13.0,197.0,56.0,-10.0,302.0,39.0,-22.0,284.0,-22.0
411,FLINDERS,5642,5645,5653,5644,5674,-20.0,-13.0,36.0,-9.0,-16.0,33.0,-18.0,-23.0,32.0,-29.0,35.0,24.0,5.0,11.0,-13.0
412,HASTINGS - SOMERS,22851,23096,23344,23654,23704,127.0,49.0,69.0,126.0,55.0,67.0,117.0,127.0,66.0,61.0,-57.0,46.0,93.0,-110.0,-25.0
413,ROSEBUD - MCCRAE,21613,21893,22087,22278,22474,-147.0,349.0,78.0,-147.0,266.0,75.0,-135.0,252.0,74.0,-157.0,300.0,53.0,-163.0,273.0,-12.0
414,MORNINGTON,25030,25496,25914,26206,26289,-56.0,391.0,131.0,-47.0,340.0,125.0,-70.0,238.0,124.0,-67.0,60.0,90.0,-123.0,-142.0,-48.0
415,STAWELL,8225,8184,8128,8107,8093,-27.0,-46.0,32.0,-17.0,-70.0,31.0,-7.0,-46.0,32.0,-6.0,-32.0,24.0,17.0,19.0,-5.0
416,WEST WIMMERA,2782,2750,2716,2712,2691,1.0,-36.0,3.0,-3.0,-33.0,2.0,-5.0,-1.0,2.0,13.0,-36.0,2.0,-6.0,-52.0,0.0
417,YARRIAMBIACK,6693,6632,6610,6578,6535,-43.0,-34.0,16.0,-28.0,-9.0,15.0,-55.0,8.0,15.0,-46.0,-8.0,11.0,-32.0,-100.0,-3.0
418,MOUNT ELIZA,18696,18843,19024,19139,19232,2.0,0.0,145.0,8.0,26.0,147.0,1.0,-30.0,144.0,0.0,-10.0,103.0,3.0,-79.0,-92.0
419,RED CLIFFS,5947,5995,6007,5990,5989,32.0,-4.0,20.0,28.0,-36.0,20.0,8.0,-46.0,21.0,23.0,-38.0,14.0,-4.0,-121.0,-9.0
420,MOUNT MARTHA,19365,19601,19773,20021,20105,32.0,106.0,98.0,37.0,42.0,93.0,44.0,112.0,92.0,-23.0,41.0,66.0,-9.0,29.0,-37.0
421,POINT NEPEAN,17999,18204,18433,18709,19023,43.0,96.0,66.0,49.0,113.0,67.0,56.0,152.0,68.0,0.0,266.0,48.0,21.0,209.0,-12.0
422,GANNAWARRA,6661,6682,6653,6594,6576,2.0,16.0,3.0,-4.0,-27.0,2.0,-22.0,-39.0,2.0,-29.0,9.0,2.0,-3.0,41.0,0.0
423,SOMERVILLE,18878,19117,19270,19403,19435,76.0,113.0,50.0,94.0,10.0,49.0,108.0,-25.0,50.0,105.0,-107.0,34.0,88.0,-55.0,-19.0
424,LOCKINGTON - GUNBOWER,3855,3860,3874,3855,3872,3.0,-2.0,4.0,11.0,-1.0,4.0,0.0,-23.0,4.0,33.0,-18.0,2.0,13.0,40.0,0.0
425,ARARAT,8386,8396,8413,8447,8532,-27.0,-11.0,48.0,-23.0,-8.0,48.0,-5.0,-8.0,47.0,-3.0,54.0,34.0,-33.0,-34.0,-8.0
426,ARARAT REGION,3198,3216,3222,3245,3289,9.0,-7.0,16.0,9.0,-20.0,17.0,2.0,4.0,17.0,7.0,25.0,12.0,10.0,33.0,-4.0
427,HORSHAM,16462,16497,16513,16589,16729,60.0,-80.0,55.0,62.0,-102.0,56.0,72.0,-52.0,56.0,60.0,41.0,39.0,16.0,-31.0,-9.0
428,HORSHAM REGION,3443,3439,3417,3394,3344,3.0,-10.0,3.0,6.0,-30.0,2.0,3.0,-28.0,2.0,-13.0,-39.0,2.0,6.0,-32.0,0.0
429,NHILL REGION,6960,6882,6796,6720,6710,-18.0,-77.0,17.0,5.0,-107.0,16.0,-45.0,-48.0,17.0,-27.0,6.0,11.0,-18.0,-10.0,-3.0
430,ST ARNAUD,3353,3314,3288,3283,3299,-12.0,-38.0,11.0,-15.0,-22.0,11.0,-8.0,-7.0,10.0,5.0,3.0,8.0,-17.0,-32.0,-2.0
431,IRYMPLE,6945,6998,7089,7194,7343,33.0,1.0,19.0,37.0,34.0,20.0,49.0,35.0,21.0,30.0,105.0,14.0,38.0,106.0,-8.0
432,MERBEIN,4820,4860,4885,4876,4853,0.0,28.0,12.0,3.0,11.0,11.0,-9.0,-12.0,12.0,-14.0,-19.0,10.0,-13.0,-62.0,-4.0
433,MILDURA REGION,3747,3742,3755,3775,3827,-2.0,-41.0,38.0,-3.0,-27.0,43.0,6.0,-28.0,42.0,1.0,21.0,30.0,6.0,13.0,-16.0
434,MILDURA - NORTH,18398,18575,18660,18710,18682,165.0,-237.0,249.0,88.0,-266.0,263.0,100.0,-310.0,260.0,68.0,-282.0,186.0,45.0,-280.0,-100.0
435,MILDURA - SOUTH,14801,14972,15120,15234,15222,101.0,-42.0,112.0,71.0,-35.0,112.0,75.0,-72.0,111.0,74.0,-166.0,80.0,25.0,-253.0,-44.0
436,BULOKE,6285,6208,6186,6126,6104,-64.0,-29.0,16.0,-23.0,-16.0,17.0,-33.0,-44.0,17.0,-10.0,-24.0,12.0,-21.0,-5.0,-4.0
437,KERANG,3898,3881,3885,3867,3815,-18.0,-2.0,3.0,-28.0,30.0,2.0,-17.0,-3.0,2.0,-24.0,-30.0,2.0,-14.0,14.0,0.0
438,ROBINVALE,3382,3359,3374,3330,3299,44.0,-145.0,78.0,30.0,-97.0,82.0,31.0,-158.0,83.0,44.0,-133.0,58.0,24.0,-156.0,-31.0
439,SHEPPARTON REGION - EAST,3897,3891,3881,3857,3879,19.0,-41.0,16.0,21.0,-46.0,15.0,14.0,-53.0,15.0,21.0,-10.0,11.0,18.0,-60.0,-6.0
440,SHEPPARTON REGION - WEST,10279,10378,10388,10429,10546,20.0,30.0,49.0,48.0,-88.0,50.0,36.0,-45.0,50.0,29.0,53.0,35.0,31.0,17.0,-20.0
441,SWAN HILL,11079,11104,11103,11088,11048,71.0,-96.0,50.0,80.0,-126.0,45.0,46.0,-105.0,44.0,60.0,-131.0,31.0,61.0,-193.0,-17.0
442,SWAN HILL REGION,6442,6387,6288,6237,6183,22.0,-101.0,24.0,18.0,-141.0,24.0,14.0,-90.0,25.0,13.0,-86.0,19.0,25.0,-68.0,-10.0
443,ECHUCA,14888,14931,14933,14974,15017,-3.0,4.0,42.0,2.0,-37.0,37.0,-19.0,24.0,36.0,-27.0,43.0,27.0,13.0,62.0,-7.0
444,KYABRAM,11034,11056,11028,11063,11095,-4.0,-3.0,29.0,-26.0,-31.0,29.0,24.0,-19.0,30.0,1.0,9.0,22.0,-2.0,-67.0,-4.0
445,ROCHESTER,3895,3902,3906,3886,3833,5.0,-1.0,3.0,-7.0,9.0,2.0,-23.0,1.0,2.0,-15.0,-40.0,2.0,-19.0,34.0,0.0
446,RUSHWORTH,4076,4051,4054,4043,4057,-6.0,-23.0,4.0,-4.0,3.0,4.0,-2.0,-13.0,4.0,-24.0,36.0,2.0,4.0,29.0,0.0
447,COBRAM,6420,6435,6422,6395,6425,5.0,-39.0,49.0,18.0,-81.0,50.0,0.0,-77.0,50.0,-7.0,2.0,35.0,-22.0,-29.0,-9.0
448,MOIRA,2623,2636,2665,2676,2726,8.0,-9.0,14.0,18.0,-2.0,13.0,17.0,-19.0,13.0,11.0,30.0,9.0,11.0,27.0,-3.0
449,NUMURKAH,12422,12416,12420,12398,12358,19.0,-57.0,32.0,40.0,-69.0,33.0,34.0,-88.0,32.0,31.0,-95.0,24.0,1.0,-75.0,-6.0
450,GLENELG (VIC.),8778,8731,8732,8714,8681,-5.0,-58.0,16.0,-6.0,-8.0,15.0,-25.0,-8.0,15.0,-1.0,-43.0,11.0,-5.0,28.0,-3.0
451,YARRAWONGA,8021,8165,8290,8451,8503,-66.0,193.0,17.0,-56.0,163.0,18.0,-52.0,194.0,19.0,-34.0,74.0,12.0,-55.0,153.0,-4.0
452,MOOROOPNA,8033,8043,8087,8143,8132,2.0,-36.0,44.0,34.0,-34.0,44.0,28.0,-15.0,43.0,55.0,-100.0,34.0,14.0,-69.0,-19.0
453,SHEPPARTON - NORTH,19007,19229,19382,19539,19556,113.0,-100.0,209.0,121.0,-178.0,210.0,56.0,-108.0,209.0,67.0,-199.0,149.0,26.0,-150.0,-81.0
454,SHEPPARTON - SOUTH,23668,23899,24164,24423,24818,188.0,-182.0,225.0,203.0,-165.0,227.0,174.0,-140.0,225.0,162.0,72.0,161.0,148.0,-15.0,-87.0
455,HAMILTON (VIC.),10081,10088,10119,10123,10177,-16.0,-16.0,39.0,15.0,-22.0,38.0,-4.0,-30.0,38.0,-18.0,44.0,28.0,-10.0,-75.0,-7.0
456,PORTLAND,10943,10933,10899,10927,10906,1.0,-30.0,19.0,-18.0,-35.0,19.0,22.0,-14.0,20.0,-16.0,-19.0,14.0,-14.0,-57.0,-3.0
457,SOUTHERN GRAMPIANS,6143,6111,6093,6048,6021,13.0,-63.0,18.0,18.0,-54.0,18.0,8.0,-77.0,24.0,-12.0,-28.0,13.0,-15.0,23.0,-3.0
458,COLAC,12450,12498,12546,12571,12582,-9.0,13.0,44.0,35.0,-21.0,34.0,9.0,-23.0,39.0,-22.0,7.0,26.0,-16.0,-86.0,-6.0
459,CAMPERDOWN,3526,3532,3537,3504,3451,-18.0,19.0,5.0,-8.0,8.0,5.0,-34.0,-5.0,6.0,-16.0,-41.0,4.0,-18.0,-13.0,-1.0
460,WARRNAMBOOL - NORTH,21442,21693,21976,22229,22487,104.0,-9.0,156.0,84.0,41.0,158.0,91.0,1.0,161.0,69.0,77.0,112.0,103.0,24.0,-28.0
461,WARRNAMBOOL - SOUTH,13173,13203,13241,13293,13391,-13.0,-103.0,146.0,-18.0,-91.0,147.0,-17.0,-80.0,149.0,0.0,-6.0,104.0,-25.0,31.0,-26.0
