,suburb,price2022,price2023,price2024,price2025
0,EAST MELBOURNE,495,597.261,597.74805,597.3658
1,EAST MELBOURNE,495,597.261,597.74805,597.3658
2,EAST MELBOURNE,420,527.0235,529.77637,529.70593
3,EAST MELBOURNE,420,527.0235,529.77637,529.70593
4,EAST MELBOURNE,550,597.261,597.74805,597.3658
5,EAST MELBOURNE,550,597.261,597.74805,597.3658
6,EAST MELBOURNE,475,604.2913,603.9325,603.7494
7,EAST MELBOURNE,475,604.2913,603.9325,603.7494
8,EAST MELBOURNE,750,750.54944,750.80194,749.2746
9,EAST MELBOURNE,750,750.54944,750.80194,749.2746
10,EAST MELBOURNE,600,604.0683,605.9742,606.8627
11,EAST MELBOURNE,600,604.0683,605.9742,606.8627
12,EAST MELBOURNE,950,597.261,597.74805,597.3658
13,EAST MELBOURNE,950,597.261,597.74805,597.3658
14,EAST MELBOURNE,420,401.84955,398.69492,398.68512
15,EAST MELBOURNE,420,401.84955,398.69492,398.68512
16,EAST MELBOURNE,750,604.2913,603.9325,603.7494
17,EAST MELBOURNE,750,604.2913,603.9325,603.7494
18,EAST MELBOURNE,450,597.261,597.74805,597.3658
19,EAST MELBOURNE,450,597.261,597.74805,597.3658
20,EAST MELBOURNE,1800,1798.713,1799.409,1798.5854
21,EAST MELBOURNE,1800,1798.713,1799.409,1798.5854
22,EAST MELBOURNE,500,539.2109,540.4691,540.43085
23,EAST MELBOURNE,500,539.2109,540.4691,540.43085
24,EAST MELBOURNE,770,770.40546,771.8138,772.2836
25,EAST MELBOURNE,770,770.40546,771.8138,772.2836
26,EAST MELBOURNE,625,527.0235,529.77637,529.70593
27,EAST MELBOURNE,625,527.0235,529.77637,529.70593
28,EAST MELBOURNE,575,527.0235,529.77637,529.70593
29,EAST MELBOURNE,575,527.0235,529.77637,529.70593
30,EAST MELBOURNE,435,597.261,597.74805,597.3658
31,EAST MELBOURNE,435,597.261,597.74805,597.3658
32,EAST MELBOURNE,400,401.84955,398.69492,398.68512
33,EAST MELBOURNE,400,401.84955,398.69492,398.68512
34,EAST MELBOURNE,390,383.90958,381.2845,381.18127
35,EAST MELBOURNE,390,383.90958,381.2845,381.18127
36,EAST MELBOURNE,485,527.0235,529.77637,529.70593
37,EAST MELBOURNE,485,527.0235,529.77637,529.70593
38,EAST MELBOURNE,575,539.2109,540.4691,540.43085
39,EAST MELBOURNE,575,539.2109,540.4691,540.43085
40,EAST MELBOURNE,490,527.0235,529.77637,529.70593
41,EAST MELBOURNE,490,527.0235,529.77637,529.70593
42,HIGHTON,595,564.6281,564.07855,568.4022
43,HIGHTON,595,564.6281,564.07855,568.4022
44,HIGHTON,430,403.56055,404.31665,418.25848
45,HIGHTON,430,403.56055,404.31665,418.25848
46,HIGHTON,525,443.83807,445.36444,458.13745
47,HIGHTON,525,443.83807,445.36444,458.13745
48,HIGHTON,460,460.58484,462.80554,472.52505
49,HIGHTON,460,460.58484,462.80554,472.52505
50,HIGHTON,390,389.90527,389.28094,387.3491
51,HIGHTON,390,389.90527,389.28094,387.3491
52,HIGHTON,3000,1385.2407,1385.8956,1384.6167
53,HIGHTON,3000,1385.2407,1385.8956,1384.6167
54,HIGHTON,540,564.6281,564.07855,568.4022
55,HIGHTON,540,564.6281,564.07855,568.4022
56,HIGHTON,620,613.90326,614.4694,619.38446
57,HIGHTON,620,613.90326,614.4694,619.38446
58,HIGHTON,450,440.9879,440.43042,441.757
59,HIGHTON,450,440.9879,440.43042,441.757
60,HIGHTON,500,496.9387,495.7738,504.50494
61,HIGHTON,500,496.9387,495.7738,504.50494
62,HIGHTON,540,539.4257,539.9901,543.9355
63,HIGHTON,540,539.4257,539.9901,543.9355
64,HIGHTON,530,496.9387,495.7738,504.50494
65,HIGHTON,530,496.9387,495.7738,504.50494
66,HIGHTON,480,496.9387,495.7738,504.50494
67,HIGHTON,480,496.9387,495.7738,504.50494
68,HIGHTON,410,443.83807,445.36444,458.13745
69,HIGHTON,410,443.83807,445.36444,458.13745
70,HIGHTON,350,403.56055,404.31665,418.25848
71,HIGHTON,350,403.56055,404.31665,418.25848
72,CARLTON,375,383.70276,386.13702,387.73477
73,CARLTON,350,383.70276,386.13702,387.73477
74,CARLTON,345,383.70276,386.13702,387.73477
75,CARLTON,540,599.7795,586.4327,582.22107
76,CARLTON,650,599.7795,586.4327,582.22107
77,CARLTON,435,524.4509,515.35394,470.40775
78,CARLTON,360,420.28113,480.4321,484.9929
79,CARLTON,1100,981.51514,957.9006,801.0351
80,ST KILDA EAST,340,345.54657,352.32578,369.77716
81,ST KILDA EAST,340,345.54657,352.32578,369.77716
82,ST KILDA EAST,550,548.4,551.2343,584.6771
83,ST KILDA EAST,550,548.4,551.2343,584.6771
84,ST KILDA EAST,495,440.78876,440.08606,440.63568
85,ST KILDA EAST,495,440.78876,440.08606,440.63568
86,ST KILDA EAST,250,289.11963,341.65237,362.56512
87,ST KILDA EAST,250,289.11963,341.65237,362.56512
88,ST KILDA EAST,290,289.11963,341.65237,362.56512
89,ST KILDA EAST,290,289.11963,341.65237,362.56512
90,ST KILDA EAST,350,440.78876,440.08606,440.63568
91,ST KILDA EAST,350,440.78876,440.08606,440.63568
92,ST KILDA EAST,310,384.00818,391.17065,408.34048
93,ST KILDA EAST,310,384.00818,391.17065,408.34048
94,ST KILDA EAST,345,440.78876,440.08606,440.63568
95,ST KILDA EAST,345,440.78876,440.08606,440.63568
96,ST KILDA EAST,320,440.78876,440.08606,440.63568
97,ST KILDA EAST,320,440.78876,440.08606,440.63568
98,ST KILDA EAST,395,454.3904,481.67453,475.97488
99,ST KILDA EAST,395,454.3904,481.67453,475.97488
100,ST KILDA EAST,335,345.54657,352.32578,369.77716
101,ST KILDA EAST,335,345.54657,352.32578,369.77716
102,ST KILDA EAST,350,384.00818,391.17065,408.34048
103,ST KILDA EAST,350,384.00818,391.17065,408.34048
104,ST KILDA EAST,330,345.54657,352.32578,369.77716
105,ST KILDA EAST,330,345.54657,352.32578,369.77716
106,ST KILDA EAST,450,454.3904,481.67453,475.97488
107,ST KILDA EAST,450,454.3904,481.67453,475.97488
108,ST KILDA EAST,310,345.54657,352.32578,369.77716
109,ST KILDA EAST,310,345.54657,352.32578,369.77716
110,ST KILDA EAST,320,345.54657,352.32578,369.77716
111,ST KILDA EAST,320,345.54657,352.32578,369.77716
112,ST KILDA EAST,450,384.00818,391.17065,408.34048
113,ST KILDA EAST,450,384.00818,391.17065,408.34048
114,ST KILDA EAST,460,440.78876,440.08606,440.63568
115,ST KILDA EAST,460,440.78876,440.08606,440.63568
116,ST KILDA EAST,575,440.78876,440.08606,440.63568
117,ST KILDA EAST,575,440.78876,440.08606,440.63568
118,ST KILDA EAST,330,384.00818,391.17065,408.34048
119,ST KILDA EAST,330,384.00818,391.17065,408.34048
120,ST KILDA EAST,750,759.56805,763.59814,787.85925
121,ST KILDA EAST,750,759.56805,763.59814,787.85925
122,ST KILDA EAST,395,440.78876,440.08606,440.63568
123,ST KILDA EAST,395,440.78876,440.08606,440.63568
124,ST KILDA EAST,300,384.00818,391.17065,408.34048
125,ST KILDA EAST,300,384.00818,391.17065,408.34048
126,ST KILDA EAST,360,384.00818,391.17065,408.34048
127,ST KILDA EAST,360,384.00818,391.17065,408.34048
128,ST KILDA EAST,375,384.00818,391.17065,408.34048
129,ST KILDA EAST,375,384.00818,391.17065,408.34048
130,ABBOTSFORD,375,376.18,401.03925,407.41342
131,ABBOTSFORD,440,414.06082,410.79056,414.05362
132,ABBOTSFORD,425,389.6416,389.6315,390.35977
133,ABBOTSFORD,350,389.6416,389.6315,390.35977
134,ABBOTSFORD,410,414.06082,410.79056,414.05362
135,ABBOTSFORD,600,596.5072,561.0147,544.5144
136,ABBOTSFORD,650,610.37115,607.48236,604.9841
137,ABBOTSFORD,560,747.2206,758.40753,763.28326
138,ABBOTSFORD,550,610.37115,607.48236,604.9841
139,ABBOTSFORD,625,610.37115,607.48236,604.9841
140,ABBOTSFORD,420,414.06082,410.79056,414.05362
141,ABBOTSFORD,390,414.06082,410.79056,414.05362
142,BRUNSWICK WEST,370,381.08777,379.46323,381.08417
143,BRUNSWICK WEST,450,486.6113,515.9005,523.83386
144,BRUNSWICK WEST,380,462.3788,500.62198,519.01215
145,BRUNSWICK WEST,430,462.3788,500.62198,519.01215
146,BRUNSWICK WEST,360,462.3788,500.62198,519.01215
147,BRUNSWICK WEST,400,462.3788,500.62198,519.01215
148,BRUNSWICK WEST,440,486.6113,515.9005,523.83386
149,BRUNSWICK WEST,440,462.3788,500.62198,519.01215
150,BRUNSWICK WEST,380,381.08777,379.46323,381.08417
151,BRUNSWICK WEST,350,462.3788,500.62198,519.01215
152,BRUNSWICK WEST,390,462.3788,500.62198,519.01215
153,ARMADALE,710,704.99554,688.11273,685.3079
154,ARMADALE,400,412.5001,411.35275,408.78394
155,ARMADALE,400,400.73767,409.7782,428.88068
156,ARMADALE,450,800.15155,799.8325,593.01776
157,ARMADALE,320,323.00604,322.7868,323.7686
158,ARMADALE,435,412.5001,411.35275,408.78394
159,ARMADALE,460,579.5242,591.30676,591.4913
160,ARMADALE,1100,704.99554,688.11273,685.3079
161,ARMADALE,670,579.5242,591.30676,591.4913
162,ARMADALE,770,772.85767,767.843,769.8063
163,ARMADALE,300,366.50317,352.00278,354.8966
164,ARMADALE,460,486.3732,490.46332,457.371
165,PORT MELBOURNE,550,548.4178,555.8524,624.49756
166,PORT MELBOURNE,440,395.7921,399.9857,397.855
167,PORT MELBOURNE,750,507.25302,501.25018,503.94305
168,PORT MELBOURNE,525,588.5847,579.3511,573.0205
169,PORT MELBOURNE,940,931.2112,920.5523,917.86127
170,PORT MELBOURNE,650,725.719,717.83527,714.4585
171,PORT MELBOURNE,625,588.5847,579.3511,573.0205
172,PORT MELBOURNE,530,588.5847,579.3511,573.0205
173,PORT MELBOURNE,395,382.98456,377.42987,376.91348
174,PORT MELBOURNE,750,588.5847,579.3511,573.0205
175,PORT MELBOURNE,500,507.25302,501.25018,503.94305
176,PORT MELBOURNE,380,382.98456,377.42987,376.91348
177,PORT MELBOURNE,800,588.5847,579.3511,573.0205
178,PORT MELBOURNE,820,725.719,717.83527,714.4585
179,PORT MELBOURNE,425,395.7921,399.9857,397.855
180,PORT MELBOURNE,1650,1560.275,1558.0686,1543.8038
181,PORT MELBOURNE,495,588.5847,579.3511,573.0205
182,PORT MELBOURNE,1200,1212.1177,1219.4194,1194.6481
183,PORT MELBOURNE,600,588.5847,579.3511,573.0205
184,PORT MELBOURNE,330,395.7921,399.9857,397.855
185,PORT MELBOURNE,750,1212.1177,1219.4194,1194.6481
186,PORT MELBOURNE,1600,1601.5667,1599.4362,1572.7152
187,HAWTHORN,330,382.4223,427.11057,450.82443
188,HAWTHORN,480,476.37216,478.78482,477.6939
189,HAWTHORN,450,476.37216,478.78482,477.6939
190,HAWTHORN,500,562.0202,604.08514,605.8968
191,HAWTHORN,430,382.4223,427.11057,450.82443
192,HAWTHORN,350,382.4223,427.11057,450.82443
193,HAWTHORN,445,476.37216,478.78482,477.6939
194,HAWTHORN,495,562.0202,604.08514,605.8968
195,HAWTHORN,800,847.91644,790.22766,791.5271
196,HAWTHORN,460,476.37216,478.78482,477.6939
197,HAWTHORN,580,562.0202,604.08514,605.8968
198,HAWTHORN,520,476.37216,478.78482,477.6939
199,HAWTHORN,415,476.37216,478.78482,477.6939
200,HAWTHORN,485,476.37216,478.78482,477.6939
201,HAWTHORN,435,445.36533,474.62375,457.3235
202,HAWTHORN,360,382.4223,427.11057,450.82443
203,HAWTHORN,450,481.04208,493.8996,719.0913
204,HAWTHORN,300,382.4223,427.11057,450.82443
205,ELWOOD,410,358.32465,359.1462,359.02188
206,ELWOOD,240,358.32465,359.1462,359.02188
207,ELWOOD,550,468.2872,468.29202,466.5501
208,ELWOOD,560,548.5359,549.3996,547.9489
209,ELWOOD,575,468.2872,468.29202,466.5501
210,ELWOOD,470,358.32465,359.1462,359.02188
211,ELWOOD,420,468.2872,468.29202,466.5501
212,ELWOOD,450,468.2872,468.29202,466.5501
213,ELWOOD,425,358.32465,359.1462,359.02188
214,ELWOOD,410,468.2872,468.29202,466.5501
215,ELWOOD,340,327.83334,328.4708,329.23282
216,ELWOOD,565,563.9497,563.13495,521.068
217,ELWOOD,320,327.83334,328.4708,329.23282
218,ELWOOD,265,327.83334,328.4708,329.23282
219,ELWOOD,530,534.4369,535.9286,536.86444
220,ELWOOD,330,327.83334,328.4708,329.23282
221,ELWOOD,550,358.32465,359.1462,359.02188
222,ELWOOD,320,358.32465,359.1462,359.02188
223,ELWOOD,685,534.4369,535.9286,536.86444
224,ELWOOD,370,358.32465,359.1462,359.02188
225,ELWOOD,490,468.2872,468.29202,466.5501
226,ELWOOD,475,468.2872,468.29202,466.5501
227,ELWOOD,380,327.83334,328.4708,329.23282
228,ELWOOD,500,468.2872,468.29202,466.5501
229,SOUTHBANK,385,405.4734,409.0625,408.78247
230,SOUTHBANK,530,477.8301,476.53452,475.572
231,SOUTHBANK,395,405.4734,409.0625,408.78247
232,SOUTHBANK,500,529.01904,537.52606,541.76074
233,SOUTHBANK,650,766.05774,762.34607,761.76556
234,SOUTHBANK,850,766.05774,762.34607,761.76556
235,SOUTHBANK,475,481.8082,483.7826,482.95328
236,SOUTHBANK,650,620.8951,620.4703,620.8532
237,SOUTHBANK,400,405.4734,409.0625,408.78247
238,SOUTHBANK,425,477.8301,476.53452,475.572
239,SOUTHBANK,350,405.4734,409.0625,408.78247
240,SOUTHBANK,675,715.72705,719.81036,725.9551
241,SOUTHBANK,495,477.8301,476.53452,475.572
242,SOUTHBANK,525,620.8951,620.4703,620.8532
243,SOUTHBANK,410,405.4734,409.0625,408.78247
244,SOUTHBANK,320,405.4734,409.0625,408.78247
245,SOUTHBANK,1300,804.62756,808.1286,881.24207
246,SOUTHBANK,500,481.8082,483.7826,482.95328
247,SOUTHBANK,700,620.8951,620.4703,620.8532
248,MURRUMBEENA,340,303.7472,314.13596,318.35315
249,MURRUMBEENA,290,303.7472,314.13596,318.35315
250,MURRUMBEENA,300,303.7472,314.13596,318.35315
251,MURRUMBEENA,270,303.7472,314.13596,318.35315
252,MURRUMBEENA,350,381.3704,396.93082,416.5888
253,MURRUMBEENA,250,303.7472,314.13596,318.35315
254,MURRUMBEENA,310,303.7472,314.13596,318.35315
255,MURRUMBEENA,460,490.82452,496.38745,500.6336
256,COLLINGWOOD,480,470.82083,469.16754,461.79745
257,COLLINGWOOD,450,470.82083,469.16754,461.79745
258,COLLINGWOOD,500,470.82083,469.16754,461.79745
259,COLLINGWOOD,700,593.9746,597.3885,598.0775
260,COLLINGWOOD,550,536.5617,544.86664,541.3474
261,COLLINGWOOD,470,470.82083,469.16754,461.79745
262,COLLINGWOOD,450,536.5617,544.86664,541.3474
263,COLLINGWOOD,600,536.5617,544.86664,541.3474
264,CAULFIELD - NORTH,525,472.08804,468.57935,468.03427
265,CAULFIELD - NORTH,600,594.8661,616.19727,616.22516
266,CAULFIELD - NORTH,570,565.0977,560.68335,557.8703
267,CAULFIELD - NORTH,650,648.8131,647.0434,646.57574
268,CAULFIELD - NORTH,575,548.88416,546.4845,548.6609
269,CAULFIELD - NORTH,520,499.8365,497.95602,557.694
270,CAULFIELD - NORTH,460,457.2024,454.04327,454.03397
271,CAULFIELD - NORTH,310,308.5037,300.7673,328.53293
272,CAULFIELD - NORTH,550,546.2501,542.85706,541.07874
273,CAULFIELD - NORTH,550,480.69907,476.9305,476.77747
274,CAULFIELD - NORTH,600,592.5635,590.32275,588.82294
275,CAULFIELD - NORTH,425,472.08804,468.57935,468.03427
276,CAULFIELD - NORTH,570,623.2023,645.0267,649.3959
277,CAULFIELD - NORTH,560,555.196,547.3929,546.59424
278,CAULFIELD - NORTH,395,390.56534,388.2076,387.42645
279,CAULFIELD - NORTH,570,550.35474,550.876,555.0282
280,CAULFIELD - NORTH,500,495.2533,490.5563,489.7589
281,CAULFIELD - NORTH,750,704.9591,703.37286,706.63055
282,WODONGA,250,315.9786,319.3826,321.04993
283,WODONGA,230,255.19589,264.7458,273.7152
284,WODONGA,350,315.9786,319.3826,321.04993
285,WODONGA,240,255.19589,264.7458,273.7152
286,WODONGA,300,315.9786,319.3826,321.04993
287,MOONEE PONDS,480,481.89484,494.94504,494.06406
288,MOONEE PONDS,400,436.4746,440.2018,440.3015
289,MOONEE PONDS,470,436.4746,440.2018,440.3015
290,FOOTSCRAY,480,513.2654,522.7143,541.5563
291,FOOTSCRAY,490,513.2654,522.7143,541.5563
292,FOOTSCRAY,400,405.0023,403.99426,403.46545
293,FOOTSCRAY,520,513.2654,522.7143,541.5563
294,FOOTSCRAY,550,513.2654,522.7143,541.5563
295,FOOTSCRAY,390,405.0023,403.99426,403.46545
296,FOOTSCRAY,485,513.2654,522.7143,541.5563
297,FOOTSCRAY,475,513.2654,522.7143,541.5563
298,FOOTSCRAY,500,513.2654,522.7143,541.5563
299,FOOTSCRAY,550,575.4718,457.5091,466.86975
300,FOOTSCRAY,800,405.0023,403.99426,403.46545
301,FOOTSCRAY,385,405.0023,403.99426,403.46545
302,FOOTSCRAY,375,405.0023,403.99426,403.46545
303,FOOTSCRAY,355,405.0023,403.99426,403.46545
304,FOOTSCRAY,325,376.3412,380.4619,384.60675
305,FOOTSCRAY,300,282.50552,284.0594,280.63196
306,FOOTSCRAY,300,376.3412,380.4619,384.60675
307,FOOTSCRAY,220,282.50552,284.0594,280.63196
308,FOOTSCRAY,260,405.0023,403.99426,403.46545
309,FOOTSCRAY,390,376.3412,380.4619,384.60675
310,FITZROY NORTH,800,671.9421,664.825,657.3576
311,FITZROY NORTH,440,452.8206,451.94543,433.04776
312,FITZROY NORTH,570,671.9421,664.825,657.3576
313,FITZROY NORTH,350,418.8282,441.7403,438.01117
314,FITZROY NORTH,310,322.96127,429.80127,416.7172
315,FITZROY NORTH,900,979.8628,1040.0366,1035.5204
316,FITZROY NORTH,490,452.8206,451.94543,433.04776
317,FITZROY NORTH,630,671.9421,664.825,657.3576
318,FITZROY NORTH,460,452.8206,451.94543,433.04776
319,FITZROY NORTH,470,452.8206,451.94543,433.04776
320,FITZROY NORTH,450,452.8206,451.94543,433.04776
321,FITZROY NORTH,585,671.9421,664.825,657.3576
322,FITZROY NORTH,420,418.8282,441.7403,438.01117
323,FITZROY NORTH,600,671.9421,664.825,657.3576
324,TOORAK,475,508.61505,508.67554,507.15112
325,TOORAK,465,414.17648,413.78653,417.5634
326,TOORAK,520,549.7153,548.7518,546.7584
327,TOORAK,280,284.28366,286.2463,391.61725
328,TOORAK,750,750.19806,748.8848,716.53766
329,TOORAK,650,588.6296,590.1105,571.7592
330,TOORAK,430,414.17648,413.78653,417.5634
331,TOORAK,725,549.7153,548.7518,546.7584
332,TOORAK,400,414.17648,413.78653,417.5634
333,TOORAK,540,549.7153,548.7518,546.7584
334,TOORAK,495,549.7153,548.7518,546.7584
335,TOORAK,460,549.7153,548.7518,546.7584
336,RINGWOOD,440,465.07462,565.20264,567.8092
337,RINGWOOD,370,394.9778,395.55496,410.73328
338,NOBLE PARK NORTH,240,287.28995,293.87103,294.57452
339,NOBLE PARK NORTH,350,335.69955,395.79514,397.80652
340,MELTON WEST,340,397.48532,495.5298,489.3448
341,MELTON WEST,450,397.48532,495.5298,489.3448
342,MELTON WEST,450,447.09674,443.65277,449.22714
343,HAMPTON,625,667.9915,655.9468,654.4582
344,HAMPTON,625,667.9915,655.9468,654.4582
345,HAMPTON,750,667.9915,655.9468,654.4582
346,HAMPTON,750,667.9915,655.9468,654.4582
347,HAMPTON,425,411.37012,394.79715,392.99292
348,HAMPTON,425,411.37012,394.79715,392.99292
349,HAMPTON,480,462.9338,448.3303,445.92834
350,HAMPTON,480,462.9338,448.3303,445.92834
351,BRUNSWICK EAST,400,377.26926,380.06238,387.34814
352,BRUNSWICK EAST,550,546.1507,528.4089,523.4257
353,BRUNSWICK EAST,650,529.2749,528.89105,528.40326
354,BRUNSWICK EAST,600,546.1507,528.4089,523.4257
355,BRUNSWICK EAST,510,529.2749,528.89105,528.40326
356,BRUNSWICK EAST,475,529.2749,528.89105,528.40326
357,BRUNSWICK EAST,445,546.1507,528.4089,523.4257
358,BRUNSWICK EAST,550,529.2749,528.89105,528.40326
359,BRUNSWICK EAST,385,377.26926,380.06238,387.34814
360,BRUNSWICK EAST,350,546.1507,528.4089,523.4257
361,BRUNSWICK EAST,390,468.95526,512.1486,511.509
362,HADFIELD,450,452.0965,448.80655,448.23956
363,HADFIELD,670,669.3147,668.88184,669.52924
364,HADFIELD,525,569.78156,593.95544,575.447
365,HADFIELD,380,380.70016,379.06412,379.0542
366,HADFIELD,460,452.0965,448.80655,448.23956
367,CAULFIELD - SOUTH,590,610.10077,608.47546,609.4787
368,CAULFIELD - SOUTH,360,355.37122,353.17105,355.24448
369,CAULFIELD - SOUTH,450,558.3087,559.22015,560.09033
370,CAULFIELD - SOUTH,430,457.7812,456.22406,427.65482
371,THORNBURY,430,424.94687,429.1371,441.73148
372,THORNBURY,650,638.7041,635.723,584.4591
373,THORNBURY,240,365.86612,369.75662,364.25076
374,THORNBURY,450,424.94687,429.1371,441.73148
375,THORNBURY,390,391.2851,395.7925,408.65228
376,THORNBURY,650,648.16327,645.6461,643.7296
377,THORNBURY,395,424.94687,429.1371,441.73148
378,THORNBURY,365,391.2851,395.7925,408.65228
379,THORNBURY,395,391.2851,395.7925,408.65228
380,ST KILDA,325,468.72043,468.0874,468.2265
381,ST KILDA,1300,2613.0754,2613.202,2606.0962
382,ST KILDA,450,451.22644,454.78323,441.9787
383,ST KILDA,520,451.22644,454.78323,441.9787
384,ST KILDA,330,453.3224,452.66974,453.32263
385,ST KILDA,450,453.3224,452.66974,453.32263
386,ST KILDA,450,468.72043,468.0874,468.2265
387,ST KILDA,350,478.32462,478.4024,463.44934
388,ST KILDA,2800,2613.0754,2613.202,2606.0962
389,ST KILDA,1300,453.3224,452.66974,453.32263
390,ST KILDA,280,453.3224,452.66974,453.32263
391,ST KILDA,425,468.72043,468.0874,468.2265
392,ST KILDA,430,453.3224,452.66974,453.32263
393,ST KILDA,370,453.3224,452.66974,453.32263
394,ST KILDA,1975,1904.1583,1904.6743,1902.4032
395,ST KILDA,500,468.72043,468.0874,468.2265
396,ST KILDA,495,468.72043,468.0874,468.2265
397,ST KILDA,395,468.72043,468.0874,468.2265
398,ST KILDA,250,453.3224,452.66974,453.32263
399,ST KILDA,390,451.22644,454.78323,441.9787
400,ST KILDA,450,478.32462,478.4024,463.44934
401,ST KILDA,790,793.9888,795.99835,802.05383
402,ST KILDA,310,478.32462,478.4024,463.44934
403,ST KILDA,420,468.72043,468.0874,468.2265
404,ST KILDA,565,468.72043,468.0874,468.2265
405,ST KILDA,625,468.72043,468.0874,468.2265
406,ST KILDA,580,478.32462,478.4024,463.44934
407,ST KILDA,620,620.0621,633.74274,631.91705
408,ST KILDA,430,478.32462,478.4024,463.44934
409,ST KILDA,2700,2613.0754,2613.202,2606.0962
410,ST KILDA,2000,1964.266,1979.0856,1981.963
411,ST KILDA,290,453.3224,452.66974,453.32263
412,ST KILDA,525,525.22363,646.20514,649.18274
413,ST KILDA,375,453.3224,452.66974,453.32263
414,ST KILDA,480,468.72043,468.0874,468.2265
415,ST KILDA,5000,5000.356,2625.5505,2631.0857
416,MALVERN EAST,360,361.266,361.48785,363.06763
417,MALVERN EAST,400,463.38013,462.65982,459.75302
418,MALVERN EAST,365,361.266,361.48785,363.06763
419,MALVERN EAST,410,463.38013,462.65982,459.75302
420,MALVERN EAST,375,361.266,361.48785,363.06763
421,MALVERN EAST,460,463.38013,462.65982,459.75302
422,MALVERN EAST,495,489.83,490.57767,496.84753
423,MALVERN EAST,650,489.83,490.57767,496.84753
424,MALVERN EAST,440,463.38013,462.65982,459.75302
425,MALVERN EAST,550,463.38013,462.65982,459.75302
426,MALVERN EAST,495,494.58295,494.48926,491.2188
427,MALVERN EAST,470,497.14972,496.98914,499.49625
428,MALVERN EAST,525,497.14972,496.98914,499.49625
429,MALVERN EAST,400,394.21286,394.5709,394.975
430,MENTONE,750,749.50433,747.14294,744.4833
431,MENTONE,320,344.23132,343.96744,351.89563
432,MENTONE,350,344.23132,343.96744,351.89563
433,MENTONE,380,391.97134,422.01807,427.22195
434,MENTONE,440,447.37082,741.9973,698.17
435,BRUNSWICK,490,483.9531,482.19815,487.30313
436,BRUNSWICK,390,483.9531,482.19815,487.30313
437,BRUNSWICK,450,483.9531,482.19815,487.30313
438,BRUNSWICK,550,483.9531,482.19815,487.30313
439,BRUNSWICK,625,611.3335,662.01636,624.4417
440,BRUNSWICK,480,395.61514,403.0279,409.8551
441,BRUNSWICK,380,395.61514,403.0279,409.8551
442,BRUNSWICK,400,395.61514,403.0279,409.8551
443,BRUNSWICK,350,395.61514,403.0279,409.8551
444,BRUNSWICK,420,395.61514,403.0279,409.8551
445,BRUNSWICK,510,483.9531,482.19815,487.30313
446,BRUNSWICK,695,691.9173,688.1028,478.35315
447,BRUNSWICK,400,412.96906,870.7954,1131.5237
448,BRUNSWICK,310,395.61514,403.0279,409.8551
449,BRUNSWICK,380,483.9531,482.19815,487.30313
450,BOX HILL,420,419.66592,420.05148,424.15433
451,BOX HILL,230,238.21727,286.33365,319.8749
452,BOX HILL,450,419.66592,420.05148,424.15433
453,BOX HILL,475,462.08643,505.5014,508.1449
454,BOX HILL,480,419.66592,420.05148,424.15433
455,BOX HILL,400,462.08643,505.5014,508.1449
456,BOX HILL,360,419.66592,420.05148,424.15433
457,BALWYN,480,443.44403,441.4213,442.22552
458,BALWYN,400,443.44403,441.4213,442.22552
459,BALWYN,470,469.31802,465.29868,461.29022
460,BALWYN,575,570.643,568.3754,568.0678
461,BALWYN,450,443.44403,441.4213,442.22552
462,BURWOOD,500,492.4434,484.20465,481.96796
463,BURWOOD,220,320.9744,363.0757,383.41245
464,HUGHESDALE,420,428.06433,425.61758,427.965
465,HUGHESDALE,400,428.06433,425.61758,427.965
466,HUGHESDALE,520,536.1875,538.9659,538.96466
467,MELBOURNE,700,684.04956,684.192,684.32336
468,MELBOURNE,650,649.1354,648.95013,380.15134
469,MELBOURNE,430,412.13522,412.19882,412.19882
470,MELBOURNE,550,684.04956,684.192,684.32336
471,MELBOURNE,2800,1760.944,2541.9587,2541.951
472,MELBOURNE,1395,1395.1793,1395.0587,1394.5405
473,MELBOURNE,450,450.99185,450.8815,450.4529
474,MELBOURNE,900,684.04956,684.192,684.32336
475,MELBOURNE,1500,1500.4392,1453.1201,1453.4202
476,MELBOURNE,380,412.13522,412.19882,412.19882
477,MELBOURNE,570,684.04956,684.192,684.32336
478,MELBOURNE,440,412.13522,412.19882,412.19882
479,MELBOURNE,580,684.04956,684.192,684.32336
480,MELBOURNE,395,412.13522,412.19882,412.19882
481,ELSTERNWICK,520,542.42017,541.3068,543.7548
482,ELSTERNWICK,500,542.42017,541.3068,543.7548
483,ELSTERNWICK,450,432.3297,433.779,431.2058
484,ELSTERNWICK,550,542.42017,541.3068,543.7548
485,ELSTERNWICK,430,432.3297,433.779,431.2058
486,ELSTERNWICK,575,432.3297,433.779,431.2058
487,ELSTERNWICK,0,320.05728,322.70926,325.55814
488,ELSTERNWICK,395,432.3297,433.779,431.2058
489,ELSTERNWICK,470,320.05728,322.70926,325.55814
490,ELSTERNWICK,425,432.3297,433.779,431.2058
491,ELSTERNWICK,630,542.42017,541.3068,543.7548
492,ELSTERNWICK,550,556.98236,575.41223,578.8054
493,ELSTERNWICK,410,432.3297,433.779,431.2058
494,ELSTERNWICK,830,556.98236,575.41223,578.8054
495,ELSTERNWICK,440,320.05728,322.70926,325.55814
496,FITZROY,450,405.6494,521.023,526.02856
497,FITZROY,595,593.8189,592.15814,592.8021
498,FITZROY,640,759.14465,758.76825,759.22546
499,FITZROY,340,405.6494,521.023,526.02856
500,FITZROY,620,610.65173,606.6425,603.12537
501,FITZROY,470,476.1869,478.08313,483.4339
502,FITZROY,950,949.5974,950.6103,949.8521
503,TRARALGON,425,424.6687,425.5151,428.2589
504,TRARALGON,450,404.07108,403.70566,402.48755
505,TRARALGON,360,404.07108,403.70566,402.48755
506,TRARALGON,260,363.90674,363.49915,362.57718
507,TRARALGON,430,424.6687,425.5151,428.2589
508,TRARALGON,500,485.55923,485.25565,482.0479
509,TRARALGON,490,404.07108,403.70566,402.48755
510,TRARALGON,510,579.1837,579.2915,577.4267
511,TRARALGON,540,485.55923,485.25565,482.0479
512,TRARALGON,410,404.07108,403.70566,402.48755
513,TRARALGON,715,579.1837,579.2915,577.4267
514,TRARALGON,360,485.55923,485.25565,482.0479
515,TRARALGON,450,363.90674,363.49915,362.57718
516,TRARALGON,620,525.27576,524.8715,526.62897
517,TRARALGON,440,404.07108,403.70566,402.48755
518,TRARALGON,400,485.55923,485.25565,482.0479
519,TRARALGON,415,404.07108,403.70566,402.48755
520,TRARALGON,430,485.55923,485.25565,482.0479
521,TRARALGON,410,363.90674,363.49915,362.57718
522,TRARALGON,440,485.55923,485.25565,482.0479
523,TRARALGON,525,579.1837,579.2915,577.4267
524,TRARALGON,1200,776.5129,776.6832,780.7873
525,TRARALGON,800,799.7723,798.6936,795.5145
526,TRARALGON,290,404.07108,403.70566,402.48755
527,TRARALGON,500,496.40112,497.38486,588.5971
528,TRARALGON,355,363.90674,363.49915,362.57718
529,TRARALGON,365,363.90674,363.49915,362.57718
530,TRARALGON,385,404.07108,403.70566,402.48755
531,PASCOE VALE,375,399.43283,408.00858,409.83215
532,PASCOE VALE,410,399.43283,408.00858,409.83215
533,BOX HILL NORTH,440,444.58246,444.4521,446.85123
534,BOX HILL NORTH,440,444.58246,444.4521,446.85123
535,KEW,470,428.5151,428.34793,432.93637
536,KEW,850,865.8041,618.8886,746.45935
537,KEW,435,428.5151,428.34793,432.93637
538,KEW,475,428.5151,428.34793,432.93637
539,KEW,390,428.5151,428.34793,432.93637
540,KEW,380,428.5151,428.34793,432.93637
541,KEW,620,616.12476,616.4533,713.51526
542,KEW,420,428.5151,428.34793,432.93637
543,KEW,330,341.62613,349.3602,360.19885
544,DONCASTER,360,393.56796,397.19617,397.60184
545,DONCASTER,420,393.56796,397.19617,397.60184
546,NORTHCOTE,375,436.91266,429.5428,426.26498
547,NORTHCOTE,450,436.91266,429.5428,426.26498
548,NORTHCOTE,295,319.0801,379.47906,367.1827
549,NORTHCOTE,530,436.91266,429.5428,426.26498
550,CARNEGIE,545,533.32855,530.4191,531.1015
551,CARNEGIE,320,346.2248,349.25113,357.19748
552,CARNEGIE,450,426.5176,433.30792,441.08502
553,CARNEGIE,340,346.2248,349.25113,357.19748
554,CARNEGIE,420,422.98926,428.21936,429.71118
555,CARNEGIE,295,346.2248,349.25113,357.19748
556,CARNEGIE,375,336.32828,348.48022,354.31635
557,CARNEGIE,360,426.5176,433.30792,441.08502
558,CARNEGIE,900,562.90686,560.31775,539.0896
559,CARNEGIE,420,426.5176,433.30792,441.08502
560,CARNEGIE,200,206.24326,218.94614,228.35608
561,CARNEGIE,495,504.481,501.51328,500.99966
562,CARNEGIE,495,426.5176,433.30792,441.08502
563,CARNEGIE,420,346.2248,349.25113,357.19748
564,CARNEGIE,530,504.481,501.51328,500.99966
565,CAMBERWELL,470,460.7118,455.19254,454.233
566,CAMBERWELL,400,460.7118,455.19254,454.233
567,CAMBERWELL,565,566.05347,560.38983,582.3722
568,CAMBERWELL,475,460.7118,455.19254,454.233
569,CAMBERWELL,430,433.90826,428.1133,427.17374
570,CAMBERWELL,695,685.66266,806.9939,808.828
571,CAMBERWELL,375,433.90826,428.1133,427.17374
572,CAMBERWELL,450,460.7118,455.19254,454.233
573,CAMBERWELL,380,433.90826,428.1133,427.17374
574,NORTH MELBOURNE,445,467.12354,549.47723,562.07544
575,NORTH MELBOURNE,310,460.80807,438.75024,440.76416
576,NORTH MELBOURNE,395,460.80807,438.75024,440.76416
577,NORTH MELBOURNE,415,433.22382,512.1798,525.1518
578,NORTH MELBOURNE,330,460.80807,438.75024,440.76416
579,NORTH MELBOURNE,280,460.80807,438.75024,440.76416
580,NORTH MELBOURNE,380,433.22382,512.1798,525.1518
581,NORTH MELBOURNE,350,409.22748,465.40256,479.91516
582,NORTH MELBOURNE,500,467.12354,549.47723,562.07544
583,NORTH MELBOURNE,415,558.0241,537.25806,536.6955
584,NORTH MELBOURNE,430,433.22382,512.1798,525.1518
585,NORTH MELBOURNE,530,558.0241,537.25806,536.6955
586,NORTH MELBOURNE,350,467.12354,549.47723,562.07544
587,NORTH MELBOURNE,390,467.12354,549.47723,562.07544
588,DANDENONG,399,464.6117,1464.9038,1467.4036
589,DOCKLANDS,420,422.03772,424.90274,427.14844
590,DOCKLANDS,480,534.1155,529.42633,529.8152
591,DOCKLANDS,495,534.1155,529.42633,529.8152
592,DOCKLANDS,590,606.30945,598.3545,595.5415
593,DOCKLANDS,630,606.30945,598.3545,595.5415
594,DOCKLANDS,600,534.1155,529.42633,529.8152
595,DOCKLANDS,700,601.222,905.2168,788.93976
596,DOCKLANDS,750,646.0015,652.8641,627.84827
597,GLENROY,380,396.48154,399.47296,405.15576
598,GLENROY,300,326.2916,327.56693,341.1734
599,GLENROY,600,616.4915,1098.842,1440.5532
600,GLENROY,440,396.48154,399.47296,405.15576
601,GLENROY,330,424.51764,426.9475,383.38342
602,IVANHOE,385,389.0061,389.4231,387.2359
603,IVANHOE,390,411.54492,413.99927,416.99942
604,IVANHOE,410,411.54492,413.99927,416.99942
605,SYDENHAM,410,415.32056,417.29074,455.37506
606,SYDENHAM,420,416.06113,411.83572,407.57687
607,SYDENHAM,450,449.98184,584.07886,746.3684
608,SYDENHAM,475,476.24307,587.9719,573.941
609,SYDENHAM,350,416.06113,411.83572,407.57687
610,HAWTHORN EAST,430,286.55362,305.2028,316.5826
611,HAWTHORN EAST,430,286.55362,305.2028,316.5826
612,HAWTHORN EAST,430,448.1775,447.28058,452.72424
613,HAWTHORN EAST,430,448.1775,447.28058,452.72424
614,HAWTHORN EAST,570,564.64044,563.74445,590.0858
615,HAWTHORN EAST,570,564.64044,563.74445,590.0858
616,HAWTHORN EAST,400,417.62637,420.21198,431.8897
617,HAWTHORN EAST,400,417.62637,420.21198,431.8897
618,HAWTHORN EAST,625,578.69183,574.1915,580.2835
619,HAWTHORN EAST,625,578.69183,574.1915,580.2835
620,HAWTHORN EAST,520,448.1775,447.28058,452.72424
621,HAWTHORN EAST,520,448.1775,447.28058,452.72424
622,HAWTHORN EAST,400,448.1775,447.28058,452.72424
623,HAWTHORN EAST,400,448.1775,447.28058,452.72424
624,HAWTHORN EAST,390,448.1775,447.28058,452.72424
625,HAWTHORN EAST,390,448.1775,447.28058,452.72424
626,HAWTHORN EAST,550,578.69183,574.1915,580.2835
627,HAWTHORN EAST,550,578.69183,574.1915,580.2835
628,HAWTHORN EAST,275,274.53708,295.1497,322.20142
629,HAWTHORN EAST,275,274.53708,295.1497,322.20142
630,HAWTHORN EAST,90,286.55362,305.2028,316.5826
631,HAWTHORN EAST,90,286.55362,305.2028,316.5826
632,HAWTHORN EAST,380,448.1775,447.28058,452.72424
633,HAWTHORN EAST,380,448.1775,447.28058,452.72424
634,HAWTHORN EAST,500,448.1775,447.28058,452.72424
635,HAWTHORN EAST,500,448.1775,447.28058,452.72424
636,HAWTHORN EAST,600,578.69183,574.1915,580.2835
637,HAWTHORN EAST,600,578.69183,574.1915,580.2835
638,HAWTHORN EAST,540,578.69183,574.1915,580.2835
639,HAWTHORN EAST,540,578.69183,574.1915,580.2835
640,HAWTHORN EAST,895,892.5377,889.43274,901.2115
641,HAWTHORN EAST,895,892.5377,889.43274,901.2115
642,FOREST HILL,560,563.846,563.7024,562.2039
643,FOREST HILL,370,373.06342,382.08368,382.0376
644,FOREST HILL,460,467.5154,468.19165,452.13217
645,FOREST HILL,620,614.1741,619.96295,619.0769
646,FOREST HILL,520,510.24103,514.47375,512.34705
647,ALTONA,280,437.00714,439.8607,451.47418
648,BRIGHTON EAST,470,423.1607,432.53195,446.94653
649,BRIGHTON EAST,370,423.1607,432.53195,446.94653
650,BRIGHTON EAST,370,373.53586,384.36728,399.70718
651,COBURG,420,435.1838,526.9832,528.19904
652,COBURG,340,367.7018,366.53845,365.61383
653,COBURG,410,367.7018,366.53845,365.61383
654,COBURG,365,367.7018,366.53845,365.61383
655,COBURG,300,335.01215,359.79315,360.62634
656,RINGWOOD NORTH,390,390.08264,383.8721,382.75458
657,BURWOOD EAST,475,569.37555,544.26935,530.9753
658,MOUNT MARTHA,535,513.3536,480.94815,481.24765
659,SPRINGVALE,440,436.2327,433.50757,855.29205
660,SPRINGVALE,380,391.14255,401.8635,413.56238
661,BLACKBURN SOUTH,405,409.60785,409.74316,425.80453
662,CLAYTON,595,597.0823,602.94385,602.1713
663,CLAYTON,400,422.22345,440.63147,465.33746
664,CLAYTON,620,659.9668,676.79517,655.81635
665,CLAYTON,490,538.7063,521.56976,535.87616
666,FLEMINGTON,415,373.9736,432.56476,459.3028
667,FLEMINGTON,440,460.7379,481.05936,617.53174
668,FLEMINGTON,330,337.7175,372.1503,373.75522
669,PASCOE VALE SOUTH,420,412.19,414.61545,414.7402
670,NUNAWADING,370,380.4173,387.18454,398.48636
671,ASCOT VALE,300,288.00687,300.5986,321.01456
672,ASCOT VALE,420,393.52274,399.5169,399.78534
673,ASCOT VALE,400,393.52274,399.5169,399.78534
674,ASCOT VALE,280,288.00687,300.5986,321.01456
675,ASCOT VALE,380,393.52274,399.5169,399.78534
676,BALWYN NORTH,430,432.27582,432.71133,432.5185
677,BALWYN NORTH,425,432.27582,432.71133,432.5185
678,MARIBYRNONG,410,413.4518,408.12762,414.3161
679,MARIBYRNONG,370,413.4518,408.12762,414.3161
680,MARIBYRNONG,295,317.1398,311.74164,312.06213
681,MARIBYRNONG,430,481.69208,525.6563,1001.2677
682,MARIBYRNONG,355,413.4518,408.12762,414.3161
683,MARIBYRNONG,465,508.48428,581.1281,578.78973
684,BLACKBURN,360,350.70428,349.2649,348.55966
685,BLACKBURN,480,460.29965,453.69162,453.8967
686,WHEELERS HILL,380,390.9649,399.16492,432.22964
687,ALTONA NORTH,500,499.98285,493.43185,491.56232
688,ALTONA NORTH,500,499.98285,493.43185,491.56232
689,ALTONA NORTH,550,499.98285,493.43185,491.56232
690,ALTONA NORTH,550,499.98285,493.43185,491.56232
691,WOODEND,525,391.90967,372.99527,372.5579
692,CLAYTON SOUTH,460,466.9528,466.5505,467.157
693,CLAYTON SOUTH,460,466.9528,466.5505,467.157
694,CLAYTON SOUTH,460,472.74387,478.21472,478.54135
695,CLAYTON SOUTH,460,472.74387,478.21472,478.54135
696,CLAYTON SOUTH,425,466.9528,466.5505,467.157
697,CLAYTON SOUTH,425,466.9528,466.5505,467.157
698,NEWPORT,400,404.9973,401.074,401.18896
699,NEWPORT,380,404.9973,401.074,401.18896
700,PARKVILLE,780,779.441,779.3762,779.9865
701,PARKVILLE,410,403.29376,409.67807,412.1085
702,PARKVILLE,400,403.29376,409.67807,412.1085
703,PARKVILLE,560,559.4477,562.29626,562.3126
704,SOUTH MELBOURNE,720,735.8675,736.04224,988.43146
705,DANDENONG NORTH,380,417.0497,578.09216,577.87665
706,ELTHAM,340,350.03717,376.84952,388.14197
707,ELTHAM,380,350.03717,376.84952,388.14197
708,DOREEN,280,340.05856,349.1622,352.21146
709,BORONIA,370,375.82233,396.83963,397.84573
710,BORONIA,450,449.07047,453.95648,453.44867
711,BALLARAT - NORTH,500,460.4084,454.74307,450.80606
712,WILLIAMSTOWN,475,469.6467,469.66745,464.35046
713,WILLIAMSTOWN,475,469.6467,469.66745,464.35046
714,WILLIAMSTOWN,490,459.76358,454.48538,447.75958
715,WILLIAMSTOWN,490,459.76358,454.48538,447.75958
716,WILLIAMSTOWN,400,459.76358,454.48538,447.75958
717,WILLIAMSTOWN,400,459.76358,454.48538,447.75958
718,WILLIAMSTOWN,330,335.71817,332.20667,330.64948
719,WILLIAMSTOWN,330,335.71817,332.20667,330.64948
720,WILLIAMSTOWN,410,459.76358,454.48538,447.75958
721,WILLIAMSTOWN,410,459.76358,454.48538,447.75958
722,WILLIAMSTOWN,510,459.76358,454.48538,447.75958
723,WILLIAMSTOWN,510,459.76358,454.48538,447.75958
724,THOMASTOWN,315,423.34174,419.35513,422.81235
725,WARRAGUL,1434,1405.6522,389.41187,388.1388
726,BEAUMARIS,440,500.33823,500.40765,499.69965
727,SUNSHINE NORTH,220,218.53737,348.75513,348.38715
728,RINGWOOD EAST,410,414.97104,420.5807,430.04443
729,STRATHMORE,400,398.61847,394.05164,405.8058
730,HOPPERS CROSSING - SOUTH,295,314.4668,324.28455,414.77783
731,CHIRNSIDE PARK,390,385.235,384.8873,385.33054
732,CROYDON SOUTH,390,387.05206,387.40024,387.05673
733,CROYDON SOUTH,390,387.05206,387.40024,387.05673
734,VERMONT,400,405.06433,405.612,429.77158
735,DROUIN,415,415.81522,417.53238,417.41498
736,ALTONA MEADOWS,320,325.23224,316.06165,428.4477
737,ALTONA MEADOWS,320,325.23224,316.06165,428.4477
738,WINCHELSEA,460,459.8833,459.16577,440.52917
739,WINCHELSEA,460,459.8833,459.16577,440.52917
740,HEIDELBERG WEST,399,398.9335,398.2538,396.47067
741,HEIDELBERG WEST,399,398.9335,398.2538,396.47067
742,MELTON SOUTH,320,325.52173,325.63153,329.4988
