suburb,erp_2016,erp_2017,erp_2018,erp_2019,erp_2020,erp_2021,erp_2022,erp_2023,erp_2024,erp_2025
GORDON (VIC.),5761,5824,5899,5999,6075,6152.5,6232.8000000000175,6313.100000000006,6393.399999999994,6473.700000000012
AVOCA,3323,3330,3352,3364,3370,3386.2000000000007,3399.0,3411.7999999999993,3424.5999999999985,3437.399999999998
BEAUFORT,4454,4485,4450,4547,4615,4625.399999999994,4663.800000000003,4702.199999999997,4740.599999999991,4779.0
GOLDEN PLAINS - NORTH,4540,4635,4742,4862,4938,5050.299999999988,5152.600000000006,5254.899999999994,5357.1999999999825,5459.5
YACKANDANDAH,4578,4586,4627,4683,4756,4781.899999999994,4827.199999999997,4872.5,4917.800000000003,4963.100000000006
DROUIN,16435,17112,17777,18452,19213,19866.600000000093,20556.199999999953,21245.800000000047,21935.40000000014,22625.0
MOUNT BAW BAW REGION,6095,6114,6147,6191,6192,6229.100000000006,6256.200000000004,6283.300000000003,6310.4000000000015,6337.5
TRAFALGAR (VIC.),7828,7970,8035,8077,8129,8220.5,8291.399999999994,8362.299999999988,8433.199999999983,8504.099999999977
WARRAGUL,19088,19584,20148,20764,21418,21952.399999999907,22536.399999999907,23120.399999999907,23704.399999999907,24288.399999999907
BAIRNSDALE,14899,15167,15409,15561,15590,15858.0,16035.600000000035,16213.200000000012,16390.79999999999,16568.400000000023
BRUTHEN - OMEO,7902,7999,8087,8172,8280,8366.700000000012,8459.600000000006,8552.5,8645.399999999994,8738.299999999988
LAKES ENTRANCE,10038,10147,10303,10394,10579,10690.900000000023,10823.799999999988,10956.700000000012,11089.600000000035,11222.5
ORBOST,6497,6468,6475,6447,6461,6441.700000000001,6432.4000000000015,6423.100000000002,6413.800000000003,6404.500000000004
PAYNESVILLE,6374,6485,6662,6836,6914,7083.5,7226.600000000035,7369.700000000012,7512.799999999988,7655.900000000023
FOSTER,8897,8954,8994,9077,9232,9268.699999999983,9348.0,9427.299999999988,9506.599999999977,9585.899999999994
FRENCH ISLAND,114,114,114,114,114,114.0,114.0,114.0,114.0,114.0
KORUMBURRA,9253,9341,9443,9587,9755,9850.799999999988,9975.799999999988,10100.799999999988,10225.799999999988,10350.799999999988
LEONGATHA,11202,11248,11358,11468,11471,11576.799999999988,11652.600000000006,11728.399999999994,11804.199999999983,11880.0
PHILLIP ISLAND,10686,11037,11416,11748,12115,12471.099999999977,12828.0,13184.900000000023,13541.800000000047,13898.70000000007
WONTHAGGI - INVERLOCH,22577,23125,23685,24330,25098,25637.100000000093,26261.800000000047,26886.5,27511.199999999953,28135.899999999907
CHURCHILL,11594,11576,11590,11628,11702,11698.400000000001,11725.199999999997,11752.0,11778.800000000003,11805.599999999999
MOE - NEWBOROUGH,16840,16831,16810,16816,16842,16824.499999999996,16823.399999999998,16822.3,16821.199999999997,16820.1
MORWELL,14024,14008,14025,14038,14001,14014.399999999998,14012.8,14011.199999999999,14009.599999999999,14008.0
TRARALGON,27361,27667,27958,28206,28427,28725.100000000035,28992.20000000001,29259.29999999999,29526.399999999965,29793.49999999994
YALLOURN NORTH - GLENGARRY,4643,4645,4645,4692,4752,4754.9000000000015,4781.4000000000015,4807.9000000000015,4834.4000000000015,4860.9000000000015
ALPS - WEST,24,24,24,24,24,24.0,24.0,24.0,24.0,24.0
LONGFORD - LOCH SPORT,4367,4398,4403,4453,4576,4581.299999999988,4628.599999999991,4675.899999999994,4723.199999999997,4770.5
MAFFRA,13973,14099,14197,14335,14495,14603.799999999988,14731.799999999988,14859.799999999988,14987.799999999988,15115.799999999988
ROSEDALE,4791,4865,4870,4919,4792,4864.199999999999,4869.799999999999,4875.4,4881.0,4886.6
NORTH MELBOURNE,22106,23673,25367,26471,27718,29273.600000000093,30675.799999999814,32078.0,33480.200000000186,34882.39999999991
HAWTHORN EAST,16192,16625,16994,17244,17457,17847.099999999977,18162.0,18476.900000000023,18791.800000000047,19106.70000000007
PARKVILLE,7898,8283,8447,8754,8738,9069.299999999988,9284.400000000023,9499.5,9714.599999999977,9929.700000000012
SOUTH YARRA - WEST,6453,6814,6924,7008,6901,7147.0,7256.0,7365.0,7474.0,7583.0
CHELTENHAM - HIGHETT (WEST),11463,11750,12142,12354,12581,12910.0,13194.0,13478.0,13762.0,14046.0
ORMOND - GLEN HUNTLY,14057,14283,14525,14735,14823,15079.799999999988,15278.199999999953,15476.599999999977,15675.0,15873.399999999965
BENTLEIGH EAST (NORTH),15482,15732,16029,16535,16921,17244.100000000093,17612.20000000007,17980.300000000047,18348.400000000023,18716.5
SUNBURY - SOUTH,27686,28452,29373,30638,31696,32630.800000000047,33651.39999999991,34672.0,35692.60000000009,36713.19999999995
KNOXFIELD - SCORESBY,15752,16298,16765,17197,17390,17932.900000000023,18350.400000000023,18767.900000000023,19185.400000000023,19602.900000000023
BRUNSWICK EAST,11716,12560,13301,13767,14466,15174.100000000093,15844.800000000047,16515.5,17186.199999999953,17856.899999999907
HAMPTON,18611,18868,19103,19345,19570,19817.900000000023,20057.400000000023,20296.900000000023,20536.400000000023,20775.900000000023
SOUTHBANK,20288,22210,24424,26321,27426,29649.899999999907,31488.599999999627,33327.299999999814,35166.0,37004.69999999972
ST KILDA EAST,17613,17916,18262,18587,18697,19066.699999999953,19350.599999999977,19634.5,19918.400000000023,20202.300000000047
ARMADALE,9619,9783,10306,10501,10539,10917.0,11172.799999999988,11428.599999999977,11684.399999999965,11940.199999999953
BACCHUS MARSH,20989,21636,22222,22966,23747,24365.800000000047,25050.399999999907,25735.0,26419.600000000093,27104.199999999953
PRAHRAN - WINDSOR,21275,21742,22040,22238,22384,22750.0,23021.400000000023,23292.800000000047,23564.20000000007,23835.600000000093
HILLSIDE,21305,22913,24151,25229,25873,27329.80000000028,28475.0,29620.200000000186,30765.400000000373,31910.600000000093
ELSTERNWICK,12110,12304,12499,12671,12789,12992.099999999977,13164.599999999977,13337.099999999977,13509.599999999977,13682.099999999977
MELTON,19560,19832,20189,20599,20695,21086.099999999977,21389.800000000047,21693.5,21997.199999999953,22300.900000000023
COLAC REGION,5381,5363,5363,5364,5407,5391.5,5396.800000000001,5402.1,5407.4,5412.700000000001
CORANGAMITE - NORTH,5432,5410,5354,5339,5356,5311.299999999996,5289.0,5266.699999999997,5244.399999999994,5222.0999999999985
WHITE HILLS - ASCOT,11914,12544,13129,13793,14317,14955.899999999907,15561.399999999907,16166.899999999907,16772.399999999907,17377.899999999907
BENDIGO REGION - SOUTH,7346,7565,7770,7891,8115,8296.600000000035,8483.0,8669.400000000023,8855.800000000047,9042.200000000012
CORANGAMITE - SOUTH,7274,7225,7177,7103,7043,6989.199999999997,6930.799999999988,6872.399999999994,6814.0,6755.599999999991
BENDIGO REGION - NORTH,4413,4478,4554,4580,4625,4687.800000000003,4740.399999999994,4793.0,4845.600000000006,4898.199999999997
LODDON,7098,7052,7055,7033,7003,6985.5,6964.5999999999985,6943.699999999997,6922.799999999996,6901.899999999994
BANNOCKBURN,6549,6872,7116,7346,7591,7862.200000000012,8118.0,8373.799999999988,8629.599999999977,8885.399999999965
GOLDEN PLAINS - SOUTH,6937,7069,7239,7433,7599,7761.800000000047,7930.600000000035,8099.400000000023,8268.200000000012,8437.0
WINCHELSEA,5824,5830,5864,5951,6093,6110.100000000006,6176.0,6241.899999999994,6307.799999999988,6373.6999999999825
BRUNSWICK WEST,14523,14763,15169,15547,15875,16221.800000000047,16570.599999999977,16919.400000000023,17268.20000000007,17617.0
SOUTH YARRA - EAST,22350,23657,24654,25056,25284,26380.300000000047,27107.0,27833.699999999953,28560.399999999907,29287.09999999986
ALFREDTON,11852,12522,13291,14071,15030,15724.699999999953,16515.199999999953,17305.699999999953,18096.199999999953,18886.699999999953
TOORAK,14036,14126,14187,14270,14322,14402.999999999985,14474.599999999991,14546.199999999997,14617.800000000003,14689.400000000009
SURREY HILLS (WEST) - CANTERBURY,17126,17295,17397,17455,17275,17446.999999999985,17492.79999999999,17538.59999999999,17584.399999999994,17630.199999999997
HUGHESDALE,8038,8184,8286,8420,8566,8686.399999999994,8815.599999999977,8944.799999999988,9074.0,9203.199999999983
OTWAY,3556,3569,3579,3607,3653,3662.4000000000015,3685.600000000006,3708.800000000003,3732.0,3755.2000000000044
BALLARAT,12301,12227,12175,12223,12097,12081.0,12039.800000000003,11998.600000000006,11957.400000000009,11916.200000000012
COBURG,27802,28240,28660,29211,29449,29951.900000000023,30378.400000000023,30804.900000000023,31231.400000000023,31657.900000000023
BALLARAT - NORTH,23539,23902,24147,24456,24606,24936.400000000023,25205.199999999953,25474.0,25742.800000000047,26011.599999999977
BALLARAT - SOUTH,24654,25029,25390,25594,25639,26021.70000000001,26275.20000000001,26528.70000000001,26782.20000000001,27035.70000000001
BACCHUS MARSH REGION,5982,6062,6152,6211,6309,6384.100000000006,6464.400000000023,6544.700000000012,6625.0,6705.3000000000175
CRESWICK - CLUNES,7870,7928,7997,8087,8131,8206.899999999994,8275.0,8343.100000000006,8411.200000000012,8479.300000000017
BUNINYONG,7311,7491,7584,7713,7721,7876.600000000006,7980.799999999988,8085.0,8189.200000000012,8293.399999999994
DELACOMBE,7195,7487,7873,8495,9234,9582.600000000093,10091.20000000007,10599.800000000047,11108.400000000023,11617.0
DAYLESFORD,9117,9165,9261,9324,9435,9498.899999999994,9578.399999999994,9657.899999999994,9737.399999999994,9816.899999999994
SMYTHES CREEK,3990,3992,4021,4081,4113,4139.9000000000015,4173.4000000000015,4206.9000000000015,4240.4000000000015,4273.9000000000015
WENDOUREE - MINERS REST,14826,14907,15012,15100,15170,15267.299999999988,15355.399999999994,15443.5,15531.600000000006,15619.700000000012
MARYBOROUGH (VIC.),8001,8026,8073,8062,8007,8048.2,8053.000000000001,8057.8,8062.599999999999,8067.400000000001
MARYBOROUGH REGION,5278,5327,5364,5354,5322,5363.5,5375.0,5386.5,5398.0,5409.5
BENDIGO,14770,14737,14737,14776,14699,14712.899999999998,14702.599999999999,14692.3,14682.0,14671.7
CALIFORNIA GULLY - EAGLEHAWK,12130,12403,12675,12978,13248,13530.100000000093,13811.20000000007,14092.300000000047,14373.400000000023,14654.5
BELMONT,14312,14523,14610,14765,14823,14985.800000000017,15112.200000000012,15238.600000000006,15365.0,15491.399999999994
CORIO - NORLANE,27029,27294,27441,27574,27612,27823.79999999999,27968.400000000023,28113.0,28257.599999999977,28402.20000000001
EAST BENDIGO - KENNINGTON,13750,13778,13784,13825,13717,13765.099999999999,13763.199999999999,13761.3,13759.399999999998,13757.499999999998
FLORA HILL - SPRING GULLY,9493,9537,9601,9693,9828,9878.199999999983,9960.799999999988,10043.399999999994,10126.0,10208.600000000006
MOYNE - EAST,6709,6667,6669,6685,6737,6715.6,6723.0,6730.4,6737.799999999999,6745.199999999999
KANGAROO FLAT - GOLDEN SQUARE,19947,20129,20330,20560,20738,20944.70000000001,21146.0,21347.29999999999,21548.599999999977,21749.899999999965
MOYNE - WEST,9603,9680,9776,9840,9857,9951.599999999991,10018.400000000009,10085.199999999997,10151.999999999985,10218.800000000003
MAIDEN GULLY,5155,5254,5382,5458,5591,5690.799999999988,5798.399999999994,5906.0,6013.600000000006,6121.200000000012
PASCOE VALE SOUTH,10465,10763,10969,11083,11120,11369.0,11532.0,11695.0,11858.0,12021.0
STRATHFIELDSAYE,8775,9073,9484,9907,10325,10693.0,11086.400000000023,11479.800000000047,11873.20000000007,12266.600000000093
KENSINGTON (VIC.),11530,11673,11866,12176,12176,12422.700000000012,12602.200000000012,12781.700000000012,12961.200000000012,13140.700000000012
CASTLEMAINE,10770,10899,11047,11194,11346,11485.299999999988,11630.0,11774.700000000012,11919.400000000023,12064.100000000035
CASTLEMAINE REGION,8621,8690,8722,8796,8896,8941.799999999988,9007.399999999994,9073.0,9138.600000000006,9204.200000000012
HEATHCOTE,4529,4562,4635,4689,4789,4834.900000000009,4899.600000000006,4964.300000000003,5029.0,5093.699999999997
KYNETON,9782,9914,10081,10225,10357,10510.099999999977,10656.200000000012,10802.299999999988,10948.399999999965,11094.5
WOODEND,7043,7191,7348,7512,7607,7774.900000000023,7919.799999999988,8064.700000000012,8209.600000000035,8354.5
GEELONG,13077,13282,13500,13587,13777,13956.099999999977,14126.599999999977,14297.099999999977,14467.599999999977,14638.099999999977
GEELONG WEST - HAMLYN HEIGHTS,20021,20242,20571,20871,21263,21527.5,21838.79999999993,22150.099999999977,22461.400000000023,22772.699999999953
GROVEDALE,23790,25597,27561,29379,31567,33379.59999999963,35313.19999999972,37246.799999999814,39180.39999999991,41114.0
LEOPOLD,13140,13528,13753,13837,13916,14193.099999999977,14379.200000000012,14565.299999999988,14751.399999999965,14937.5
HIGHTON,22794,23062,23451,23802,23862,24257.0,24544.599999999977,24832.199999999953,25119.79999999993,25407.399999999907
LARA,18587,19240,19978,20580,20929,21670.0,22272.40000000014,22874.800000000047,23477.199999999953,24079.600000000093
POINT LONSDALE - QUEENSCLIFF,4249,4320,4400,4495,4746,4792.700000000012,4909.600000000006,5026.5,5143.399999999994,5260.299999999988
MELBOURNE,40181,45327,49247,51909,53139,57710.0,60959.799999999814,64209.59999999963,67459.39999999944,70709.19999999925
NEWCOMB - MOOLAP,14873,14903,14950,15117,15086,15177.800000000003,15241.800000000003,15305.800000000003,15369.800000000003,15433.800000000003
NEWTOWN (VIC.),10483,10597,10719,10835,10942,11062.0,11177.600000000006,11293.200000000012,11408.800000000017,11524.400000000023
NORTH GEELONG - BELL PARK,15040,15262,15404,15741,15753,16011.5,16202.0,16392.5,16583.0,16773.5
KILMORE - BROADFORD,14098,14501,14921,15516,15833,16319.300000000047,16767.800000000047,17216.300000000047,17664.800000000047,18113.300000000047
MANSFIELD (VIC.),8935,9073,9253,9445,9753,9894.200000000012,10095.0,10295.799999999988,10496.599999999977,10697.399999999965
NAGAMBIE,4048,4110,4200,4270,4414,4476.0,4565.1999999999825,4654.399999999994,4743.600000000006,4832.799999999988
CLIFTON SPRINGS,13593,14083,14636,15397,15906,16505.0,17099.0,17693.0,18287.0,18881.0
LORNE - ANGLESEA,5261,5334,5407,5443,5614,5656.299999999988,5737.799999999988,5819.299999999988,5900.799999999988,5982.299999999988
OCEAN GROVE - BARWON HEADS,24177,25360,26648,28055,29372,30647.899999999907,31956.399999999907,33264.89999999991,34573.39999999991,35881.89999999991
MYRTLEFORD,4742,4740,4724,4752,4790,4782.0,4792.799999999999,4803.5999999999985,4814.399999999998,4825.199999999997
TOWONG,6014,6012,6027,6013,6073,6063.5,6075.399999999998,6087.299999999999,6099.200000000001,6111.0999999999985
WEST WODONGA,15181,15233,15323,15440,15551,15629.700000000012,15724.399999999994,15819.100000000006,15913.800000000017,16008.5
WODONGA,24919,25579,26106,26643,27094,27692.399999999907,28233.800000000047,28775.199999999953,29316.59999999986,29858.0
PORTARLINGTON,7517,7685,7915,8156,8541,8718.5,8970.399999999965,9222.299999999988,9474.200000000012,9726.099999999977
TORQUAY,19131,19892,20669,21769,22765,23588.699999999953,24503.199999999953,25417.699999999953,26332.199999999953,27246.699999999953
ALEXANDRA,6474,6534,6619,6648,6644,6720.0,6765.400000000009,6810.800000000003,6856.199999999997,6901.600000000006
EUROA,6316,6375,6442,6505,6574,6636.199999999997,6700.799999999988,6765.399999999994,6830.0,6894.599999999991
SEYMOUR,6403,6405,6423,6452,6437,6458.5,6470.0,6481.5,6493.0,6504.5
SEYMOUR REGION,4487,4533,4511,4471,4390,4401.5999999999985,4376.0,4350.4000000000015,4324.800000000003,4299.200000000004
UPPER YARRA VALLEY,184,186,192,194,196,200.0,203.19999999999982,206.39999999999964,209.59999999999945,212.79999999999927
YEA,3606,3649,3732,3755,3831,3881.4000000000087,3937.0,3992.600000000006,4048.2000000000116,4103.800000000003
BENALLA,10420,10421,10435,10448,10491,10493.699999999997,10510.599999999999,10527.5,10544.400000000001,10561.300000000003
BENALLA REGION,3623,3627,3659,3664,3721,3728.7000000000044,3752.0,3775.300000000003,3798.600000000006,3821.9000000000015
RUTHERGLEN,3907,3945,4000,4050,4081,4132.5,4177.800000000003,4223.100000000006,4268.400000000009,4313.700000000012
WANGARATTA,18940,19112,19318,19407,19436,19628.70000000001,19757.399999999994,19886.100000000006,20014.800000000017,20143.5
WANGARATTA REGION,9652,9741,9768,9777,9755,9811.199999999997,9835.400000000001,9859.599999999999,9883.799999999996,9908.0
BEECHWORTH,4632,4726,4785,4853,4912,4987.700000000012,5056.399999999994,5125.100000000006,5193.8000000000175,5262.5
BRIGHT - MOUNT BEAUTY,8299,8372,8478,8526,8649,8721.0,8806.399999999994,8891.799999999988,8977.199999999983,9062.599999999977
CHILTERN - INDIGO VALLEY,3117,3120,3126,3163,3185,3195.899999999994,3213.7999999999956,3231.699999999997,3249.5999999999985,3267.5
SALE,14891,14926,15021,15133,15297,15359.300000000017,15461.200000000012,15563.100000000006,15665.0,15766.899999999994
YARRAM,5371,5390,5413,5443,5505,5520.700000000004,5552.800000000003,5584.9000000000015,5617.0,5649.0999999999985
BRUNSWICK,27435,28220,29186,29998,30491,31433.0,32222.0,33011.0,33800.0,34589.0
ALPHINGTON - FAIRFIELD,9434,9650,9774,10010,10217,10394.799999999988,10587.400000000023,10780.0,10972.599999999977,11165.200000000012
NORTHCOTE,26424,26989,27523,27916,28232,28779.70000000007,29234.0,29688.300000000047,30142.600000000093,30596.900000000023
THORNBURY,19578,19880,20144,20383,20624,20900.29999999999,21159.79999999999,21419.29999999999,21678.79999999999,21938.29999999999
ASCOT VALE,15497,15906,16256,16514,16711,17087.600000000093,17391.20000000007,17694.800000000047,17998.400000000023,18302.0
ESSENDON - ABERFELDIE,28946,29749,30375,30930,31367,32080.299999999814,32682.59999999986,33284.89999999991,33887.19999999995,34489.5
FLEMINGTON,10734,10858,11194,11351,11364,11626.100000000035,11801.400000000023,11976.700000000012,12152.0,12327.299999999988
MOONEE PONDS,15158,15441,15728,16053,16458,16731.199999999953,17052.400000000023,17373.599999999977,17694.79999999993,18016.0
CARLTON,20242,21835,23261,24709,25649,27245.600000000093,28614.400000000373,29983.200000000186,31352.0,32720.80000000028
DOCKLANDS,11832,13694,14985,15701,15788,17375.699999999953,18367.600000000093,19359.5,20351.399999999907,21343.300000000047
EAST MELBOURNE,5475,5661,5743,5918,6053,6193.900000000023,6335.200000000012,6476.5,6617.799999999988,6759.099999999977
FLEMINGTON RACECOURSE,91,91,91,91,91,91.0,91.0,91.0,91.0,91.0
ALBERT PARK,16490,16738,17208,17808,17927,18417.399999999907,18811.79999999993,19206.199999999953,19600.599999999977,19995.0
ELWOOD,16382,16566,16631,16757,16672,16832.899999999994,16910.0,16987.100000000006,17064.20000000001,17141.300000000017
PORT MELBOURNE,17469,17682,17842,18051,17995,18234.099999999977,18376.20000000001,18518.29999999999,18660.399999999965,18802.5
PORT MELBOURNE INDUSTRIAL,25,25,259,438,685,806.3000000000466,979.6000000000349,1152.9000000000233,1326.2000000000116,1499.5
SOUTH MELBOURNE,12492,12761,13169,13510,13681,14060.699999999953,14373.400000000023,14686.099999999977,14998.79999999993,15311.5
ST KILDA,28166,28934,29886,30453,30757,31649.5,32319.59999999986,32989.69999999995,33659.80000000005,34329.89999999991
ABBOTSFORD,8770,9453,9855,10090,10339,10833.900000000023,11211.400000000023,11588.900000000023,11966.400000000023,12343.900000000023
CARLTON NORTH - PRINCES HILL,9058,9127,9180,9207,9270,9319.599999999991,9370.0,9420.399999999994,9470.799999999988,9521.199999999997
COLLINGWOOD,9235,9826,10377,10990,11523,12112.199999999953,12686.199999999953,13260.199999999953,13834.199999999953,14408.199999999953
FITZROY,11259,11479,11726,11906,11920,12182.700000000012,12357.599999999977,12532.5,12707.400000000023,12882.299999999988
FITZROY NORTH,13129,13354,13615,13930,14093,14375.400000000023,14625.799999999988,14876.200000000012,15126.600000000035,15377.0
MURRUMBEENA,9809,9915,9992,10102,10075,10194.300000000017,10266.200000000012,10338.100000000006,10410.0,10481.899999999994
RICHMOND (VIC.),32686,33697,34659,35862,36234,37405.90000000014,38332.0,39258.10000000009,40184.200000000186,41110.30000000005
ASHBURTON (VIC.),8104,8181,8250,8298,8305,8383.300000000003,8435.200000000012,8487.100000000006,8539.0,8590.900000000009
BALWYN,16679,16915,17071,17145,17012,17233.199999999983,17322.79999999999,17412.399999999994,17502.0,17591.600000000006
BENTLEIGH EAST (SOUTH),13767,14023,14191,14424,14675,14881.099999999977,15102.799999999988,15324.5,15546.200000000012,15767.900000000023
YARRA - NORTH,9606,9733,9882,10290,10454,10668.900000000023,10894.200000000012,11119.5,11344.799999999988,11570.099999999977
HAWTHORN,24548,25048,25532,26164,26321,26921.199999999953,27387.400000000023,27853.599999999977,28319.79999999993,28786.0
BALWYN NORTH,21440,21578,21701,21824,21785,21946.399999999994,22040.0,22133.600000000006,22227.20000000001,22320.800000000017
CAMBERWELL,22646,22902,23021,23160,23031,23260.399999999994,23363.20000000001,23466.0,23568.79999999999,23671.600000000006
GLEN IRIS - EAST,17182,17423,17552,17714,17651,17873.100000000006,17996.0,18118.899999999994,18241.79999999999,18364.699999999983
KEW,26504,26774,26915,27188,27069,27353.20000000001,27507.599999999977,27662.0,27816.400000000023,27970.79999999999
KEW EAST,6855,6909,6916,6978,7041,7072.100000000006,7116.199999999997,7160.300000000003,7204.400000000009,7248.5
BULLEEN,11565,11652,11765,11833,11932,12023.899999999994,12115.399999999994,12206.899999999994,12298.399999999994,12389.899999999994
BRIGHTON (VIC.),24353,24699,24979,25122,25014,25356.900000000023,25531.400000000023,25705.900000000023,25880.400000000023,26054.900000000023
DONCASTER,21885,22718,23405,24473,25488,26282.100000000093,27178.199999999953,28074.300000000047,28970.40000000014,29866.5
BEAUMARIS,14250,14458,14606,14772,14925,15101.400000000023,15267.799999999988,15434.200000000012,15600.600000000035,15767.0
TEMPLESTOWE,17682,17738,17734,17763,17668,17716.100000000002,17715.800000000003,17715.5,17715.2,17714.9
TEMPLESTOWE LOWER,14305,14402,14451,14483,14633,14675.899999999994,14749.599999999977,14823.299999999988,14897.0,14970.699999999983
DONCASTER EAST (NORTH),15328,15438,15571,15751,15882,16020.299999999988,16162.400000000023,16304.5,16446.599999999977,16588.70000000001
DONCASTER EAST (SOUTH),14596,14933,15139,15803,15998,16396.0,16763.400000000023,17130.800000000047,17498.20000000007,17865.600000000093
BLACKBURN,22291,22738,23055,23396,23633,24025.199999999953,24359.400000000023,24693.599999999977,25027.79999999993,25362.0
BLACKBURN SOUTH,11229,11318,11399,11499,11506,11610.700000000012,11684.200000000012,11757.700000000012,11831.200000000012,11904.700000000012
BOX HILL,20839,21703,22627,23331,23968,24859.40000000014,25648.0,26436.600000000093,27225.200000000186,28013.800000000047
BRIGHTON EAST,16718,16774,16883,16952,16949,17047.199999999997,17111.199999999997,17175.199999999997,17239.199999999997,17303.199999999997
BOX HILL NORTH,18466,18702,18970,19224,19503,19751.800000000047,20011.400000000023,20271.0,20530.599999999977,20790.199999999953
BURWOOD,12900,13646,14198,14661,15078,15707.90000000014,16245.0,16782.100000000093,17319.200000000186,17856.300000000047
BURWOOD EAST,10772,10871,10976,11090,11200,11304.299999999988,11411.799999999988,11519.299999999988,11626.799999999988,11734.299999999988
SURREY HILLS (EAST) - MONT ALBERT,10456,10532,10607,10673,10622,10719.899999999994,10767.199999999997,10814.5,10861.800000000003,10909.100000000006
SANDRINGHAM - BLACK ROCK,17517,17733,18032,18311,18477,18763.400000000023,19013.20000000001,19263.0,19512.79999999999,19762.599999999977
BENTLEIGH - MCKINNON,23586,24092,24509,25050,25275,25803.20000000007,26236.800000000047,26670.400000000023,27104.0,27537.599999999977
CARNEGIE,19091,19570,20137,20570,20853,21401.399999999907,21853.79999999993,22306.199999999953,22758.599999999977,23211.0
CAULFIELD - NORTH,22288,22949,23273,23523,23855,24290.0,24660.79999999993,25031.599999999977,25402.400000000023,25773.199999999953
CAULFIELD - SOUTH,18393,18589,18765,18925,18883,19105.79999999999,19237.400000000023,19369.0,19500.599999999977,19632.20000000001
ASPENDALE GARDENS - WATERWAYS,9427,9451,9489,9497,9462,9500.0,9511.600000000002,9523.2,9534.8,9546.400000000001
BRAESIDE,60,60,60,60,60,60.0,60.0,60.0,60.0,60.0
CARRUM - PATTERSON LAKES,12111,12319,12550,12661,12699,12923.400000000023,13075.200000000012,13227.0,13378.799999999988,13530.599999999977
CHELSEA - BONBEACH,14833,15136,15389,15599,15783,16056.900000000023,16293.200000000012,16529.5,16765.79999999999,17002.099999999977
CHELSEA HEIGHTS,5538,5586,5596,5622,5692,5710.0,5744.400000000009,5778.800000000003,5813.199999999997,5847.600000000006
CHELTENHAM - HIGHETT (EAST),23449,23921,24586,25051,25515,26083.000000000116,26609.20000000007,27135.400000000023,27661.599999999977,28187.79999999993
EDITHVALE - ASPENDALE,13376,13518,13756,14026,14184,14409.200000000012,14621.599999999977,14834.0,15046.400000000023,15258.799999999988
MENTONE,13695,13872,14006,14187,14241,14422.299999999988,14563.0,14703.700000000012,14844.400000000023,14985.100000000035
MOORABBIN - HEATHERTON,9253,9398,9566,9750,9924,10086.400000000023,10255.799999999988,10425.200000000012,10594.600000000035,10764.0
MORDIALLOC - PARKDALE,20969,21287,21579,21958,22252,22580.099999999977,22903.800000000047,23227.5,23551.199999999953,23874.900000000023
MALVERN - GLEN IRIS,21148,21443,21617,21864,21964,22223.100000000035,22428.400000000023,22633.70000000001,22839.0,23044.29999999999
MALVERN EAST,22575,23021,23477,23847,24074,24546.0,24928.400000000023,25310.800000000047,25693.20000000007,26075.600000000093
BUNDOORA - EAST,10292,10385,10461,10556,10612,10704.5,10785.600000000006,10866.700000000012,10947.800000000017,11028.900000000023
GREENSBOROUGH,21348,21484,21563,21669,21608,21745.899999999994,21816.399999999994,21886.899999999994,21957.399999999994,22027.899999999994
HEIDELBERG - ROSANNA,15532,15877,16130,16475,16600,16943.0,17216.400000000023,17489.800000000047,17763.20000000007,18036.600000000093
HEIDELBERG WEST,14806,15118,15349,15766,15831,16183.400000000023,16453.199999999953,16723.0,16992.800000000047,17262.599999999977
IVANHOE EAST - EAGLEMONT,8119,8231,8253,8296,8200,8287.900000000001,8310.600000000006,8333.300000000003,8356.0,8378.700000000004
HAMPTON PARK - LYNBROOK,26780,27142,27470,27667,27562,27950.900000000023,28159.79999999999,28368.70000000001,28577.600000000035,28786.5
IVANHOE,11998,12437,12679,12928,12973,13335.299999999988,13579.400000000023,13823.5,14067.599999999977,14311.700000000012
BUNDOORA - WEST,6456,6532,6625,6711,6779,6868.100000000006,6950.600000000006,7033.100000000006,7115.600000000006,7198.100000000006
MONTMORENCY - BRIAR HILL,16792,16922,16991,17078,17226,17309.0,17411.399999999994,17513.79999999999,17616.199999999983,17718.599999999977
WALLAN,16747,17466,18445,19658,20974,21851.799999999814,22916.399999999907,23981.0,25045.600000000093,26110.200000000186
WHITTLESEA,8436,8607,8768,8910,9107,9259.099999999977,9423.599999999977,9588.099999999977,9752.599999999977,9917.099999999977
VIEWBANK - YALLAMBIE,19018,19117,19215,19243,19183,19292.0,19337.59999999999,19383.199999999997,19428.800000000003,19474.399999999994
WATSONIA,9542,9613,9678,9698,9731,9791.299999999988,9837.599999999991,9883.899999999994,9930.199999999997,9976.5
KINGSBURY,11965,12583,13048,13262,13484,13983.5,14355.20000000007,14726.900000000023,15098.599999999977,15470.300000000047
RESERVOIR - EAST,28420,29034,29560,30034,30265,30869.599999999977,31338.599999999977,31807.599999999977,32276.599999999977,32745.599999999977
LYNBROOK - LYNDHURST,16067,16614,17132,17492,17941,18437.0,18899.599999999977,19362.199999999953,19824.79999999993,20287.399999999907
RESERVOIR - WEST,25246,25599,25837,26092,26263,26565.5,26818.20000000001,27070.900000000023,27323.600000000035,27576.300000000047
PRESTON - EAST,21192,21864,22401,22914,23490,24066.0,24630.59999999986,25195.199999999953,25759.800000000047,26324.399999999907
PRESTON - WEST,12867,13152,13366,13613,13781,14042.5,14271.399999999965,14500.299999999988,14729.200000000012,14958.099999999977
ELTHAM,24008,24111,24206,24284,24288,24399.29999999999,24472.600000000006,24545.899999999994,24619.199999999983,24692.5
CROYDON HILLS - WARRANWOOD,18752,18788,18839,18849,18811,18861.499999999996,18879.399999999998,18897.3,18915.2,18933.100000000002
HURSTBRIDGE,3605,3624,3625,3625,3635,3641.0999999999985,3647.199999999999,3653.2999999999993,3659.3999999999996,3665.5
KINGLAKE,3984,4048,4122,4156,4177,4245.599999999991,4295.0,4344.399999999994,4393.799999999988,4443.199999999997
PANTON HILL - ST ANDREWS,5409,5441,5496,5491,5463,5507.4000000000015,5523.200000000001,5539.0,5554.799999999999,5570.5999999999985
PLENTY - YARRAMBAT,9794,9882,9930,9985,9933,10019.100000000006,10057.199999999997,10095.300000000003,10133.400000000009,10171.5
RESEARCH - NORTH WARRANDYTE,7007,7044,7054,7056,7105,7115.5999999999985,7136.399999999994,7157.199999999997,7178.0,7198.799999999996
WATTLE GLEN - DIAMOND CREEK,14351,14447,14561,14589,14707,14787.200000000012,14872.600000000006,14958.0,15043.399999999994,15128.799999999988
BUNDOORA - NORTH,7959,8229,8494,8613,8747,8996.400000000023,9192.400000000023,9388.400000000023,9584.400000000023,9780.400000000023
LALOR,23874,24421,24761,25081,25235,25689.0,26027.20000000007,26365.400000000023,26703.599999999977,27041.800000000047
MILL PARK - NORTH,18712,18710,18747,18710,18597,18626.200000000004,18603.200000000004,18580.200000000004,18557.200000000004,18534.200000000004
MILL PARK - SOUTH,12526,12530,12485,12406,12382,12342.199999999997,12301.0,12259.800000000003,12218.600000000006,12177.400000000009
THOMASTOWN,21485,21533,21596,21607,21498,21573.8,21583.8,21593.8,21603.8,21613.8
DOREEN,21801,23390,25171,26720,28005,29738.799999999814,31312.600000000093,32886.39999999991,34460.19999999972,36034.0
EPPING - EAST,13738,13909,14008,14052,13964,14112.699999999997,14172.199999999997,14231.699999999997,14291.199999999997,14350.699999999997
EPPING - SOUTH,8690,8763,8780,8766,8659,8713.9,8708.0,8702.1,8696.2,8690.300000000001
EPPING - WEST,11484,12278,12770,13112,13237,13878.199999999953,14312.199999999953,14746.199999999953,15180.199999999953,15614.199999999953
COBURG NORTH,8112,8410,8668,8867,9034,9308.5,9538.600000000035,9768.700000000012,9998.799999999988,10228.900000000023
CROYDON - EAST,15724,16059,16367,16545,16866,17143.199999999953,17420.199999999953,17697.199999999953,17974.199999999953,18251.199999999953
MERNDA,17171,19617,21488,23370,24560,26800.5,28653.600000000093,30506.700000000186,32359.80000000028,34212.90000000037
KILSYTH,9470,9580,9656,9832,9904,10024.399999999994,10136.399999999994,10248.399999999994,10360.399999999994,10472.399999999994
SOUTH MORANG (NORTH),12675,13002,13232,13441,13572,13854.300000000047,14077.600000000035,14300.900000000023,14524.200000000012,14747.5
FAWKNER,14460,14756,14968,15284,15344,15651.200000000012,15880.800000000047,16110.400000000023,16340.0,16569.600000000035
SOUTH MORANG (SOUTH),12558,12662,12698,12715,12733,12794.099999999991,12834.399999999994,12874.699999999997,12915.0,12955.300000000003
PASCOE VALE,24829,25638,26419,26963,27348,28148.299999999814,28784.59999999986,29420.899999999907,30057.199999999953,30693.5
WOLLERT,9493,11503,13724,16083,19336,21307.599999999627,23734.200000000186,26160.799999999814,28587.39999999944,31014.0
AIRPORT WEST,7903,8032,8280,8561,8594,8847.299999999988,9038.400000000023,9229.5,9420.599999999977,9611.700000000012
LILYDALE - COLDSTREAM,19448,19630,19780,19861,19893,20058.699999999983,20170.79999999999,20282.899999999994,20395.0,20507.100000000006
KEILOR,8993,9052,9065,9112,9035,9094.599999999999,9108.999999999996,9123.399999999998,9137.8,9152.199999999997
GLENROY,23153,23834,24515,24994,25301,25996.199999999953,26541.799999999814,27087.399999999907,27633.0,28178.59999999986
MONBULK - SILVAN,5827,5855,5859,5849,5875,5880.0,5889.0,5898.0,5907.0,5916.0
KEILOR EAST,27399,27758,28106,28672,28845,29297.800000000047,29678.400000000023,30059.0,30439.599999999977,30820.199999999953
NIDDRIE - ESSENDON WEST,7250,7414,7604,7749,7856,8038.699999999953,8193.399999999965,8348.099999999977,8502.799999999988,8657.5
STRATHMORE,9968,10206,10372,10474,10498,10702.00000000003,10834.800000000017,10967.600000000006,11100.399999999994,11233.199999999983
GISBORNE,13312,13635,13963,14211,14371,14706.599999999977,14976.0,15245.400000000023,15514.800000000047,15784.20000000007
GOWANBRAE,3042,3091,3120,3130,3179,3206.300000000003,3237.5999999999985,3268.9000000000015,3300.2000000000044,3331.5
HADFIELD,5911,5982,6036,6166,6254,6330.799999999988,6417.799999999988,6504.799999999988,6591.799999999988,6678.799999999988
MACEDON,3525,3565,3606,3611,3638,3670.5999999999985,3697.800000000003,3725.0,3752.199999999997,3779.4000000000015
RIDDELLS CREEK,4174,4240,4281,4319,4415,4454.100000000006,4510.199999999997,4566.300000000003,4622.400000000009,4678.5
ROMSEY,9663,9866,10042,10289,10505,10705.099999999977,10915.799999999988,11126.5,11337.200000000012,11547.900000000023
SUNBURY,13238,13306,13397,13559,13710,13801.100000000006,13920.799999999988,14040.5,14160.200000000012,14279.899999999994
BROADMEADOWS,13916,14225,14429,14582,14503,14790.299999999988,14943.400000000023,15096.5,15249.599999999977,15402.700000000012
CAMPBELLFIELD - COOLAROO,17122,17183,17221,17210,16979,17065.300000000003,17039.4,17013.5,16987.6,16961.699999999997
YARRA VALLEY,16622,16665,16751,16835,16807,16898.0,16952.0,17006.0,17060.0,17114.0
GLADSTONE PARK - WESTMEADOWS,18353,18476,18656,18734,18737,18899.0,19001.600000000006,19104.20000000001,19206.800000000017,19309.400000000023
GREENVALE - BULLA,17123,18210,19380,20180,21092,22169.399999999907,23160.199999999953,24151.0,25141.800000000047,26132.600000000093
MEADOW HEIGHTS,15779,15829,15837,15775,15722,15738.0,15721.200000000004,15704.400000000001,15687.599999999999,15670.800000000003
MELBOURNE AIRPORT,194,194,194,194,194,194.0,194.0,194.0,194.0,194.0
BEACONSFIELD - OFFICER,13612,15446,17576,19866,21667,23792.399999999907,25845.399999999907,27898.399999999907,29951.399999999907,32004.399999999907
BUNYIP - GARFIELD,8928,9026,9154,9348,9559,9678.200000000012,9836.599999999977,9995.0,10153.400000000023,10311.799999999988
ROXBURGH PARK - SOMERTON,23041,23753,24433,25069,25358,26115.800000000047,26710.800000000047,27305.800000000047,27900.800000000047,28495.800000000047
TULLAMARINE,6698,6758,6825,6844,6842,6905.599999999991,6943.0,6980.399999999994,7017.799999999988,7055.199999999997
CRAIGIEBURN - CENTRAL,8749,8833,8866,8844,8720,8788.300000000001,8783.600000000002,8778.900000000001,8774.2,8769.500000000002
EMERALD - COCKATOO,18580,18722,18776,18905,18903,19025.900000000023,19108.800000000017,19191.70000000001,19274.600000000006,19357.5
KOO WEE RUP,7666,7965,8152,8566,9068,9304.900000000023,9645.400000000023,9985.900000000023,10326.400000000023,10666.900000000023
CRAIGIEBURN - NORTH,12124,12716,13154,13342,13346,13857.400000000023,14164.400000000023,14471.400000000023,14778.400000000023,15085.400000000023
PEARCEDALE - TOORADIN,8035,8092,8155,8176,8166,8228.600000000006,8263.199999999997,8297.800000000003,8332.400000000009,8367.0
CRAIGIEBURN - SOUTH,16999,18269,19514,20626,21588,22859.700000000186,24013.200000000186,25166.700000000186,26320.200000000186,27473.700000000186
CRAIGIEBURN - WEST,14882,16797,18561,20215,21879,23690.399999999907,25431.599999999627,27172.799999999814,28914.0,30655.19999999972
MICKLEHAM - YUROKE,3580,4836,7361,11233,14902,17094.700000000186,19998.800000000745,22902.900000000373,25807.0,28711.10000000056
BAYSWATER,12584,12732,12896,13073,13134,13316.099999999977,13460.200000000012,13604.299999999988,13748.399999999965,13892.5
LYSTERFIELD,6917,6950,7013,7025,6988,7043.699999999997,7065.4000000000015,7087.0999999999985,7108.799999999996,7130.5
ROWVILLE - CENTRAL,15864,15913,15940,15923,15976,15993.399999999998,16016.8,16040.2,16063.600000000002,16087.000000000004
ROWVILLE - NORTH,8352,8392,8383,8373,8385,8391.1,8395.8,8400.5,8405.2,8409.9
ROWVILLE - SOUTH,11000,10988,10963,10968,10873,10876.200000000004,10848.800000000003,10821.400000000001,10794.0,10766.599999999999
FERNTREE GULLY (SOUTH) - UPPER FERNTREE GULLY,15230,15253,15336,15480,15408,15516.299999999988,15574.599999999991,15632.899999999994,15691.199999999997,15749.5
WANTIRNA,14425,14489,14592,14643,14743,14815.399999999994,14894.399999999994,14973.399999999994,15052.399999999994,15131.399999999994
THE BASIN,4441,4463,4478,4472,4419,4444.1,4440.6,4437.1,4433.6,4430.1
WANTIRNA SOUTH,18580,18673,18853,18996,19100,19249.300000000017,19385.600000000006,19521.899999999994,19658.199999999983,19794.49999999997
BORONIA,22918,23248,23449,23734,23978,24247.20000000007,24507.800000000047,24768.400000000023,25029.0,25289.599999999977
FERNTREE GULLY (NORTH),14337,14399,14517,14642,14674,14788.899999999994,14880.599999999977,14972.299999999988,15064.0,15155.699999999983
DONVALE - PARK ORCHARDS,16715,16806,16877,16893,16817,16908.9,16938.0,16967.1,16996.199999999997,17025.299999999996
WARRANDYTE - WONGA PARK,10613,10645,10658,10657,10545,10586.399999999998,10574.0,10561.599999999999,10549.199999999997,10536.8
BAYSWATER NORTH,12257,12351,12470,12518,12505,12619.099999999991,12685.400000000009,12751.699999999997,12817.999999999985,12884.300000000003
RINGWOOD,17931,18289,18488,18863,19149,19447.0,19748.0,20049.0,20350.0,20651.0
RINGWOOD EAST,21031,21341,21544,21748,21913,22166.70000000001,22383.800000000047,22600.900000000023,22818.0,23035.100000000035
RINGWOOD NORTH,9991,10062,10099,10076,9977,10036.8,10035.4,10034.0,10032.6,10031.2
NARRE WARREN SOUTH (EAST),13713,13814,13871,13866,13714,13811.800000000001,13817.2,13822.6,13828.0,13833.4
CROYDON - WEST,13805,14163,14418,14666,14758,15084.700000000012,15325.599999999977,15566.5,15807.400000000023,16048.299999999988
CROYDON SOUTH,4856,4899,4916,4950,5018,5040.300000000003,5077.800000000003,5115.300000000003,5152.800000000003,5190.300000000003
FOREST HILL,11074,11283,11387,11478,11536,11687.300000000017,11799.200000000012,11911.100000000006,12023.0,12134.899999999994
NARRE WARREN SOUTH (WEST),17513,17718,17825,17866,17768,17935.399999999994,18001.20000000001,18067.0,18132.79999999999,18198.600000000006
MITCHAM (VIC.),16859,17162,17392,17531,17671,17920.900000000023,18120.20000000001,18319.5,18518.79999999999,18718.099999999977
NUNAWADING,12363,12651,12839,12927,12983,13207.399999999965,13359.0,13510.599999999977,13662.199999999953,13813.799999999988
VERMONT,10896,11041,11176,11313,11405,11553.200000000012,11682.200000000012,11811.200000000012,11940.200000000012,12069.200000000012
VERMONT SOUTH,12251,12347,12388,12387,12303,12378.400000000001,12392.8,12407.2,12421.600000000002,12436.0
CHIRNSIDE PARK,10266,10645,10987,11385,11664,12050.20000000007,12403.800000000047,12757.400000000023,13111.0,13464.599999999977
BELGRAVE - SELBY,10453,10463,10452,10415,10387,10380.0,10362.0,10344.0,10326.0,10308.0
HEALESVILLE - YARRA GLEN,14106,14304,14512,14637,14632,14853.700000000012,14992.200000000012,15130.700000000012,15269.200000000012,15407.700000000012
MONTROSE,7078,7131,7154,7137,7092,7128.599999999999,7132.0,7135.4,7138.799999999999,7142.2
MOOROOLBARK,23027,23466,23724,24061,24179,24561.099999999977,24851.0,25140.900000000023,25430.800000000047,25720.70000000007
MOUNT DANDENONG - OLINDA,10109,10127,10137,10198,10174,10209.300000000003,10229.400000000001,10249.5,10269.599999999999,10289.699999999997
SEDDON - KINGSVILLE,9711,9875,10013,10124,10141,10305.5,10416.399999999994,10527.299999999988,10638.199999999983,10749.099999999977
MOUNT EVELYN,10081,10170,10208,10299,10247,10339.300000000003,10385.399999999994,10431.5,10477.600000000006,10523.699999999997
UPWEY - TECOMA,10040,10041,10048,10024,10044,10036.7,10035.800000000001,10034.9,10034.0,10033.1
WANDIN - SEVILLE,7884,7959,8055,8068,8095,8171.5,8224.599999999991,8277.699999999997,8330.800000000003,8383.899999999994
PAKENHAM - NORTH,19370,20564,21640,22663,23315,24507.09999999986,25506.0,26504.899999999907,27503.799999999814,28502.699999999953
PAKENHAM - SOUTH,29580,30959,32087,33116,33925,35187.5,36272.19999999972,37356.89999999991,38441.60000000009,39526.299999999814
NARRE WARREN - NORTH EAST,13967,14048,14169,14198,14184,14288.399999999994,14346.800000000003,14405.199999999997,14463.599999999991,14522.0
BERWICK - NORTH,23824,23999,24040,24176,24117,24260.09999999999,24336.40000000001,24412.699999999997,24488.999999999985,24565.300000000003
CRANBOURNE NORTH,20985,22497,23885,24913,25521,27006.600000000093,28155.400000000373,29304.200000000186,30453.0,31601.80000000028
BERWICK - SOUTH,26874,27742,28500,29086,29450,30279.199999999953,30928.799999999814,31578.399999999907,32228.0,32877.59999999986
ENDEAVOUR HILLS - NORTH,12499,12483,12515,12501,12335,12373.599999999999,12342.599999999999,12311.599999999999,12280.599999999999,12249.599999999999
DOVETON,11867,12067,12210,12277,12427,12568.600000000006,12701.600000000006,12834.600000000006,12967.600000000006,13100.600000000006
HALLAM,11335,11525,11630,11771,11788,11955.399999999994,12070.599999999977,12185.799999999988,12301.0,12416.199999999983
ENDEAVOUR HILLS - SOUTH,14160,14140,14092,14047,14027,13985.5,13949.599999999991,13913.699999999997,13877.800000000003,13841.899999999994
CRANBOURNE SOUTH,9116,9392,10255,11972,13862,14541.0,15748.19999999972,16955.399999999907,18162.600000000093,19369.799999999814
NARRE WARREN NORTH,8183,8357,8549,8645,8750,8923.399999999965,9065.599999999977,9207.799999999988,9350.0,9492.200000000012
CRANBOURNE WEST,15685,17145,18604,19763,20841,22286.600000000093,23579.600000000093,24872.600000000093,26165.600000000093,27458.600000000093
NARRE WARREN - SOUTH WEST,14544,14736,14889,15014,15065,15245.600000000006,15377.600000000006,15509.600000000006,15641.600000000006,15773.600000000006
CRANBOURNE,20888,21130,21271,21314,21414,21574.199999999983,21697.79999999999,21821.399999999994,21945.0,22068.600000000006
CRANBOURNE EAST,26754,34130,41381,49218,55462,63140.199999999255,70390.59999999963,77641.0,84891.40000000037,92141.80000000075
CLARINDA - OAKLEIGH SOUTH,12323,12354,12361,12341,12291,12310.899999999998,12303.199999999999,12295.499999999998,12287.799999999997,12280.099999999999
CLAYTON SOUTH,13296,13507,13827,14298,14401,14766.100000000093,15066.20000000007,15366.300000000047,15666.400000000023,15966.5
DANDENONG,32700,33396,33934,34309,34176,34862.5,35249.0,35635.5,36022.0,36408.5
WEST FOOTSCRAY - TOTTENHAM,12058,12322,12613,12934,13063,13384.599999999977,13646.800000000047,13909.0,14171.199999999953,14433.400000000023
DANDENONG NORTH,23684,23820,23915,23966,23656,23835.2,23844.2,23853.2,23862.2,23871.2
DINGLEY VILLAGE,10611,10642,10687,10754,10724,10784.999999999993,10818.799999999996,10852.599999999999,10886.400000000001,10920.200000000004
KEYSBOROUGH,27471,28749,29856,30898,31472,32734.5,33749.59999999986,34764.69999999995,35779.80000000005,36794.89999999991
NOBLE PARK NORTH,7871,7906,7928,7938,7913,7946.0,7957.600000000002,7969.200000000001,7980.799999999999,7992.4000000000015
SPRINGVALE,22761,23256,23642,23927,23866,24354.70000000007,24642.800000000047,24930.900000000023,25219.0,25507.099999999977
SPRINGVALE SOUTH,13227,13321,13372,13412,13392,13471.100000000006,13513.199999999997,13555.300000000003,13597.400000000009,13639.5
NOBLE PARK - EAST,13073,13301,13501,13626,13650,13873.900000000023,14021.799999999988,14169.700000000012,14317.600000000035,14465.5
MOUNT WAVERLEY - NORTH,16053,16219,16334,16456,16635,16759.70000000001,16899.800000000047,17039.900000000023,17180.0,17320.100000000035
NOBLE PARK - WEST,19435,19769,19992,20185,20142,20453.599999999977,20636.599999999977,20819.599999999977,21002.599999999977,21185.599999999977
ASHWOOD - CHADSTONE,19308,19872,20204,20609,20800,21274.900000000023,21647.0,22019.099999999977,22391.199999999953,22763.29999999993
CLAYTON,23672,25484,26785,27569,28436,29873.100000000093,31034.400000000373,32195.700000000186,33357.0,34518.30000000028
MOUNT WAVERLEY - SOUTH,19291,19637,20009,20243,20279,20666.399999999965,20924.599999999977,21182.79999999999,21441.0,21699.20000000001
GLEN WAVERLEY - EAST,22153,22293,22404,22477,22382,22534.40000000001,22598.600000000006,22662.800000000003,22727.0,22791.199999999997
GLEN WAVERLEY - WEST,20151,20442,20687,20969,21098,21395.70000000001,21637.800000000047,21879.900000000023,22122.0,22364.100000000035
MULGRAVE,20462,20663,20900,21038,21180,21391.899999999965,21573.0,21754.099999999977,21935.199999999953,22116.29999999999
OAKLEIGH - HUNTINGDALE,22617,23152,23589,24078,24399,24914.0,25363.0,25812.0,26261.0,26710.0
CAIRNLEA,10206,10421,10569,10645,10774,10931.0,11067.0,11203.0,11339.0,11475.0
WHEELERS HILL,20880,20976,21014,21037,21070,21127.70000000001,21171.800000000003,21215.90000000001,21260.000000000015,21304.100000000006
ARDEER - ALBION,8202,8342,8458,8533,8552,8684.699999999983,8773.799999999988,8862.899999999994,8952.0,9041.100000000006
DEER PARK - DERRIMUT,27536,28218,28711,28930,28775,29391.0,29710.0,30029.0,30348.0,30667.0
DELAHEY,8841,8843,8831,8817,8743,8748.400000000001,8726.199999999997,8704.0,8681.800000000003,8659.599999999999
KEILOR DOWNS,13943,13937,13910,13834,13665,13660.099999999977,13594.199999999983,13528.299999999988,13462.399999999994,13396.5
KINGS PARK (VIC.),14447,14586,14645,14695,14543,14673.5,14703.599999999999,14733.699999999997,14763.799999999996,14793.899999999994
ST ALBANS - NORTH,21064,21437,21686,21803,21611,21958.20000000001,22104.20000000001,22250.20000000001,22396.20000000001,22542.20000000001
ST ALBANS - SOUTH,18025,18336,18487,18559,18394,18648.5,18744.600000000006,18840.70000000001,18936.800000000017,19032.900000000023
SUNSHINE,10241,10411,10539,10645,10556,10737.600000000006,10824.0,10910.399999999994,10996.799999999988,11083.199999999983
SUNSHINE NORTH,12123,12331,12487,12535,12519,12697.799999999988,12797.399999999994,12897.0,12996.600000000006,13096.200000000012
SUNSHINE WEST,19533,19896,20123,20270,20197,20514.399999999965,20684.599999999977,20854.79999999999,21025.0,21195.20000000001
SYDENHAM,12585,12702,12768,12801,12628,12752.3,12770.8,12789.3,12807.8,12826.3
ALTONA,13206,13443,13713,14004,14158,14444.299999999988,14690.799999999988,14937.299999999988,15183.799999999988,15430.299999999988
TAYLORS LAKES,18455,18421,18401,18325,18091,18091.399999999994,18009.0,17926.600000000006,17844.20000000001,17761.800000000017
FOOTSCRAY,17343,18031,18631,19155,19568,20217.800000000047,20775.200000000186,21332.600000000093,21890.0,22447.40000000014
ALTONA MEADOWS,20106,20313,20409,20456,20343,20510.500000000015,20572.20000000001,20633.90000000001,20695.600000000006,20757.300000000003
ALTONA NORTH,14787,15024,15196,15425,15587,15804.099999999977,16004.200000000012,16204.299999999988,16404.399999999965,16604.5
YARRAVILLE,15656,15891,16233,16625,16812,17157.20000000007,17461.800000000047,17766.400000000023,18071.0,18375.599999999977
NEWPORT,18523,18836,19180,19567,19799,20165.900000000023,20494.199999999953,20822.5,21150.800000000047,21479.099999999977
SEABROOK,5408,5464,5517,5544,5396,5482.599999999999,5488.2,5493.8,5499.400000000001,5505.000000000001
MARIBYRNONG,12950,13448,13785,14121,14442,14846.29999999993,15212.0,15577.699999999953,15943.399999999907,16309.099999999977
WILLIAMSTOWN,16389,16636,16932,17271,17384,17709.900000000023,17972.400000000023,18234.900000000023,18497.400000000023,18759.900000000023
BRAYBROOK,19224,19795,20138,20523,20902,21341.599999999977,21750.0,22158.400000000023,22566.800000000047,22975.20000000007
MELTON SOUTH,24243,26473,28613,30696,33459,35493.299999999814,37758.799999999814,40024.299999999814,42289.799999999814,44555.299999999814
BURNSIDE,4943,5125,5296,5396,5541,5700.299999999988,5847.0,5993.700000000012,6140.400000000023,6287.100000000035
MELTON WEST,18157,19004,19964,20897,21315,22330.09999999986,23151.0,23971.899999999907,24792.799999999814,25613.699999999953
ROCKBANK - MOUNT COTTRELL,3148,4050,6455,8816,11370,13130.799999999814,15251.799999999814,17372.799999999814,19493.799999999814,21614.799999999814
TAYLORS HILL,20218,20670,20918,21225,21316,21694.70000000007,21969.800000000047,22244.900000000023,22520.0,22795.099999999977
BURNSIDE HEIGHTS,6431,6559,6688,6787,6695,6858.799999999988,6934.399999999994,7010.0,7085.600000000006,7161.200000000012
CAROLINE SPRINGS,20968,21457,21730,21855,21968,22315.0,22554.79999999999,22794.599999999977,23034.399999999965,23274.199999999953
HOPPERS CROSSING - NORTH,20172,20266,20294,20284,20093,20179.800000000003,20165.800000000003,20151.800000000003,20137.800000000003,20123.800000000003
HOPPERS CROSSING - SOUTH,20220,20459,20609,20670,20506,20727.699999999983,20806.0,20884.29999999999,20962.599999999977,21040.899999999994
FRANKSTON NORTH,19939,19966,19966,19937,19886,19898.299999999996,19884.799999999996,19871.299999999996,19857.799999999996,19844.299999999996
LAVERTON,9385,10279,10953,11586,11994,12796.899999999907,13449.399999999907,14101.899999999907,14754.399999999907,15406.899999999907
TARNEIT,36404,39743,43410,46735,49848,53392.0,56780.0,60168.0,63556.0,66944.0
TRUGANINA,24628,27633,30256,33167,35778,38642.60000000056,41426.0,44209.40000000037,46992.800000000745,49776.200000000186
WERRIBEE - SOUTH,11776,12286,13115,14162,15208,15931.399999999907,16805.399999999907,17679.399999999907,18553.399999999907,19427.399999999907
WYNDHAM VALE,24270,25545,27220,29227,31022,32612.599999999627,34331.19999999972,36049.799999999814,37768.39999999991,39487.0
POINT COOK - EAST,12818,14491,16030,17895,19011,20786.0,22365.0,23944.0,25523.0,27102.0
POINT COOK - NORTH,24288,24905,25333,25552,25568,26091.29999999993,26412.0,26732.699999999953,27053.399999999907,27374.099999999977
POINT COOK - SOUTH,15147,16847,18380,19483,20058,21720.399999999907,22966.200000000186,24212.0,25457.799999999814,26703.600000000093
WERRIBEE - EAST,20643,20844,20986,21069,20883,21096.5,21167.0,21237.5,21308.0,21378.5
WERRIBEE - WEST,12283,13128,14315,16275,18592,19648.100000000093,21224.600000000093,22801.100000000093,24377.600000000093,25954.100000000093
CARRUM DOWNS,21549,21837,22082,22265,22493,22740.0,22971.600000000035,23203.20000000001,23434.79999999999,23666.400000000023
FRANKSTON,23510,23719,23965,24104,24241,24461.899999999965,24646.599999999977,24831.29999999999,25016.0,25200.70000000001
FRANKSTON SOUTH,18995,19113,19217,19303,19242,19379.20000000001,19447.600000000006,19516.0,19584.399999999994,19652.79999999999
LANGWARRIN,24694,24926,25155,25295,25530,25732.29999999999,25936.400000000023,26140.5,26344.599999999977,26548.70000000001
SEAFORD (VIC.),17151,17263,17377,17491,17681,17779.0,17907.800000000017,18036.600000000006,18165.399999999994,18294.20000000001
SKYE - SANDHURST,13664,13894,14085,14250,14208,14453.400000000023,14597.799999999988,14742.200000000012,14886.600000000035,15031.0
DROMANA,11454,11939,12325,12565,12896,13288.800000000047,13639.800000000047,13990.800000000047,14341.800000000047,14692.800000000047
FLINDERS,5642,5645,5653,5644,5674,5670.5,5676.800000000001,5683.1,5689.4,5695.700000000001
HASTINGS - SOMERS,22851,23096,23344,23654,23704,24009.0,24235.399999999965,24461.79999999999,24688.20000000001,24914.599999999977
ROSEBUD - MCCRAE,21613,21893,22087,22278,22474,22701.099999999977,22911.79999999999,23122.5,23333.20000000001,23543.900000000023
MORNINGTON,25030,25496,25914,26206,26289,26755.400000000023,27078.199999999953,27401.0,27723.800000000047,28046.599999999977
STAWELL,8225,8184,8128,8107,8093,8045.099999999991,8011.0,7976.899999999994,7942.799999999988,7908.699999999997
WEST WIMMERA,2782,2750,2716,2712,2691,2664.199999999997,2642.199999999997,2620.199999999997,2598.199999999997,2576.199999999997
YARRIAMBIACK,6693,6632,6610,6578,6535,6498.600000000006,6461.600000000006,6424.600000000006,6387.600000000006,6350.600000000006
MOUNT ELIZA,18696,18843,19024,19139,19232,19397.20000000001,19534.0,19670.79999999999,19807.599999999977,19944.399999999965
RED CLIFFS,5947,5995,6007,5990,5989,6009.300000000001,6017.200000000001,6025.1,6033.0,6040.9
MOUNT MARTHA,19365,19601,19773,20021,20105,20343.0,20533.0,20723.0,20913.0,21103.0
POINT NEPEAN,17999,18204,18433,18709,19023,19239.5,19494.79999999999,19750.099999999977,20005.399999999965,20260.699999999953
GANNAWARRA,6661,6682,6653,6594,6576,6555.799999999996,6530.0,6504.199999999997,6478.399999999994,6452.5999999999985
SOMERVILLE,18878,19117,19270,19403,19435,19640.599999999977,19780.599999999977,19920.599999999977,20060.599999999977,20200.599999999977
LOCKINGTON - GUNBOWER,3855,3860,3874,3855,3872,3871.8999999999996,3874.8,3877.7,3880.5999999999995,3883.5
ARARAT,8386,8396,8413,8447,8532,8537.699999999997,8572.0,8606.300000000003,8640.600000000006,8674.900000000009
ARARAT REGION,3198,3216,3222,3245,3289,3297.300000000003,3318.4000000000015,3339.5,3360.5999999999985,3381.699999999997
HORSHAM,16462,16497,16513,16589,16729,16745.800000000003,16808.399999999994,16871.0,16933.600000000006,16996.199999999997
HORSHAM REGION,3443,3439,3417,3394,3344,3334.5,3310.2000000000044,3285.9000000000015,3261.5999999999985,3237.300000000003
NHILL REGION,6960,6882,6796,6720,6710,6615.0,6548.8000000000175,6482.600000000006,6416.399999999994,6350.200000000012
ST ARNAUD,3353,3314,3288,3283,3299,3265.7000000000007,3251.800000000003,3237.9000000000015,3224.0,3210.100000000002
IRYMPLE,6945,6998,7089,7194,7343,7411.399999999994,7510.599999999977,7609.799999999988,7709.0,7808.1999999999825
MERBEIN,4820,4860,4885,4876,4853,4883.399999999998,4891.5999999999985,4899.799999999999,4908.0,4916.200000000001
MILDURA REGION,3747,3742,3755,3775,3827,3827.0999999999985,3846.399999999994,3865.699999999997,3885.0,3904.2999999999956
MILDURA - NORTH,18398,18575,18660,18710,18682,18815.899999999994,18886.20000000001,18956.5,19026.79999999999,19097.100000000006
MILDURA - SOUTH,14801,14972,15120,15234,15222,15401.0,15511.399999999994,15621.799999999988,15732.199999999983,15842.599999999977
BULOKE,6285,6208,6186,6126,6104,6048.600000000006,6004.199999999997,5959.800000000003,5915.400000000009,5871.0
KERANG,3898,3881,3885,3867,3815,3815.199999999997,3797.199999999997,3779.199999999997,3761.199999999997,3743.199999999997
ROBINVALE,3382,3359,3374,3330,3299,3290.300000000003,3270.800000000003,3251.300000000003,3231.800000000003,3212.300000000003
SHEPPARTON REGION - EAST,3897,3891,3881,3857,3879,3860.0,3853.0,3846.0,3839.0,3832.0
SHEPPARTON REGION - WEST,10279,10378,10388,10429,10546,10579.5,10638.0,10696.5,10755.0,10813.5
SWAN HILL,11079,11104,11103,11088,11048,11060.999999999998,11053.199999999997,11045.399999999998,11037.599999999999,11029.799999999997
SWAN HILL REGION,6442,6387,6288,6237,6183,6107.0,6040.1999999999825,5973.399999999994,5906.600000000006,5839.799999999988
ECHUCA,14888,14931,14933,14974,15017,15038.900000000001,15069.0,15099.099999999999,15129.199999999997,15159.299999999996
KYABRAM,11034,11056,11028,11063,11095,11093.900000000001,11106.8,11119.7,11132.600000000002,11145.5
ROCHESTER,3895,3902,3906,3886,3833,3842.4000000000015,3828.4000000000015,3814.4000000000015,3800.4000000000015,3786.4000000000015
RUSHWORTH,4076,4051,4054,4043,4057,4042.3999999999996,4037.7999999999993,4033.199999999999,4028.5999999999985,4023.999999999998
COBRAM,6420,6435,6422,6395,6425,6410.4,6407.4,6404.4,6401.4,6398.4
MOIRA,2623,2636,2665,2676,2726,2739.0,2763.5999999999985,2788.199999999997,2812.7999999999956,2837.399999999994
NUMURKAH,12422,12416,12420,12398,12358,12359.0,12344.399999999998,12329.8,12315.2,12300.599999999999
GLENELG (VIC.),8778,8731,8732,8714,8681,8663.900000000001,8642.800000000003,8621.700000000004,8600.600000000006,8579.500000000007
YARRAWONGA,8021,8165,8290,8451,8503,8661.0,8786.0,8911.0,9036.0,9161.0
MOOROOPNA,8033,8043,8087,8143,8132,8177.0,8206.799999999996,8236.599999999999,8266.400000000001,8296.199999999997
SHEPPARTON - NORTH,19007,19229,19382,19539,19556,19765.0,19905.79999999999,20046.599999999977,20187.399999999965,20328.199999999953
SHEPPARTON - SOUTH,23668,23899,24164,24423,24818,25041.599999999977,25324.0,25606.400000000023,25888.800000000047,26171.20000000007
HAMILTON (VIC.),10081,10088,10119,10123,10177,10185.699999999997,10208.400000000001,10231.099999999999,10253.799999999996,10276.5
PORTLAND,10943,10933,10899,10927,10906,10897.600000000002,10889.600000000002,10881.600000000002,10873.600000000002,10865.600000000002
SOUTHERN GRAMPIANS,6143,6111,6093,6048,6021,5991.100000000006,5960.4000000000015,5929.700000000004,5899.000000000007,5868.300000000003
COLAC,12450,12498,12546,12571,12582,12630.500000000007,12664.200000000004,12697.900000000001,12731.599999999999,12765.299999999996
CAMPERDOWN,3526,3532,3537,3504,3451,3456.5999999999985,3438.800000000003,3421.0,3403.199999999997,3385.4000000000015
WARRNAMBOOL - NORTH,21442,21693,21976,22229,22487,22753.20000000007,23015.800000000047,23278.400000000023,23541.0,23803.599999999977
WARRNAMBOOL - SOUTH,13173,13203,13241,13293,13391,13418.0,13470.599999999991,13523.199999999997,13575.800000000003,13628.399999999994
