suburb,natural_increase_2016_17,natural_increase_2017_18,natural_increase_2018_19,natural_increase_2019_20,natural_increase_2020_21,natural_increase_2021_22,natural_increase_2022_23,natural_increase_2023_24,natural_increase_2024_25
GORDON (VIC.),17.0,37.0,24.0,8.0,16.700000000000273,15.0,13.300000000000182,11.600000000000364,9.900000000000091
AVOCA,3.0,5.0,-1.0,-4.0,-11.099999999999454,-14.399999999999636,-17.699999999999818,-21.0,-24.300000000000182
BEAUFORT,-17.0,0.0,-5.0,-12.0,-6.600000000000136,-6.0,-5.400000000000091,-4.800000000000182,-4.2000000000000455
GOLDEN PLAINS - NORTH,24.0,32.0,35.0,17.0,21.09999999999991,19.399999999999636,17.699999999999818,16.0,14.299999999999727
YACKANDANDAH,12.0,24.0,0.0,10.0,5.0,3.0,1.0,-1.0,-3.0
DROUIN,123.0,125.0,136.0,121.0,93.20000000000073,85.0,76.79999999999927,68.59999999999854,60.39999999999782
MOUNT BAW BAW REGION,7.0,4.0,24.0,6.0,25.399999999999636,29.399999999999636,33.399999999999636,37.399999999999636,41.399999999999636
TRAFALGAR (VIC.),29.0,27.0,0.0,17.0,15.0,13.400000000000091,11.800000000000182,10.200000000000273,8.600000000000364
WARRAGUL,119.0,32.0,81.0,74.0,68.80000000000018,65.80000000000018,62.80000000000018,59.80000000000018,56.80000000000018
BAIRNSDALE,21.0,17.0,8.0,-43.0,-63.60000000000582,-82.20000000000437,-100.80000000000291,-119.40000000000146,-138.0
BRUTHEN - OMEO,20.0,15.0,46.0,4.0,12.100000000000364,9.600000000000364,7.100000000000364,4.600000000000364,2.100000000000364
LAKES ENTRANCE,-22.0,-22.0,-58.0,-29.0,-63.900000000001455,-72.40000000000146,-80.90000000000146,-89.40000000000146,-97.90000000000146
ORBOST,-29.0,-26.0,-6.0,-26.0,-26.40000000000009,-27.200000000000045,-28.0,-28.799999999999955,-29.59999999999991
PAYNESVILLE,-38.0,-38.0,-49.0,-64.0,-62.79999999999927,-67.79999999999927,-72.79999999999927,-77.79999999999927,-82.79999999999927
FOSTER,0.0,-5.0,-7.0,-43.0,-34.399999999999636,-41.20000000000073,-48.0,-54.79999999999927,-61.600000000000364
FRENCH ISLAND,0.0,0.0,0.0,0.0,0.0,0.0,0.0,0.0,0.0
KORUMBURRA,17.0,20.0,36.0,20.0,19.600000000000136,19.0,18.40000000000009,17.800000000000182,17.200000000000045
LEONGATHA,0.0,9.0,-25.0,-23.0,-41.39999999999782,-50.599999999998545,-59.79999999999927,-69.0,-78.20000000000073
PHILLIP ISLAND,17.0,-12.0,-17.0,-20.0,-42.20000000000073,-52.20000000000073,-62.20000000000073,-72.20000000000073,-82.20000000000073
WONTHAGGI - INVERLOCH,-20.0,-44.0,-18.0,-35.0,-47.900000000001455,-52.80000000000109,-57.70000000000073,-62.600000000000364,-67.5
CHURCHILL,54.0,51.0,51.0,56.0,72.30000000000109,77.20000000000073,82.10000000000036,87.0,91.89999999999964
MOE - NEWBOROUGH,-13.0,12.0,-27.0,-62.0,-86.79999999999563,-105.19999999999709,-123.59999999999854,-142.0,-160.40000000000146
MORWELL,16.0,35.0,-36.0,-18.0,-26.099999999998545,-34.599999999998545,-43.099999999998545,-51.599999999998545,-60.099999999998545
TRARALGON,105.0,127.0,87.0,94.0,57.69999999999709,45.39999999999782,33.099999999998545,20.799999999999272,8.5
YALLOURN NORTH - GLENGARRY,37.0,8.0,22.0,32.0,40.80000000000018,44.80000000000018,48.80000000000018,52.80000000000018,56.80000000000018
ALPS - WEST,0.0,0.0,0.0,0.0,0.0,0.0,0.0,0.0,0.0
LONGFORD - LOCH SPORT,8.0,-12.0,1.0,-3.0,-1.6999999999999318,-1.9999999999998863,-2.2999999999999545,-2.599999999999909,-2.8999999999999773
MAFFRA,34.0,26.0,58.0,40.0,44.20000000000027,46.0,47.80000000000018,49.600000000000364,51.40000000000009
ROSEDALE,23.0,27.0,29.0,10.0,8.5,4.599999999999454,0.6999999999998181,-3.199999999999818,-7.100000000000364
NORTH MELBOURNE,122.0,147.0,162.0,167.0,168.39999999999964,175.0,181.60000000000036,188.20000000000073,194.8000000000011
HAWTHORN EAST,110.0,95.0,82.0,72.0,57.30000000000291,47.60000000000218,37.900000000001455,28.200000000000728,18.5
PARKVILLE,-13.0,9.0,-43.0,-65.0,-54.39999999999782,-63.599999999998545,-72.79999999999927,-82.0,-91.20000000000073
SOUTH YARRA - WEST,-7.0,-15.0,-30.0,-29.0,-1.0,2.800000000000182,6.600000000000364,10.400000000000546,14.200000000000728
CHELTENHAM - HIGHETT (WEST),76.0,79.0,79.0,46.0,57.30000000000109,53.0,48.70000000000073,44.400000000001455,40.100000000000364
ORMOND - GLEN HUNTLY,116.0,117.0,111.0,90.0,87.5,81.19999999999891,74.89999999999964,68.60000000000036,62.29999999999927
BENTLEIGH EAST (NORTH),85.0,95.0,94.0,104.0,98.5,100.20000000000027,101.90000000000009,103.59999999999991,105.30000000000018
SUNBURY - SOUTH,166.0,228.0,245.0,288.0,304.59999999999854,327.59999999999854,350.59999999999854,373.59999999999854,396.59999999999854
KNOXFIELD - SCORESBY,111.0,109.0,128.0,116.0,107.5,105.79999999999973,104.09999999999991,102.40000000000009,100.69999999999982
BRUNSWICK EAST,104.0,87.0,84.0,92.0,69.30000000000109,63.20000000000073,57.100000000000364,51.0,44.899999999999636
HAMPTON,105.0,82.0,46.0,63.0,45.70000000000073,36.599999999998545,27.5,18.400000000001455,9.299999999999272
SOUTHBANK,180.0,179.0,186.0,202.0,166.70000000000073,162.60000000000036,158.5,154.39999999999964,150.29999999999927
ST KILDA EAST,195.0,186.0,154.0,188.0,137.0,125.39999999999782,113.79999999999927,102.20000000000073,90.59999999999854
ARMADALE,50.0,51.0,63.0,29.0,50.8,50.8,50.8,50.8,50.8
BACCHUS MARSH,145.0,143.0,174.0,130.0,136.30000000000018,133.20000000000073,130.10000000000036,127.0,123.90000000000055
PRAHRAN - WINDSOR,108.0,100.0,96.0,101.0,90.90000000000055,88.0,85.10000000000036,82.20000000000073,79.30000000000018
HILLSIDE,318.0,349.0,372.0,315.0,313.7999999999993,307.7999999999993,301.7999999999993,295.7999999999993,289.7999999999993
ELSTERNWICK,118.0,92.0,75.0,76.0,58.19999999999709,48.39999999999782,38.599999999998545,28.799999999999272,19.0
MELTON,212.0,165.0,184.0,164.0,151.89999999999782,143.0,134.09999999999854,125.19999999999709,116.29999999999927
COLAC REGION,41.0,35.0,27.0,35.0,19.0,14.800000000001091,10.600000000000364,6.399999999999636,2.2000000000007276
CORANGAMITE - NORTH,-19.0,-28.0,-14.0,-28.0,-21.6,-21.6,-21.6,-21.6,-21.6
WHITE HILLS - ASCOT,213.0,173.0,186.0,160.0,165.10000000000036,158.79999999999927,152.5,146.20000000000073,139.89999999999964
BENDIGO REGION - SOUTH,56.0,64.0,46.0,69.0,50.90000000000009,49.19999999999982,47.5,45.80000000000018,44.09999999999991
CORANGAMITE - SOUTH,30.0,10.0,8.0,16.0,1.3999999999996362,-2.7999999999992724,-7.0,-11.200000000000728,-15.399999999999636
BENDIGO REGION - NORTH,29.0,18.0,17.0,4.0,6.399999999999636,2.800000000000182,-0.8000000000001819,-4.400000000000546,-8.0
LODDON,-17.0,-14.0,-21.0,-50.0,-51.399999999999636,-59.20000000000073,-67.0,-74.79999999999927,-82.60000000000036
BANNOCKBURN,35.0,56.0,29.0,64.0,72.60000000000036,80.0,87.39999999999964,94.79999999999927,102.19999999999891
GOLDEN PLAINS - SOUTH,48.0,56.0,41.0,55.0,39.69999999999982,37.19999999999982,34.69999999999982,32.19999999999982,29.699999999999818
WINCHELSEA,14.0,17.0,4.0,23.0,35.400000000001455,40.80000000000109,46.20000000000073,51.600000000000364,57.0
BRUNSWICK WEST,97.0,77.0,96.0,90.0,68.89999999999964,63.599999999998545,58.29999999999927,53.0,47.69999999999891
SOUTH YARRA - EAST,168.0,162.0,149.0,148.0,95.59999999999854,79.39999999999782,63.19999999999709,47.0,30.799999999995634
ALFREDTON,111.0,132.0,128.0,150.0,136.60000000000036,139.60000000000036,142.60000000000036,145.60000000000036,148.60000000000036
TOORAK,2.0,4.0,14.0,-4.0,-1.199999999999818,-2.599999999999909,-4.0,-5.400000000000091,-6.800000000000182
SURREY HILLS (WEST) - CANTERBURY,0.0,-5.0,-33.0,-33.0,-49.79999999999927,-59.400000000001455,-69.0,-78.59999999999854,-88.20000000000073
HUGHESDALE,43.0,68.0,53.0,55.0,27.700000000000728,21.200000000000728,14.700000000000728,8.200000000000728,1.7000000000007276
OTWAY,-4.0,12.0,-2.0,-1.0,0.3000000000000682,0.0,-0.2999999999999545,-0.599999999999909,-0.8999999999999773
BALLARAT,-34.0,-33.0,-36.0,-49.0,-49.19999999999982,-52.600000000000364,-56.0,-59.399999999999636,-62.80000000000018
COBURG,192.0,244.0,215.0,175.0,162.89999999999782,151.0,139.09999999999854,127.19999999999709,115.29999999999927
BALLARAT - NORTH,98.0,117.0,81.0,61.0,2.1999999999970896,-21.400000000001455,-45.0,-68.59999999999854,-92.19999999999709
BALLARAT - SOUTH,142.0,119.0,107.0,126.0,82.10000000000218,71.0,59.900000000001455,48.80000000000291,37.70000000000073
BACCHUS MARSH REGION,9.0,36.0,33.0,8.0,19.40000000000009,18.799999999999955,18.200000000000045,17.600000000000136,17.0
CRESWICK - CLUNES,-6.0,10.0,23.0,-30.0,-4.200000000000273,-5.800000000000182,-7.400000000000091,-9.0,-10.599999999999909
BUNINYONG,48.0,22.0,33.0,21.0,22.099999999999454,19.0,15.899999999999636,12.799999999999272,9.699999999999818
DELACOMBE,73.0,74.0,63.0,79.0,81.09999999999945,83.39999999999964,85.69999999999982,88.0,90.30000000000018
DAYLESFORD,-25.0,-11.0,-27.0,-23.0,-16.200000000000273,-15.0,-13.800000000000182,-12.600000000000364,-11.400000000000091
SMYTHES CREEK,22.0,27.0,34.0,21.0,21.799999999999955,20.799999999999955,19.799999999999955,18.799999999999955,17.799999999999955
WENDOUREE - MINERS REST,41.0,37.0,59.0,-2.0,1.8999999999978172,-7.400000000001455,-16.700000000000728,-26.0,-35.29999999999927
MARYBOROUGH (VIC.),-51.0,-39.0,-57.0,-86.0,-74.10000000000036,-79.60000000000036,-85.10000000000036,-90.60000000000036,-96.10000000000036
MARYBOROUGH REGION,-16.0,-14.0,-27.0,-19.0,-23.09999999999991,-24.399999999999636,-25.699999999999818,-27.0,-28.299999999999727
BENDIGO,-47.0,-48.0,-34.0,-24.0,-44.799999999999955,-45.40000000000009,-46.0,-46.59999999999991,-47.200000000000045
CALIFORNIA GULLY - EAGLEHAWK,57.0,52.0,81.0,79.0,87.69999999999891,94.0,100.29999999999927,106.59999999999854,112.89999999999964
BELMONT,84.0,30.0,40.0,51.0,28.099999999998545,21.19999999999891,14.299999999999272,7.399999999999636,0.5
CORIO - NORLANE,189.0,151.0,179.0,109.0,88.40000000000146,68.60000000000582,48.80000000000291,29.0,9.200000000004366
EAST BENDIGO - KENNINGTON,-50.0,-1.0,-25.0,-28.0,-15.699999999999818,-12.600000000000364,-9.5,-6.399999999999636,-3.300000000000182
FLORA HILL - SPRING GULLY,58.0,59.0,60.0,65.0,45.80000000000018,42.399999999999636,39.0,35.600000000000364,32.19999999999982
MOYNE - EAST,17.0,38.0,24.0,28.0,40.19999999999982,43.79999999999927,47.399999999999636,51.0,54.599999999999454
KANGAROO FLAT - GOLDEN SQUARE,51.0,43.0,19.0,34.0,0.8999999999978172,-9.0,-18.900000000001455,-28.80000000000291,-38.70000000000073
MOYNE - WEST,8.0,24.0,23.0,11.0,25.299999999999272,27.599999999999454,29.899999999999636,32.19999999999982,34.5
MAIDEN GULLY,50.0,51.0,58.0,47.0,55.59999999999991,56.59999999999991,57.59999999999991,58.59999999999991,59.59999999999991
PASCOE VALE SOUTH,55.0,59.0,43.0,61.0,18.400000000001455,9.400000000001455,0.4000000000014552,-8.599999999998545,-17.599999999998545
STRATHFIELDSAYE,79.0,73.0,86.0,74.0,68.10000000000036,65.60000000000036,63.100000000000364,60.600000000000364,58.100000000000364
KENSINGTON (VIC.),130.0,137.0,122.0,104.0,92.29999999999927,83.40000000000146,74.5,65.59999999999854,56.70000000000073
CASTLEMAINE,-58.0,-50.0,-24.0,-50.0,-31.19999999999891,-27.0,-22.799999999999272,-18.599999999998545,-14.399999999999636
CASTLEMAINE REGION,-4.0,13.0,-22.0,3.0,-14.600000000000364,-17.800000000000182,-21.0,-24.199999999999818,-27.399999999999636
HEATHCOTE,-29.0,-18.0,-10.0,-13.0,0.09999999999854481,5.199999999998909,10.299999999999272,15.399999999999636,20.5
KYNETON,-15.0,4.0,1.0,-2.0,-9.599999999999909,-10.800000000000182,-12.0,-13.199999999999818,-14.400000000000091
WOODEND,11.0,16.0,15.0,-15.0,-12.100000000000364,-17.799999999999272,-23.5,-29.200000000000728,-34.899999999999636
GEELONG,18.0,55.0,29.0,32.0,25.90000000000009,24.199999999999818,22.5,20.800000000000182,19.09999999999991
GEELONG WEST - HAMLYN HEIGHTS,187.0,174.0,119.0,151.0,135.89999999999964,128.39999999999964,120.89999999999964,113.39999999999964,105.89999999999964
GROVEDALE,61.0,78.0,141.0,174.0,264.59999999999127,307.3999999999942,350.1999999999971,393.0,435.8000000000029
LEOPOLD,113.0,71.0,69.0,36.0,11.5,-6.599999999998545,-24.69999999999709,-42.799999999995634,-60.89999999999418
HIGHTON,99.0,105.0,105.0,79.0,80.80000000000109,76.0,71.20000000000073,66.40000000000146,61.600000000000364
LARA,139.0,137.0,147.0,157.0,145.79999999999995,146.79999999999995,147.79999999999995,148.79999999999995,149.79999999999995
POINT LONSDALE - QUEENSCLIFF,-13.0,-25.0,-33.0,-43.0,-39.600000000000364,-43.600000000000364,-47.600000000000364,-51.600000000000364,-55.600000000000364
MELBOURNE,192.0,229.0,238.0,168.0,160.6999999999971,148.39999999999782,136.09999999999854,123.79999999999927,111.5
NEWCOMB - MOOLAP,-48.0,-53.0,-9.0,-45.0,-68.60000000000036,-75.40000000000146,-82.20000000000073,-89.0,-95.80000000000109
NEWTOWN (VIC.),65.0,55.0,37.0,39.0,37.80000000000018,33.80000000000018,29.800000000000182,25.800000000000182,21.800000000000182
NORTH GEELONG - BELL PARK,-27.0,-13.0,-16.0,-19.0,-30.199999999999818,-32.79999999999927,-35.399999999999636,-38.0,-40.599999999999454
KILMORE - BROADFORD,72.0,53.0,75.0,45.0,56.19999999999982,54.19999999999982,52.19999999999982,50.19999999999982,48.19999999999982
MANSFIELD (VIC.),4.0,1.0,0.0,-4.0,-10.099999999999454,-13.0,-15.899999999999636,-18.799999999999272,-21.699999999999818
NAGAMBIE,4.0,-3.0,1.0,-2.0,1.8999999999999773,2.2000000000000455,2.5,2.7999999999999545,3.1000000000000227
CLIFTON SPRINGS,9.0,41.0,29.0,28.0,51.30000000000109,58.0,64.70000000000073,71.40000000000146,78.10000000000036
LORNE - ANGLESEA,-22.0,-12.0,-14.0,1.0,2.899999999999636,7.399999999999636,11.899999999999636,16.399999999999636,20.899999999999636
OCEAN GROVE - BARWON HEADS,137.0,161.0,187.0,137.0,164.60000000000036,167.19999999999982,169.80000000000018,172.40000000000055,175.0
MYRTLEFORD,-38.0,-34.0,-43.0,-16.0,-20.400000000000546,-16.600000000000364,-12.800000000000182,-9.0,-5.199999999999818
TOWONG,-4.0,-4.0,-24.0,-22.0,-24.199999999999818,-27.799999999999272,-31.399999999999636,-35.0,-38.599999999999454
WEST WODONGA,109.0,71.0,63.0,66.0,50.099999999998545,41.599999999998545,33.099999999998545,24.599999999998545,16.099999999998545
WODONGA,223.0,198.0,200.0,200.0,123.0,101.59999999999854,80.19999999999709,58.799999999995634,37.39999999999418
PORTARLINGTON,-36.0,-35.0,-28.0,-59.0,-58.0,-63.399999999999636,-68.79999999999927,-74.19999999999891,-79.59999999999854
TORQUAY,166.0,195.0,174.0,128.0,164.09999999999945,162.0,159.89999999999964,157.79999999999927,155.69999999999982
ALEXANDRA,-12.0,-31.0,-40.0,-23.0,-35.599999999999454,-38.399999999999636,-41.19999999999982,-44.0,-46.80000000000018
EUROA,-15.0,-38.0,-25.0,-23.0,-35.5,-38.19999999999982,-40.899999999999636,-43.599999999999454,-46.29999999999927
SEYMOUR,-9.0,12.0,-19.0,-14.0,-25.200000000000728,-30.200000000000728,-35.20000000000073,-40.20000000000073,-45.20000000000073
SEYMOUR REGION,37.0,48.0,37.0,11.0,18.899999999999636,14.200000000000728,9.5,4.799999999999272,0.1000000000003638
UPPER YARRA VALLEY,0.0,3.0,0.0,0.0,-0.2999999999999545,-0.6000000000000227,-0.8999999999999773,-1.1999999999999318,-1.5
YEA,-13.0,-8.0,-2.0,-7.0,-0.3000000000001819,1.7999999999992724,3.899999999999636,6.0,8.099999999999454
BENALLA,-45.0,-36.0,-31.0,-35.0,-44.5,-46.0,-47.5,-49.0,-50.5
BENALLA REGION,8.0,11.0,8.0,9.0,4.200000000000273,3.0,1.800000000000182,0.6000000000003638,-0.599999999999909
RUTHERGLEN,3.0,2.0,1.0,5.0,0.5,0.0,-0.5,-1.0,-1.5
WANGARATTA,7.0,-7.0,-36.0,-13.0,-33.400000000001455,-39.80000000000109,-46.20000000000073,-52.600000000000364,-59.0
WANGARATTA REGION,44.0,23.0,41.0,35.0,32.19999999999982,31.199999999999818,30.199999999999818,29.199999999999818,28.199999999999818
BEECHWORTH,-17.0,-26.0,-5.0,-43.0,-20.30000000000001,-20.400000000000006,-20.5,-20.599999999999994,-20.69999999999999
BRIGHT - MOUNT BEAUTY,-1.0,13.0,-8.0,-1.0,-15.0,-19.19999999999891,-23.399999999999636,-27.600000000000364,-31.799999999999272
CHILTERN - INDIGO VALLEY,15.0,8.0,18.0,17.0,18.90000000000009,20.199999999999818,21.5,22.800000000000182,24.09999999999991
SALE,56.0,28.0,7.0,28.0,-29.799999999999272,-46.0,-62.20000000000073,-78.39999999999782,-94.60000000000218
YARRAM,-7.0,-14.0,-2.0,-27.0,-20.100000000000364,-22.600000000000364,-25.100000000000364,-27.600000000000364,-30.100000000000364
BRUNSWICK,181.0,193.0,172.0,151.0,111.80000000000291,94.80000000000291,77.80000000000291,60.80000000000291,43.80000000000291
ALPHINGTON - FAIRFIELD,87.0,54.0,67.0,47.0,47.899999999999636,42.599999999998545,37.29999999999927,32.0,26.69999999999891
NORTHCOTE,144.0,132.0,158.0,124.0,60.400000000001455,40.19999999999709,20.0,-0.19999999999708962,-20.400000000001455
THORNBURY,135.0,128.0,104.0,118.0,97.0,90.0,83.0,76.0,69.0
ASCOT VALE,199.0,204.0,186.0,184.0,146.0,133.39999999999782,120.79999999999927,108.20000000000073,95.59999999999854
ESSENDON - ABERFELDIE,132.0,98.0,82.0,86.0,26.400000000001455,6.19999999999709,-14.0,-34.19999999999709,-54.400000000001455
FLEMINGTON,133.0,106.0,104.0,82.0,39.599999999998545,21.0,2.400000000001455,-16.19999999999709,-34.799999999995634
MOONEE PONDS,100.0,70.0,51.0,76.0,42.0,32.79999999999927,23.599999999998545,14.399999999997817,5.19999999999709
CARLTON,91.0,59.0,52.0,33.0,-3.400000000001455,-21.19999999999709,-39.0,-56.80000000000291,-74.59999999999854
DOCKLANDS,133.0,147.0,186.0,153.0,175.40000000000146,181.8000000000011,188.20000000000073,194.60000000000036,201.0
EAST MELBOURNE,6.0,-1.0,8.0,-8.0,-5.5,-7.599999999999454,-9.699999999999818,-11.800000000000182,-13.899999999999636
FLEMINGTON RACECOURSE,0.0,0.0,0.0,0.0,0.0,0.0,0.0,0.0,0.0
ALBERT PARK,136.0,117.0,109.0,118.0,86.70000000000073,77.59999999999854,68.5,59.400000000001455,50.29999999999927
ELWOOD,169.0,159.0,200.0,140.0,146.5,140.8000000000011,135.10000000000036,129.39999999999964,123.70000000000073
PORT MELBOURNE,177.0,148.0,125.0,129.0,83.09999999999854,65.59999999999854,48.099999999998545,30.599999999998545,13.099999999998545
PORT MELBOURNE INDUSTRIAL,0.0,4.0,6.0,13.0,16.100000000000364,19.199999999999818,22.300000000000182,25.400000000000546,28.5
SOUTH MELBOURNE,78.0,86.0,52.0,29.0,19.5,6.799999999999272,-5.900000000001455,-18.600000000002183,-31.30000000000291
ST KILDA,93.0,127.0,95.0,83.0,62.599999999998545,52.599999999998545,42.599999999998545,32.599999999998545,22.599999999998545
ABBOTSFORD,63.0,76.0,78.0,61.0,59.69999999999982,57.19999999999982,54.69999999999982,52.19999999999982,49.69999999999982
CARLTON NORTH - PRINCES HILL,51.0,54.0,55.0,52.0,54.40000000000009,54.80000000000007,55.200000000000045,55.60000000000002,56.0
COLLINGWOOD,80.0,96.0,89.0,82.0,69.19999999999891,64.79999999999927,60.399999999999636,56.0,51.600000000000364
FITZROY,87.0,107.0,56.0,48.0,20.100000000002183,4.400000000001455,-11.299999999999272,-27.0,-42.70000000000073
FITZROY NORTH,88.0,95.0,104.0,42.0,34.70000000000073,21.200000000000728,7.700000000000728,-5.799999999999272,-19.299999999999272
MURRUMBEENA,50.0,44.0,35.0,23.0,32.5,30.0,27.5,25.0,22.5
RICHMOND (VIC.),291.0,286.0,254.0,251.0,189.6999999999971,167.59999999999854,145.5,123.40000000000146,101.30000000000291
ASHBURTON (VIC.),12.0,5.0,12.0,19.0,12.200000000000045,12.600000000000023,13.0,13.399999999999977,13.799999999999955
BALWYN,-12.0,-12.0,-9.0,-18.0,-22.400000000000546,-25.0,-27.600000000000364,-30.200000000000728,-32.80000000000018
BENTLEIGH EAST (SOUTH),83.0,47.0,76.0,60.0,51.30000000000109,47.0,42.70000000000073,38.400000000001455,34.100000000000364
YARRA - NORTH,84.0,90.0,67.0,71.0,44.70000000000073,35.599999999998545,26.5,17.400000000001455,8.299999999999272
HAWTHORN,164.0,164.0,173.0,136.0,115.79999999999927,104.0,92.20000000000073,80.40000000000146,68.60000000000218
BALWYN NORTH,-1.0,18.0,-4.0,7.0,-2.699999999999818,-4.599999999999909,-6.5,-8.400000000000091,-10.300000000000182
CAMBERWELL,-60.0,-79.0,-50.0,-87.0,-96.0,-103.39999999999964,-110.79999999999927,-118.19999999999891,-125.59999999999854
GLEN IRIS - EAST,102.0,92.0,106.0,106.0,93.0,91.20000000000027,89.40000000000009,87.59999999999991,85.80000000000018
KEW,50.0,3.0,36.0,1.0,33.79999999999973,35.19999999999982,36.59999999999991,38.0,39.40000000000009
KEW EAST,47.0,15.0,38.0,26.0,17.100000000000364,13.0,8.899999999999636,4.799999999999272,0.6999999999989086
BULLEEN,32.0,42.0,22.0,30.0,12.799999999999272,7.799999999999272,2.7999999999992724,-2.2000000000007276,-7.200000000000728
BRIGHTON (VIC.),0.0,-5.0,-2.0,6.0,-32.100000000000364,-39.79999999999927,-47.5,-55.20000000000073,-62.899999999999636
DONCASTER,88.0,104.0,105.0,106.0,85.19999999999982,82.0,78.80000000000018,75.60000000000036,72.40000000000055
BEAUMARIS,11.0,43.0,25.0,3.0,-15.0,-24.399999999997817,-33.79999999999927,-43.20000000000073,-52.599999999998545
TEMPLESTOWE,-37.0,-48.0,-58.0,-82.0,-79.39999999999964,-87.0,-94.60000000000036,-102.20000000000073,-109.80000000000109
TEMPLESTOWE LOWER,-18.0,-37.0,-43.0,-17.0,-77.39999999999782,-89.59999999999854,-101.79999999999927,-114.0,-126.20000000000073
DONCASTER EAST (NORTH),67.0,35.0,28.0,7.0,-34.0,-53.400000000001455,-72.80000000000291,-92.20000000000437,-111.60000000000582
DONCASTER EAST (SOUTH),61.0,40.0,34.0,70.0,39.80000000000018,37.20000000000073,34.600000000000364,32.0,29.400000000000546
BLACKBURN,60.0,62.0,57.0,36.0,18.399999999997817,8.599999999998545,-1.2000000000007276,-11.0,-20.799999999999272
BLACKBURN SOUTH,2.0,20.0,37.0,-1.0,-11.100000000000364,-17.400000000001455,-23.700000000000728,-30.0,-36.30000000000109
BOX HILL,107.0,121.0,62.0,34.0,-18.30000000000291,-46.599999999998545,-74.90000000000146,-103.20000000000437,-131.5
BRIGHTON EAST,-57.0,-38.0,-26.0,-66.0,-52.40000000000009,-54.0,-55.59999999999991,-57.19999999999982,-58.79999999999973
BOX HILL NORTH,162.0,109.0,114.0,89.0,41.19999999999709,19.19999999999709,-2.8000000000029104,-24.80000000000291,-46.80000000000291
BURWOOD,17.0,15.0,18.0,46.0,21.5,22.0,22.5,23.0,23.5
BURWOOD EAST,15.0,24.0,1.0,4.0,2.600000000000364,-0.1999999999998181,-3.0,-5.800000000000182,-8.600000000000364
SURREY HILLS (EAST) - MONT ALBERT,28.0,33.0,26.0,15.0,4.600000000000364,-1.2000000000007276,-7.0,-12.799999999999272,-18.600000000000364
SANDRINGHAM - BLACK ROCK,-5.0,-8.0,-9.0,-52.0,-96.19999999999709,-117.40000000000146,-138.59999999999854,-159.79999999999563,-181.0
BENTLEIGH - MCKINNON,107.0,70.0,68.0,76.0,51.39999999999782,43.0,34.599999999998545,26.19999999999709,17.799999999999272
CARNEGIE,161.0,99.0,122.0,89.0,61.80000000000291,45.400000000001455,29.0,12.599999999998545,-3.8000000000029104
CAULFIELD - NORTH,197.0,159.0,126.0,120.0,86.5,67.20000000000437,47.900000000001455,28.599999999998545,9.30000000000291
CAULFIELD - SOUTH,-7.0,-12.0,16.0,33.0,30.899999999999636,38.599999999998545,46.29999999999927,54.0,61.69999999999891
ASPENDALE GARDENS - WATERWAYS,59.0,30.0,42.0,32.0,22.599999999998545,17.19999999999891,11.799999999999272,6.399999999999636,1.0
BRAESIDE,0.0,0.0,0.0,0.0,0.0,0.0,0.0,0.0,0.0
CARRUM - PATTERSON LAKES,83.0,63.0,68.0,62.0,64.30000000000018,62.40000000000009,60.5,58.59999999999991,56.69999999999982
CHELSEA - BONBEACH,77.0,46.0,33.0,55.0,24.299999999999272,16.19999999999891,8.099999999998545,0.0,-8.100000000002183
CHELSEA HEIGHTS,53.0,46.0,34.0,45.0,34.69999999999982,31.799999999999272,28.899999999999636,26.0,23.099999999999454
CHELTENHAM - HIGHETT (EAST),120.0,140.0,62.0,135.0,92.29999999999927,86.39999999999964,80.5,74.60000000000036,68.70000000000073
EDITHVALE - ASPENDALE,78.0,79.0,72.0,71.0,73.19999999999982,72.39999999999986,71.59999999999991,70.79999999999995,70.0
MENTONE,44.0,34.0,86.0,26.0,29.200000000000728,24.600000000000364,20.0,15.399999999999636,10.799999999999272
MOORABBIN - HEATHERTON,41.0,35.0,38.0,72.0,55.69999999999982,59.19999999999982,62.69999999999982,66.19999999999982,69.69999999999982
MORDIALLOC - PARKDALE,93.0,64.0,57.0,81.0,53.899999999999636,48.399999999999636,42.899999999999636,37.399999999999636,31.899999999999636
MALVERN - GLEN IRIS,56.0,75.0,45.0,60.0,36.29999999999927,30.399999999999636,24.5,18.600000000000364,12.700000000000728
MALVERN EAST,65.0,62.0,50.0,16.0,-19.80000000000291,-38.80000000000291,-57.80000000000291,-76.80000000000291,-95.80000000000291
BUNDOORA - EAST,56.0,65.0,51.0,23.0,14.400000000001455,4.400000000001455,-5.599999999998545,-15.599999999998545,-25.599999999998545
GREENSBOROUGH,125.0,115.0,110.0,87.0,49.60000000000582,33.200000000004366,16.80000000000291,0.4000000000014552,-16.0
HEIDELBERG - ROSANNA,52.0,61.0,-16.0,-38.0,-60.30000000000291,-83.40000000000146,-106.5,-129.59999999999854,-152.6999999999971
HEIDELBERG WEST,140.0,127.0,133.0,85.0,67.59999999999854,52.20000000000073,36.79999999999927,21.399999999997817,6.0
IVANHOE EAST - EAGLEMONT,-7.0,30.0,22.0,20.0,26.199999999999818,29.600000000000364,33.0,36.399999999999636,39.80000000000018
HAMPTON PARK - LYNBROOK,367.0,370.0,333.0,309.0,242.89999999999418,214.79999999999563,186.6999999999971,158.59999999999854,130.5
IVANHOE,80.0,66.0,62.0,45.0,25.099999999998545,14.200000000000728,3.2999999999992724,-7.600000000002183,-18.5
BUNDOORA - WEST,59.0,49.0,30.0,22.0,6.899999999997817,-3.0,-12.900000000001455,-22.80000000000291,-32.70000000000073
MONTMORENCY - BRIAR HILL,116.0,95.0,67.0,113.0,80.39999999999964,75.59999999999854,70.79999999999927,66.0,61.19999999999891
WALLAN,215.0,248.0,263.0,285.0,321.90000000000146,342.0,362.09999999999854,382.1999999999971,402.29999999999563
WHITTLESEA,-5.0,10.0,4.0,-5.0,34.5,42.79999999999927,51.099999999998545,59.39999999999782,67.69999999999709
VIEWBANK - YALLAMBIE,82.0,93.0,56.0,89.0,72.0,69.80000000000018,67.60000000000036,65.40000000000055,63.20000000000073
WATSONIA,81.0,90.0,80.0,97.0,79.90000000000009,78.60000000000036,77.30000000000018,76.0,74.70000000000027
KINGSBURY,17.0,26.0,22.0,-1.0,-5.5,-11.600000000000364,-17.700000000000728,-23.80000000000109,-29.900000000001455
RESERVOIR - EAST,153.0,183.0,159.0,116.0,73.5,52.0,30.5,9.0,-12.5
LYNBROOK - LYNDHURST,243.0,204.0,215.0,174.0,165.20000000000073,151.8000000000029,138.40000000000146,125.0,111.60000000000218
RESERVOIR - WEST,129.0,216.0,166.0,170.0,128.20000000000073,118.59999999999854,109.0,99.40000000000146,89.79999999999927
PRESTON - EAST,160.0,105.0,139.0,160.0,123.69999999999982,119.79999999999927,115.89999999999964,112.0,108.09999999999945
PRESTON - WEST,118.0,100.0,99.0,93.0,64.29999999999927,53.79999999999927,43.29999999999927,32.79999999999927,22.299999999999272
ELTHAM,141.0,108.0,116.0,110.0,103.0,98.0,93.0,88.0,83.0
CROYDON HILLS - WARRANWOOD,117.0,119.0,100.0,79.0,57.60000000000218,44.400000000001455,31.200000000000728,18.0,4.799999999999272
HURSTBRIDGE,34.0,21.0,27.0,29.0,18.600000000000364,16.199999999999818,13.800000000000182,11.400000000000546,9.0
KINGLAKE,31.0,37.0,23.0,9.0,21.799999999999727,20.0,18.199999999999818,16.399999999999636,14.599999999999909
PANTON HILL - ST ANDREWS,20.0,26.0,21.0,15.0,5.900000000000546,2.0,-1.8999999999996362,-5.799999999999272,-9.699999999999818
PLENTY - YARRAMBAT,44.0,52.0,17.0,17.0,-22.900000000001455,-38.20000000000073,-53.5,-68.79999999999927,-84.09999999999854
RESEARCH - NORTH WARRANDYTE,30.0,46.0,52.0,37.0,45.09999999999991,46.399999999999636,47.69999999999982,49.0,50.29999999999973
WATTLE GLEN - DIAMOND CREEK,84.0,123.0,61.0,69.0,52.0,42.60000000000218,33.20000000000073,23.799999999999272,14.400000000001455
BUNDOORA - NORTH,60.0,70.0,48.0,33.0,15.100000000002183,4.400000000001455,-6.299999999999272,-17.0,-27.700000000000728
LALOR,283.0,250.0,246.0,209.0,102.69999999999709,63.79999999998836,24.89999999999418,-14.0,-52.90000000000873
MILL PARK - NORTH,84.0,96.0,94.0,65.0,51.29999999999927,42.19999999999709,33.099999999998545,24.0,14.899999999997817
MILL PARK - SOUTH,88.0,98.0,101.0,72.0,74.39999999999964,70.0,65.60000000000036,61.20000000000073,56.80000000000109
THOMASTOWN,182.0,162.0,108.0,142.0,82.0,63.200000000004366,44.400000000001455,25.599999999998545,6.80000000000291
DOREEN,455.0,392.0,426.0,447.0,359.5,342.0,324.5,307.0,289.5
EPPING - EAST,91.0,57.0,66.0,50.0,30.5,20.200000000000728,9.900000000001455,-0.3999999999978172,-10.69999999999709
EPPING - SOUTH,65.0,86.0,-29.0,-17.0,-65.69999999999709,-93.19999999999709,-120.69999999999709,-148.1999999999971,-175.6999999999971
EPPING - WEST,245.0,250.0,221.0,195.0,136.29999999999563,111.19999999999709,86.09999999999854,61.0,35.900000000001455
COBURG NORTH,59.0,42.0,63.0,68.0,47.59999999999991,45.59999999999991,43.59999999999991,41.59999999999991,39.59999999999991
CROYDON - EAST,153.0,156.0,133.0,152.0,123.40000000000146,116.80000000000109,110.20000000000073,103.60000000000036,97.0
MERNDA,396.0,431.0,455.0,395.0,350.1999999999971,333.1999999999971,316.1999999999971,299.1999999999971,282.1999999999971
KILSYTH,28.0,11.0,60.0,33.0,63.400000000001455,71.79999999999927,80.20000000000073,88.60000000000218,97.0
SOUTH MORANG (NORTH),190.0,174.0,125.0,133.0,86.90000000000146,67.0,47.099999999998545,27.19999999999709,7.299999999995634
FAWKNER,134.0,108.0,108.0,112.0,96.40000000000146,90.80000000000109,85.20000000000073,79.60000000000036,74.0
SOUTH MORANG (SOUTH),51.0,41.0,12.0,23.0,10.200000000000728,3.399999999999636,-3.399999999999636,-10.199999999998909,-17.0
PASCOE VALE,205.0,256.0,237.0,266.0,220.0,216.80000000000018,213.60000000000036,210.40000000000055,207.20000000000073
WOLLERT,315.0,308.0,377.0,418.0,476.40000000000873,511.6000000000058,546.8000000000029,582.0,617.1999999999971
AIRPORT WEST,42.0,62.0,79.0,58.0,69.80000000000018,73.0,76.19999999999982,79.39999999999964,82.59999999999945
LILYDALE - COLDSTREAM,90.0,132.0,149.0,93.0,85.5,78.19999999999891,70.89999999999964,63.600000000000364,56.29999999999927
KEILOR,36.0,25.0,19.0,18.0,20.700000000000273,19.0,17.300000000000182,15.600000000000364,13.900000000000091
GLENROY,204.0,234.0,233.0,200.0,192.79999999999927,186.39999999999964,180.0,173.60000000000036,167.20000000000073
MONBULK - SILVAN,41.0,28.0,38.0,25.0,27.300000000000182,25.40000000000009,23.5,21.59999999999991,19.699999999999818
KEILOR EAST,67.0,18.0,26.0,30.0,-32.400000000001455,-50.60000000000582,-68.80000000000291,-87.0,-105.20000000000437
NIDDRIE - ESSENDON WEST,58.0,56.0,41.0,30.0,32.0,27.19999999999891,22.399999999999636,17.600000000000364,12.799999999999272
STRATHMORE,41.0,42.0,27.0,14.0,5.400000000001455,-2.1999999999989086,-9.799999999999272,-17.399999999999636,-25.0
GISBORNE,105.0,71.0,85.0,54.0,31.700000000000728,18.200000000000728,4.700000000000728,-8.799999999999272,-22.299999999999272
GOWANBRAE,32.0,32.0,25.0,35.0,13.700000000000728,9.399999999999636,5.100000000000364,0.8000000000010914,-3.5
HADFIELD,45.0,47.0,81.0,55.0,69.80000000000018,73.80000000000018,77.80000000000018,81.80000000000018,85.80000000000018
MACEDON,22.0,19.0,12.0,15.0,12.0,10.400000000000091,8.800000000000182,7.200000000000273,5.600000000000364
RIDDELLS CREEK,28.0,16.0,29.0,20.0,20.59999999999991,19.799999999999955,19.0,18.200000000000045,17.40000000000009
ROMSEY,85.0,56.0,59.0,92.0,79.80000000000018,81.80000000000018,83.80000000000018,85.80000000000018,87.80000000000018
SUNBURY,62.0,77.0,101.0,49.0,66.59999999999991,65.0,63.40000000000009,61.80000000000018,60.20000000000027
BROADMEADOWS,147.0,201.0,206.0,141.0,135.1999999999971,125.39999999999782,115.59999999999854,105.79999999999927,96.0
CAMPBELLFIELD - COOLAROO,172.0,188.0,151.0,138.0,82.79999999999563,61.19999999999709,39.599999999998545,18.0,-3.599999999998545
YARRA VALLEY,74.0,97.0,86.0,58.0,63.70000000000073,59.20000000000073,54.70000000000073,50.20000000000073,45.70000000000073
GLADSTONE PARK - WESTMEADOWS,103.0,135.0,104.0,65.0,76.20000000000073,68.0,59.79999999999927,51.599999999998545,43.39999999999782
GREENVALE - BULLA,186.0,197.0,212.0,260.0,230.29999999999927,237.39999999999964,244.5,251.60000000000036,258.7000000000007
MEADOW HEIGHTS,221.0,233.0,142.0,180.0,98.69999999999709,72.19999999999709,45.69999999999709,19.19999999999709,-7.30000000000291
MELBOURNE AIRPORT,0.0,0.0,0.0,0.0,0.0,0.0,0.0,0.0,0.0
BEACONSFIELD - OFFICER,235.0,251.0,335.0,346.0,407.3000000000029,441.3999999999942,475.5,509.6000000000058,543.6999999999971
BUNYIP - GARFIELD,26.0,44.0,63.0,50.0,60.399999999999636,65.20000000000073,70.0,74.79999999999927,79.60000000000036
ROXBURGH PARK - SOMERTON,222.0,298.0,276.0,239.0,209.70000000000073,197.8000000000029,185.90000000000146,174.0,162.10000000000218
TULLAMARINE,63.0,49.0,62.0,45.0,32.0,25.80000000000109,19.600000000000364,13.399999999999636,7.200000000000728
CRAIGIEBURN - CENTRAL,91.0,119.0,87.0,96.0,85.10000000000036,81.60000000000036,78.10000000000036,74.60000000000036,71.10000000000036
EMERALD - COCKATOO,112.0,85.0,107.0,91.0,91.19999999999982,88.79999999999927,86.39999999999964,84.0,81.59999999999945
KOO WEE RUP,47.0,53.0,70.0,74.0,100.5,111.60000000000218,122.70000000000073,133.79999999999927,144.90000000000146
CRAIGIEBURN - NORTH,192.0,227.0,194.0,162.0,145.10000000000218,131.40000000000146,117.70000000000073,104.0,90.29999999999927
PEARCEDALE - TOORADIN,64.0,41.0,53.0,67.0,57.59999999999991,58.200000000000045,58.799999999999955,59.399999999999864,60.0
CRAIGIEBURN - SOUTH,298.0,335.0,304.0,345.0,306.1999999999998,304.0,301.8000000000002,299.60000000000036,297.40000000000055
CRAIGIEBURN - WEST,383.0,394.0,392.0,369.0,375.10000000000036,372.1999999999998,369.3000000000002,366.40000000000055,363.5
MICKLEHAM - YUROKE,120.0,166.0,322.0,429.0,623.8999999999942,728.5999999999767,833.2999999999884,938.0,1042.6999999999825
BAYSWATER,91.0,83.0,87.0,48.0,31.899999999997817,19.0,6.099999999998545,-6.80000000000291,-19.700000000000728
LYSTERFIELD,26.0,28.0,36.0,23.0,31.09999999999991,31.799999999999955,32.5,33.200000000000045,33.90000000000009
ROWVILLE - CENTRAL,118.0,118.0,129.0,93.0,45.299999999995634,27.19999999999709,9.099999999998545,-9.0,-27.099999999998545
ROWVILLE - NORTH,74.0,44.0,61.0,48.0,24.599999999998545,15.799999999999272,7.0,-1.7999999999992724,-10.599999999998545
ROWVILLE - SOUTH,69.0,69.0,75.0,55.0,43.19999999999891,36.79999999999927,30.399999999999636,24.0,17.600000000000364
FERNTREE GULLY (SOUTH) - UPPER FERNTREE GULLY,69.0,111.0,88.0,81.0,65.0,59.600000000000364,54.20000000000073,48.80000000000109,43.400000000001455
WANTIRNA,50.0,34.0,-5.0,19.0,6.700000000000728,0.6000000000003638,-5.5,-11.600000000000364,-17.700000000000728
THE BASIN,47.0,29.0,36.0,41.0,34.0,32.79999999999973,31.59999999999991,30.40000000000009,29.199999999999818
WANTIRNA SOUTH,-9.0,-25.0,7.0,-28.0,-28.899999999999636,-33.0,-37.100000000000364,-41.20000000000073,-45.30000000000109
BORONIA,141.0,71.0,124.0,53.0,45.400000000001455,29.799999999999272,14.200000000000728,-1.3999999999978172,-17.0
FERNTREE GULLY (NORTH),43.0,90.0,44.0,65.0,49.5,47.0,44.5,42.0,39.5
DONVALE - PARK ORCHARDS,2.0,3.0,-26.0,-14.0,-28.5,-34.399999999999636,-40.29999999999927,-46.19999999999891,-52.099999999998545
WARRANDYTE - WONGA PARK,11.0,14.0,19.0,-12.0,8.0,7.2000000000000455,6.400000000000091,5.600000000000136,4.800000000000182
BAYSWATER NORTH,34.0,54.0,68.0,26.0,38.0,36.0,34.0,32.0,30.0
RINGWOOD,126.0,95.0,75.0,115.0,67.79999999999927,58.400000000001455,49.0,39.599999999998545,30.200000000000728
RINGWOOD EAST,136.0,144.0,135.0,110.0,71.59999999999854,55.599999999998545,39.599999999998545,23.599999999998545,7.599999999998545
RINGWOOD NORTH,29.0,27.0,15.0,21.0,-8.799999999999272,-17.19999999999709,-25.599999999998545,-34.0,-42.39999999999782
NARRE WARREN SOUTH (EAST),118.0,106.0,93.0,80.0,83.20000000000073,77.60000000000036,72.0,66.39999999999964,60.79999999999927
CROYDON - WEST,72.0,39.0,54.0,16.0,0.5,-12.600000000002183,-25.700000000000728,-38.79999999999927,-51.900000000001455
CROYDON SOUTH,49.0,57.0,37.0,39.0,32.0,28.0,24.0,20.0,16.0
FOREST HILL,5.0,39.0,14.0,6.0,7.900000000000546,5.600000000000364,3.300000000000182,1.0,-1.300000000000182
NARRE WARREN SOUTH (WEST),213.0,184.0,203.0,157.0,145.09999999999854,132.20000000000073,119.29999999999927,106.39999999999782,93.5
MITCHAM (VIC.),174.0,145.0,120.0,127.0,106.59999999999854,95.79999999999927,85.0,74.20000000000073,63.400000000001455
NUNAWADING,91.0,92.0,63.0,51.0,26.900000000001455,13.200000000000728,-0.5,-14.200000000000728,-27.900000000001455
VERMONT,56.0,74.0,28.0,24.0,2.2000000000007276,-10.400000000001455,-23.0,-35.599999999998545,-48.20000000000073
VERMONT SOUTH,-18.0,-39.0,-40.0,-51.0,-59.19999999999891,-66.0,-72.79999999999927,-79.59999999999854,-86.39999999999964
CHIRNSIDE PARK,87.0,97.0,111.0,99.0,116.80000000000109,122.0,127.20000000000073,132.40000000000146,137.60000000000036
BELGRAVE - SELBY,77.0,75.0,83.0,63.0,61.0,57.19999999999982,53.399999999999636,49.599999999999454,45.79999999999927
HEALESVILLE - YARRA GLEN,35.0,52.0,57.0,-1.0,18.100000000000364,12.400000000001455,6.700000000000728,1.0,-4.699999999998909
MONTROSE,2.0,30.0,-10.0,14.0,-13.199999999998909,-18.799999999999272,-24.399999999999636,-30.0,-35.600000000000364
MOOROOLBARK,212.0,204.0,220.0,206.0,177.0,168.60000000000218,160.20000000000073,151.79999999999927,143.40000000000146
MOUNT DANDENONG - OLINDA,73.0,45.0,55.0,59.0,34.0,27.600000000000364,21.200000000000728,14.800000000001091,8.400000000001455
SEDDON - KINGSVILLE,151.0,113.0,117.0,115.0,85.20000000000073,74.20000000000073,63.20000000000073,52.20000000000073,41.20000000000073
MOUNT EVELYN,116.0,73.0,97.0,77.0,68.20000000000073,61.399999999999636,54.600000000000364,47.80000000000109,41.0
UPWEY - TECOMA,76.0,71.0,108.0,59.0,70.39999999999964,68.19999999999982,66.0,63.80000000000018,61.600000000000364
WANDIN - SEVILLE,61.0,70.0,74.0,74.0,61.19999999999982,59.59999999999991,58.0,56.40000000000009,54.80000000000018
PAKENHAM - NORTH,338.0,359.0,360.0,374.0,317.5,308.7999999999993,300.09999999999854,291.3999999999978,282.6999999999971
PAKENHAM - SOUTH,388.0,376.0,378.0,324.0,279.20000000000437,255.0,230.8000000000029,206.60000000000582,182.40000000000146
NARRE WARREN - NORTH EAST,140.0,168.0,129.0,128.0,93.79999999999927,81.0,68.20000000000073,55.400000000001455,42.60000000000218
BERWICK - NORTH,75.0,-14.0,35.0,1.0,-8.30000000000291,-18.600000000002183,-28.900000000001455,-39.20000000000073,-49.5
CRANBOURNE NORTH,393.0,346.0,395.0,374.0,326.1999999999971,313.3999999999978,300.59999999999854,287.7999999999993,275.0
BERWICK - SOUTH,332.0,318.0,282.0,246.0,214.79999999999563,191.1999999999971,167.59999999999854,144.0,120.40000000000146
ENDEAVOUR HILLS - NORTH,69.0,108.0,88.0,44.0,27.600000000002183,14.0,0.4000000000014552,-13.19999999999709,-26.799999999999272
DOVETON,112.0,118.0,110.0,87.0,84.10000000000036,77.40000000000146,70.70000000000073,64.0,57.30000000000109
HALLAM,105.0,61.0,71.0,52.0,12.900000000001455,-3.8000000000029104,-20.5,-37.19999999999709,-53.900000000001455
ENDEAVOUR HILLS - SOUTH,126.0,138.0,118.0,111.0,76.5,64.0,51.5,39.0,26.5
CRANBOURNE SOUTH,66.0,90.0,104.0,195.0,307.6999999999971,361.1999999999971,414.6999999999971,468.1999999999971,521.6999999999971
NARRE WARREN NORTH,-19.0,-5.0,-8.0,1.0,-8.200000000000045,-7.599999999999909,-7.0,-6.400000000000091,-5.7999999999999545
CRANBOURNE WEST,365.0,400.0,393.0,347.0,309.3000000000029,291.8000000000029,274.3000000000029,256.8000000000029,239.3000000000029
NARRE WARREN - SOUTH WEST,159.0,169.0,134.0,128.0,96.69999999999709,82.39999999999782,68.09999999999854,53.79999999999927,39.5
CRANBOURNE,259.0,221.0,219.0,216.0,184.5,171.79999999999927,159.09999999999854,146.39999999999782,133.6999999999971
CRANBOURNE EAST,602.0,769.0,892.0,1098.0,1277.7000000000116,1407.2000000000116,1536.7000000000116,1666.2000000000116,1795.7000000000116
CLARINDA - OAKLEIGH SOUTH,41.0,16.0,33.0,25.0,-4.5,-13.200000000000728,-21.900000000001455,-30.600000000002183,-39.30000000000291
CLAYTON SOUTH,154.0,131.0,141.0,133.0,104.0,94.39999999999782,84.79999999999927,75.20000000000073,65.59999999999854
DANDENONG,388.0,391.0,295.0,253.0,187.1999999999971,144.79999999998836,102.39999999999418,60.0,17.59999999999127
WEST FOOTSCRAY - TOTTENHAM,148.0,163.0,149.0,148.0,129.09999999999854,123.19999999999891,117.29999999999927,111.39999999999964,105.5
DANDENONG NORTH,141.0,177.0,178.0,127.0,93.0,76.79999999999927,60.599999999998545,44.400000000001455,28.19999999999709
DINGLEY VILLAGE,30.0,-17.0,37.0,19.0,12.200000000000045,11.200000000000045,10.200000000000045,9.200000000000045,8.200000000000045
KEYSBOROUGH,224.0,298.0,276.0,247.0,228.10000000000036,220.40000000000146,212.70000000000073,205.0,197.3000000000011
NOBLE PARK NORTH,48.0,58.0,76.0,51.0,44.5,41.400000000000546,38.30000000000018,35.19999999999982,32.100000000000364
SPRINGVALE,226.0,146.0,171.0,147.0,66.69999999999709,37.599999999998545,8.5,-20.599999999998545,-49.69999999999709
SPRINGVALE SOUTH,91.0,88.0,85.0,83.0,34.89999999999782,21.599999999998545,8.299999999999272,-5.0,-18.299999999999272
NOBLE PARK - EAST,151.0,163.0,130.0,86.0,77.90000000000146,61.400000000001455,44.900000000001455,28.400000000001455,11.900000000001455
MOUNT WAVERLEY - NORTH,30.0,44.0,52.0,48.0,40.4,40.4,40.4,40.4,40.4
NOBLE PARK - WEST,150.0,155.0,100.0,100.0,87.29999999999927,75.0,62.70000000000073,50.400000000001455,38.10000000000218
ASHWOOD - CHADSTONE,149.0,139.0,90.0,90.0,39.89999999999418,17.799999999995634,-4.30000000000291,-26.400000000001455,-48.5
CLAYTON,84.0,71.0,-14.0,14.0,-3.7000000000007276,-18.0,-32.29999999999927,-46.599999999998545,-60.89999999999782
MOUNT WAVERLEY - SOUTH,50.0,49.0,39.0,26.0,3.099999999998545,-7.400000000001455,-17.900000000001455,-28.400000000001455,-38.900000000001455
GLEN WAVERLEY - EAST,52.0,28.0,20.0,-19.0,-41.10000000000582,-59.200000000004366,-77.30000000000291,-95.40000000000146,-113.5
GLEN WAVERLEY - WEST,44.0,6.0,4.0,-20.0,-53.0,-70.79999999999563,-88.59999999999854,-106.40000000000146,-124.19999999999709
MULGRAVE,79.0,97.0,52.0,62.0,33.70000000000073,22.80000000000291,11.900000000001455,1.0,-9.899999999997817
OAKLEIGH - HUNTINGDALE,129.0,94.0,134.0,77.0,96.29999999999927,91.79999999999927,87.29999999999927,82.79999999999927,78.29999999999927
CAIRNLEA,95.0,117.0,78.0,57.0,48.0,36.39999999999782,24.799999999999272,13.200000000000728,1.5999999999985448
WHEELERS HILL,-60.0,-66.0,-83.0,-92.0,-120.0,-132.60000000000218,-145.20000000000073,-157.79999999999927,-170.40000000000146
ARDEER - ALBION,65.0,74.0,85.0,72.0,41.20000000000073,33.399999999999636,25.600000000000364,17.80000000000109,10.0
DEER PARK - DERRIMUT,412.0,419.0,356.0,324.0,244.90000000000873,207.60000000000582,170.3000000000029,133.0,95.69999999999709
DELAHEY,45.0,37.0,64.0,51.0,28.600000000000364,24.0,19.399999999999636,14.799999999999272,10.199999999998909
KEILOR DOWNS,98.0,95.0,67.0,47.0,26.599999999998545,11.799999999999272,-3.0,-17.799999999999272,-32.599999999998545
KINGS PARK (VIC.),106.0,146.0,144.0,118.0,105.19999999999891,99.79999999999927,94.39999999999964,89.0,83.60000000000036
ST ALBANS - NORTH,230.0,229.0,221.0,161.0,137.0,116.0,95.0,74.0,53.0
ST ALBANS - SOUTH,141.0,168.0,83.0,67.0,27.30000000000291,1.5999999999985448,-24.099999999998545,-49.799999999995634,-75.5
SUNSHINE,97.0,88.0,77.0,69.0,59.100000000000364,52.0,44.899999999999636,37.79999999999927,30.69999999999891
SUNSHINE NORTH,75.0,86.0,45.0,77.0,48.899999999999636,43.0,37.100000000000364,31.200000000000728,25.30000000000109
SUNSHINE WEST,147.0,147.0,116.0,144.0,86.5,73.0,59.5,46.0,32.5
SYDENHAM,52.0,32.0,51.0,39.0,21.69999999999891,16.0,10.299999999999272,4.599999999998545,-1.1000000000003638
ALTONA,75.0,71.0,103.0,60.0,65.5,62.400000000000546,59.30000000000018,56.19999999999982,53.100000000000364
TAYLORS LAKES,78.0,75.0,91.0,85.0,62.79999999999927,58.399999999999636,54.0,49.600000000000364,45.20000000000073
FOOTSCRAY,95.0,79.0,70.0,68.0,71.69999999999982,69.0,66.30000000000018,63.600000000000364,60.900000000000546
ALTONA MEADOWS,116.0,115.0,117.0,106.0,51.29999999999927,35.400000000001455,19.5,3.599999999998545,-12.299999999999272
ALTONA NORTH,89.0,103.0,81.0,103.0,65.0,58.0,51.0,44.0,37.0
YARRAVILLE,163.0,188.0,188.0,133.0,128.10000000000218,117.0,105.90000000000146,94.80000000000291,83.70000000000073
NEWPORT,244.0,244.0,208.0,219.0,197.90000000000146,188.79999999999927,179.70000000000073,170.60000000000218,161.5
SEABROOK,47.0,48.0,63.0,42.0,38.80000000000018,36.0,33.19999999999982,30.399999999999636,27.599999999999454
MARIBYRNONG,133.0,129.0,119.0,131.0,102.40000000000146,95.80000000000109,89.20000000000073,82.60000000000036,76.0
WILLIAMSTOWN,72.0,57.0,47.0,24.0,14.099999999998545,3.2000000000007276,-7.700000000000728,-18.600000000002183,-29.5
BRAYBROOK,219.0,193.0,184.0,172.0,131.90000000000146,115.0,98.09999999999854,81.19999999999709,64.29999999999563
MELTON SOUTH,309.0,428.0,443.0,493.0,575.8999999999942,622.3999999999942,668.8999999999942,715.3999999999942,761.8999999999942
BURNSIDE,11.0,24.0,-3.0,24.0,3.0,0.4000000000005457,-2.199999999999818,-4.800000000000182,-7.399999999999636
MELTON WEST,324.0,274.0,311.0,296.0,251.59999999999854,238.59999999999854,225.59999999999854,212.59999999999854,199.59999999999854
ROCKBANK - MOUNT COTTRELL,19.0,50.0,130.0,220.0,361.0,433.6000000000058,506.20000000001164,578.8000000000175,651.4000000000233
TAYLORS HILL,236.0,214.0,221.0,197.0,155.70000000000437,139.0,122.30000000000291,105.60000000000582,88.90000000000146
BURNSIDE HEIGHTS,93.0,107.0,76.0,88.0,60.900000000001455,52.80000000000109,44.70000000000073,36.60000000000218,28.5
CAROLINE SPRINGS,296.0,262.0,202.0,202.0,115.19999999999709,79.60000000000582,44.0,8.39999999999418,-27.19999999999709
HOPPERS CROSSING - NORTH,205.0,218.0,177.0,156.0,100.80000000000291,76.40000000000146,52.0,27.599999999998545,3.1999999999970896
HOPPERS CROSSING - SOUTH,211.0,177.0,177.0,172.0,117.69999999999709,99.59999999999854,81.5,63.400000000001455,45.30000000000291
FRANKSTON NORTH,101.0,96.0,38.0,97.0,50.89999999999782,42.0,33.099999999998545,24.19999999999709,15.299999999999272
LAVERTON,175.0,187.0,211.0,191.0,151.40000000000146,142.40000000000146,133.40000000000146,124.40000000000146,115.40000000000146
TARNEIT,853.0,941.0,975.0,992.0,1022.1000000000058,1048.2000000000044,1074.300000000003,1100.4000000000015,1126.5
TRUGANINA,734.0,754.0,760.0,811.0,785.2999999999993,793.3999999999996,801.5,809.5999999999985,817.7000000000007
WERRIBEE - SOUTH,22.0,19.0,38.0,80.0,59.29999999999927,66.60000000000036,73.89999999999964,81.19999999999891,88.5
WYNDHAM VALE,405.0,477.0,474.0,456.0,492.2999999999993,504.0,515.7000000000007,527.4000000000015,539.1000000000022
POINT COOK - EAST,239.0,260.0,333.0,298.0,313.2000000000007,324.0,334.7999999999993,345.59999999999854,356.3999999999978
POINT COOK - NORTH,315.0,313.0,324.0,248.0,190.70000000000437,161.0,131.3000000000029,101.60000000000582,71.90000000000146
POINT COOK - SOUTH,344.0,341.0,319.0,287.0,253.1999999999971,233.40000000000146,213.59999999999854,193.79999999999563,174.0
WERRIBEE - EAST,132.0,216.0,132.0,160.0,60.799999999995634,36.0,11.19999999999709,-13.60000000000582,-38.400000000001455
WERRIBEE - WEST,152.0,181.0,225.0,304.0,404.5,458.0,511.5,565.0,618.5
CARRUM DOWNS,182.0,175.0,175.0,197.0,170.40000000000055,168.0,165.60000000000036,163.20000000000073,160.80000000000018
FRANKSTON,137.0,139.0,62.0,107.0,56.39999999999782,40.599999999998545,24.799999999999272,9.0,-6.799999999999272
FRANKSTON SOUTH,32.0,2.0,-1.0,-9.0,-30.5,-41.20000000000073,-51.900000000001455,-62.60000000000218,-73.30000000000291
LANGWARRIN,233.0,236.0,179.0,184.0,163.0,149.20000000000073,135.40000000000146,121.60000000000218,107.80000000000291
SEAFORD (VIC.),193.0,187.0,124.0,129.0,107.79999999999927,92.0,76.20000000000073,60.400000000001455,44.60000000000218
SKYE - SANDHURST,186.0,156.0,160.0,125.0,86.10000000000582,66.20000000000437,46.30000000000291,26.400000000001455,6.5
DROMANA,2.0,-42.0,-13.0,-10.0,-21.800000000000182,-23.40000000000009,-25.0,-26.59999999999991,-28.199999999999818
FLINDERS,-20.0,-9.0,-18.0,-29.0,-5.199999999999818,-2.199999999999818,0.8000000000001819,3.800000000000182,6.800000000000182
HASTINGS - SOMERS,127.0,126.0,117.0,61.0,64.89999999999782,51.599999999998545,38.29999999999927,25.0,11.700000000000728
ROSEBUD - MCCRAE,-147.0,-147.0,-135.0,-157.0,-162.39999999999964,-166.59999999999854,-170.79999999999927,-175.0,-179.1999999999989
MORNINGTON,-56.0,-47.0,-70.0,-67.0,-118.79999999999927,-134.1999999999971,-149.59999999999854,-165.0,-180.39999999999782
STAWELL,-27.0,-17.0,-7.0,-6.0,21.700000000000728,31.599999999998545,41.5,51.400000000001455,61.29999999999927
WEST WIMMERA,1.0,-3.0,-5.0,13.0,0.6000000000000227,0.8000000000000114,1.0,1.1999999999999886,1.3999999999999773
YARRIAMBIACK,-43.0,-28.0,-55.0,-46.0,-39.59999999999991,-39.19999999999993,-38.799999999999955,-38.39999999999998,-38.0
MOUNT ELIZA,2.0,8.0,1.0,0.0,1.0,0.3999999999998636,-0.20000000000004547,-0.7999999999999545,-1.400000000000091
RED CLIFFS,32.0,28.0,8.0,23.0,-5.700000000000728,-13.399999999999636,-21.100000000000364,-28.80000000000109,-36.5
MOUNT MARTHA,32.0,37.0,44.0,-23.0,-26.399999999997817,-40.599999999998545,-54.79999999999927,-69.0,-83.20000000000073
POINT NEPEAN,43.0,49.0,56.0,0.0,5.899999999997817,-3.400000000001455,-12.700000000000728,-22.0,-31.299999999999272
GANNAWARRA,2.0,-4.0,-22.0,-29.0,-21.699999999999818,-25.199999999999818,-28.699999999999818,-32.19999999999982,-35.69999999999982
SOMERVILLE,76.0,94.0,108.0,105.0,104.69999999999982,108.19999999999982,111.69999999999982,115.19999999999982,118.69999999999982
LOCKINGTON - GUNBOWER,3.0,11.0,0.0,33.0,24.600000000000364,28.799999999999272,33.0,37.20000000000073,41.399999999999636
ARARAT,-27.0,-23.0,-5.0,-3.0,-15.799999999999955,-15.0,-14.200000000000045,-13.400000000000091,-12.600000000000136
ARARAT REGION,9.0,9.0,2.0,7.0,7.4,7.4,7.4,7.4,7.4
HORSHAM,60.0,62.0,72.0,60.0,27.0,18.0,9.0,0.0,-9.0
HORSHAM REGION,3.0,6.0,3.0,-13.0,-2.900000000000091,-4.199999999999818,-5.5,-6.800000000000182,-8.099999999999909
NHILL REGION,-18.0,5.0,-45.0,-27.0,-30.200000000000728,-33.400000000000546,-36.600000000000364,-39.80000000000018,-43.0
ST ARNAUD,-12.0,-15.0,-8.0,5.0,-6.400000000000091,-5.400000000000091,-4.400000000000091,-3.400000000000091,-2.400000000000091
IRYMPLE,33.0,37.0,49.0,30.0,38.299999999999955,38.60000000000002,38.89999999999998,39.19999999999993,39.5
MERBEIN,0.0,3.0,-9.0,-14.0,-19.5,-23.80000000000109,-28.100000000000364,-32.399999999999636,-36.70000000000073
MILDURA REGION,-2.0,-3.0,6.0,1.0,7.599999999999909,9.599999999999909,11.599999999999909,13.599999999999909,15.599999999999909
MILDURA - NORTH,165.0,88.0,100.0,68.0,15.19999999999709,-10.80000000000291,-36.80000000000291,-62.80000000000291,-88.80000000000291
MILDURA - SOUTH,101.0,71.0,75.0,74.0,24.5,9.600000000002183,-5.299999999999272,-20.200000000000728,-35.099999999998545
BULOKE,-64.0,-23.0,-33.0,-10.0,-0.5,9.399999999997817,19.299999999999272,29.200000000000728,39.099999999998545
KERANG,-18.0,-28.0,-17.0,-24.0,-16.59999999999991,-15.399999999999636,-14.199999999999818,-13.0,-11.799999999999727
ROBINVALE,44.0,30.0,31.0,44.0,26.800000000000182,24.200000000000728,21.600000000000364,19.0,16.400000000000546
SHEPPARTON REGION - EAST,19.0,21.0,14.0,21.0,18.0,17.80000000000001,17.600000000000023,17.400000000000034,17.200000000000045
SHEPPARTON REGION - WEST,20.0,48.0,36.0,29.0,33.69999999999993,34.0,34.299999999999955,34.59999999999991,34.89999999999998
SWAN HILL,71.0,80.0,46.0,60.0,51.600000000000364,47.600000000000364,43.600000000000364,39.600000000000364,35.600000000000364
SWAN HILL REGION,22.0,18.0,14.0,13.0,18.69999999999999,18.80000000000001,18.900000000000006,19.0,19.099999999999994
ECHUCA,-3.0,2.0,-19.0,-27.0,-5.899999999999977,-5.599999999999909,-5.2999999999999545,-5.0,-4.699999999999932
KYABRAM,-4.0,-26.0,24.0,1.0,7.900000000000546,11.0,14.100000000000364,17.200000000000728,20.300000000000182
ROCHESTER,5.0,-7.0,-23.0,-15.0,-28.599999999998545,-34.19999999999891,-39.79999999999927,-45.399999999999636,-51.0
RUSHWORTH,-6.0,-4.0,-2.0,-24.0,-6.4,-6.400000000000001,-6.400000000000001,-6.400000000000001,-6.400000000000001
COBRAM,5.0,18.0,0.0,-7.0,-24.900000000001455,-32.80000000000109,-40.70000000000073,-48.600000000000364,-56.5
MOIRA,8.0,18.0,17.0,11.0,12.699999999999989,12.599999999999994,12.5,12.400000000000006,12.300000000000011
NUMURKAH,19.0,40.0,34.0,31.0,11.5,7.0,2.5,-2.0,-6.5
GLENELG (VIC.),-5.0,-6.0,-25.0,-1.0,-6.899999999999977,-6.399999999999977,-5.899999999999977,-5.399999999999977,-4.899999999999977
YARRAWONGA,-66.0,-56.0,-52.0,-34.0,-39.399999999999636,-35.0,-30.600000000000364,-26.200000000000728,-21.80000000000109
MOOROOPNA,2.0,34.0,28.0,55.0,40.100000000000364,44.600000000000364,49.100000000000364,53.600000000000364,58.100000000000364
SHEPPARTON - NORTH,113.0,121.0,56.0,67.0,8.19999999999709,-14.599999999998545,-37.400000000001455,-60.200000000004366,-83.0
SHEPPARTON - SOUTH,188.0,203.0,174.0,162.0,138.70000000000073,126.59999999999854,114.5,102.40000000000146,90.29999999999927
HAMILTON (VIC.),-16.0,15.0,-4.0,-18.0,-12.900000000000546,-15.0,-17.100000000000364,-19.200000000000728,-21.300000000000182
PORTLAND,1.0,-18.0,22.0,-16.0,-13.399999999999636,-16.199999999999818,-19.0,-21.800000000000182,-24.600000000000364
SOUTHERN GRAMPIANS,13.0,18.0,8.0,-12.0,-23.399999999997817,-32.0,-40.599999999998545,-49.19999999999709,-57.79999999999927
COLAC,-9.0,35.0,9.0,-22.0,-21.899999999999636,-29.0,-36.100000000000364,-43.20000000000073,-50.30000000000109
CAMPERDOWN,-18.0,-8.0,-34.0,-16.0,-21.200000000000045,-22.0,-22.799999999999955,-23.59999999999991,-24.399999999999864
WARRNAMBOOL - NORTH,104.0,84.0,91.0,69.0,85.09999999999991,83.39999999999964,81.69999999999982,80.0,78.29999999999973
WARRNAMBOOL - SOUTH,-13.0,-18.0,-17.0,0.0,-16.399999999999864,-17.0,-17.59999999999991,-18.199999999999818,-18.799999999999955
