suburb,net_overseas_migration_2016_17,net_overseas_migration_2017_18,net_overseas_migration_2018_19,net_overseas_migration_2019_20,net_overseas_migration_2020_21,net_overseas_migration_2021_22,net_overseas_migration_2022_23,net_overseas_migration_2023_24,net_overseas_migration_2024_25
GORDON (VIC.),7.0,7.0,6.0,5.0,0.1999999999998181,-1.400000000000091,-3.0,-4.599999999999909,-6.199999999999818
AVOCA,5.0,4.0,4.0,3.0,-0.900000000000091,-2.199999999999818,-3.5,-4.800000000000182,-6.099999999999909
BEAUFORT,6.0,6.0,6.0,4.0,0.20000000000027285,-1.199999999999818,-2.599999999999909,-4.0,-5.400000000000091
GOLDEN PLAINS - NORTH,5.0,5.0,6.0,4.0,-0.09999999999990905,-1.3999999999996362,-2.699999999999818,-4.0,-5.299999999999727
YACKANDANDAH,9.0,9.0,8.0,8.0,-0.5,-2.800000000000182,-5.100000000000364,-7.400000000000546,-9.700000000000728
DROUIN,32.0,33.0,32.0,24.0,-2.5,-11.0,-19.5,-28.0,-36.5
MOUNT BAW BAW REGION,14.0,13.0,12.0,10.0,-1.9000000000005457,-5.600000000000364,-9.300000000000182,-13.0,-16.699999999999818
TRAFALGAR (VIC.),16.0,14.0,14.0,10.0,-1.6000000000003638,-5.600000000000364,-9.600000000000364,-13.600000000000364,-17.600000000000364
WARRAGUL,70.0,74.0,74.0,56.0,-3.0,-21.400000000001455,-39.80000000000291,-58.200000000004366,-76.60000000000582
BAIRNSDALE,44.0,33.0,32.0,24.0,-7.299999999999272,-18.19999999999709,-29.099999999998545,-40.0,-50.89999999999782
BRUTHEN - OMEO,19.0,19.0,20.0,14.0,-0.9000000000014552,-5.800000000001091,-10.700000000000728,-15.600000000000364,-20.5
LAKES ENTRANCE,20.0,20.0,21.0,14.0,-2.0,-7.399999999999636,-12.799999999999272,-18.19999999999891,-23.599999999998545
ORBOST,14.0,13.0,12.0,10.0,-1.9000000000005457,-5.600000000000364,-9.300000000000182,-13.0,-16.699999999999818
PAYNESVILLE,11.0,11.0,10.0,8.0,-1.0999999999994543,-4.0,-6.899999999999636,-9.799999999999272,-12.699999999999818
FOSTER,26.0,27.0,26.0,20.0,-1.1000000000003638,-7.799999999999272,-14.5,-21.200000000000728,-27.899999999999636
FRENCH ISLAND,0.0,0.0,0.0,0.0,0.0,0.0,0.0,0.0,0.0
KORUMBURRA,30.0,16.0,17.0,11.0,-7.099999999998545,-14.199999999998909,-21.299999999999272,-28.399999999999636,-35.5
LEONGATHA,32.0,31.0,32.0,24.0,-1.5,-9.600000000000364,-17.700000000000728,-25.799999999999272,-33.900000000001455
PHILLIP ISLAND,51.0,52.0,52.0,36.0,-4.399999999997817,-18.0,-31.599999999998545,-45.19999999999709,-58.79999999999927
WONTHAGGI - INVERLOCH,64.0,71.0,70.0,49.0,-3.7999999999956344,-21.19999999999709,-38.599999999998545,-56.0,-73.40000000000146
CHURCHILL,42.0,47.0,45.0,32.0,-2.100000000002183,-13.400000000001455,-24.700000000000728,-36.0,-47.29999999999927
MOE - NEWBOROUGH,38.0,37.0,38.0,28.0,-2.099999999998545,-11.799999999999272,-21.5,-31.200000000000728,-40.900000000001455
MORWELL,43.0,43.0,42.0,30.0,-3.7000000000007276,-15.0,-26.299999999999272,-37.599999999998545,-48.89999999999782
TRARALGON,112.0,112.0,111.0,80.0,-10.599999999998545,-40.39999999999418,-70.19999999999709,-100.0,-129.79999999999563
YALLOURN NORTH - GLENGARRY,4.0,4.0,4.0,2.0,-0.20000000000004547,-1.2000000000000455,-2.2000000000000455,-3.2000000000000455,-4.2000000000000455
ALPS - WEST,0.0,0.0,0.0,0.0,0.0,0.0,0.0,0.0,0.0
LONGFORD - LOCH SPORT,16.0,17.0,17.0,12.0,-1.8999999999996362,-6.399999999999636,-10.899999999999636,-15.399999999999636,-19.899999999999636
MAFFRA,68.0,70.0,70.0,48.0,-5.799999999995634,-24.0,-42.19999999999709,-60.39999999999418,-78.59999999999854
ROSEDALE,17.0,18.0,19.0,12.0,-2.0,-6.800000000001091,-11.600000000000364,-16.399999999999636,-21.200000000000728
NORTH MELBOURNE,1536.0,1263.0,1226.0,860.0,-1125.5,-1738.0,-2350.5,-2963.0,-3575.5
HAWTHORN EAST,329.0,285.0,276.0,192.0,-377.70000000001164,-545.0,-712.2999999999884,-879.5999999999767,-1046.899999999965
PARKVILLE,377.0,302.0,288.0,198.0,-413.20000000001164,-596.2000000000116,-779.2000000000116,-962.2000000000116,-1145.2000000000116
SOUTH YARRA - WEST,164.0,124.0,118.0,80.0,-172.0,-248.60000000000582,-325.20000000001164,-401.80000000001746,-478.4000000000233
CHELTENHAM - HIGHETT (WEST),122.0,114.0,111.0,79.0,-56.09999999999127,-98.39999999999418,-140.6999999999971,-183.0,-225.3000000000029
ORMOND - GLEN HUNTLY,509.0,514.0,516.0,366.0,-247.19999999995343,-433.3999999999651,-619.5999999999767,-805.7999999999884,-992.0
BENTLEIGH EAST (NORTH),243.0,199.0,195.0,138.0,-109.10000000000582,-188.79999999998836,-268.5,-348.20000000001164,-427.8999999999942
SUNBURY - SOUTH,129.0,124.0,123.0,87.0,-13.5,-47.40000000000873,-81.30000000000291,-115.19999999999709,-149.10000000000582
KNOXFIELD - SCORESBY,161.0,163.0,161.0,116.0,-40.09999999999127,-89.39999999999418,-138.6999999999971,-188.0,-237.3000000000029
BRUNSWICK EAST,320.0,293.0,283.0,199.0,-226.0,-355.6000000000058,-485.20000000001164,-614.7999999999884,-744.4000000000233
HAMPTON,221.0,215.0,215.0,151.0,-161.0,-254.0,-347.0,-440.0,-533.0
SOUTHBANK,927.0,766.0,704.0,475.0,-1617.9000000001397,-2219.600000000093,-2821.3000000000466,-3423.0,-4024.6999999999534
ST KILDA EAST,375.0,361.0,356.0,248.0,-274.0999999999767,-431.20000000001164,-588.2999999999884,-745.3999999999651,-902.5
ARMADALE,117.0,103.0,99.0,68.0,-127.30000000000291,-185.20000000001164,-243.10000000000582,-301.0,-358.90000000000873
BACCHUS MARSH,67.0,64.0,64.0,45.0,-17.900000000001455,-38.19999999999709,-58.5,-78.80000000000291,-99.09999999999854
PRAHRAN - WINDSOR,514.0,480.0,470.0,330.0,-366.6000000000349,-577.4000000000233,-788.2000000000116,-999.0,-1209.7999999999884
HILLSIDE,189.0,180.0,179.0,129.0,-48.5,-105.19999999999709,-161.89999999999418,-218.59999999999127,-275.29999999998836
ELSTERNWICK,165.0,150.0,146.0,103.0,-117.89999999999418,-185.0,-252.10000000000582,-319.20000000001164,-386.30000000001746
MELTON,157.0,150.0,147.0,105.0,-41.5,-88.80000000000291,-136.10000000000582,-183.40000000000873,-230.70000000001164
COLAC REGION,14.0,13.0,12.0,10.0,-1.9000000000005457,-5.600000000000364,-9.300000000000182,-13.0,-16.699999999999818
CORANGAMITE - NORTH,14.0,13.0,12.0,10.0,-1.9000000000005457,-5.600000000000364,-9.300000000000182,-13.0,-16.699999999999818
WHITE HILLS - ASCOT,55.0,56.0,56.0,39.0,-14.5,-31.599999999998545,-48.69999999999709,-65.79999999999563,-82.89999999999418
BENDIGO REGION - SOUTH,12.0,11.0,12.0,9.0,-2.199999999999818,-5.600000000000364,-9.0,-12.399999999999636,-15.800000000000182
CORANGAMITE - SOUTH,22.0,24.0,25.0,16.0,-1.3999999999996362,-7.399999999999636,-13.399999999999636,-19.399999999999636,-25.399999999999636
BENDIGO REGION - NORTH,4.0,4.0,4.0,3.0,-0.5,-1.599999999999909,-2.699999999999818,-3.799999999999727,-4.899999999999636
LODDON,14.0,13.0,13.0,9.0,-2.199999999999818,-6.0,-9.800000000000182,-13.600000000000364,-17.400000000000546
BANNOCKBURN,12.0,11.0,12.0,9.0,-0.6000000000003638,-3.600000000000364,-6.600000000000364,-9.600000000000364,-12.600000000000364
GOLDEN PLAINS - SOUTH,16.0,14.0,14.0,10.0,-1.6000000000003638,-5.600000000000364,-9.600000000000364,-13.600000000000364,-17.600000000000364
WINCHELSEA,7.0,7.0,6.0,5.0,-0.599999999999909,-2.399999999999636,-4.199999999999818,-6.0,-7.799999999999727
BRUNSWICK WEST,361.0,340.0,334.0,237.0,-156.29999999998836,-279.6000000000058,-402.8999999999942,-526.1999999999825,-649.5
SOUTH YARRA - EAST,815.0,719.0,686.0,473.0,-883.3999999999069,-1285.7999999999302,-1688.1999999999534,-2090.5999999999767,-2493.0
ALFREDTON,69.0,71.0,70.0,49.0,-17.799999999995634,-39.19999999999709,-60.599999999998545,-82.0,-103.40000000000146
TOORAK,162.0,141.0,134.0,92.0,-175.70000000001164,-255.39999999999418,-335.1000000000058,-414.80000000001746,-494.5
SURREY HILLS (WEST) - CANTERBURY,185.0,164.0,155.0,108.0,-201.39999999999418,-293.0,-384.6000000000058,-476.20000000001164,-567.8000000000175
HUGHESDALE,213.0,186.0,183.0,130.0,-95.79999999998836,-167.39999999999418,-239.0,-310.6000000000058,-382.20000000001164
OTWAY,36.0,35.0,34.0,26.0,-3.7000000000007276,-13.200000000000728,-22.700000000000728,-32.20000000000073,-41.70000000000073
BALLARAT,86.0,86.0,86.0,61.0,-8.099999999998545,-31.0,-53.900000000001455,-76.80000000000291,-99.70000000000437
COBURG,564.0,557.0,563.0,402.0,-133.29999999998836,-303.0,-472.70000000001164,-642.4000000000233,-812.1000000000349
BALLARAT - NORTH,90.0,96.0,94.0,67.0,-6.900000000001455,-31.19999999999709,-55.5,-79.80000000000291,-104.09999999999854
BALLARAT - SOUTH,146.0,151.0,155.0,115.0,-8.19999999999709,-46.79999999998836,-85.39999999999418,-124.0,-162.59999999999127
BACCHUS MARSH REGION,10.0,9.0,10.0,8.0,-0.5,-3.0,-5.5,-8.0,-10.5
CRESWICK - CLUNES,14.0,13.0,12.0,10.0,-1.9000000000005457,-5.600000000000364,-9.300000000000182,-13.0,-16.699999999999818
BUNINYONG,47.0,47.0,47.0,33.0,-4.0,-16.399999999997817,-28.799999999999272,-41.20000000000073,-53.599999999998545
DELACOMBE,19.0,20.0,21.0,14.0,-4.799999999999272,-10.799999999999272,-16.799999999999272,-22.799999999999272,-28.799999999999272
DAYLESFORD,40.0,39.0,38.0,29.0,-3.400000000001455,-13.799999999999272,-24.200000000000728,-34.60000000000218,-45.0
SMYTHES CREEK,0.0,0.0,0.0,0.0,0.0,0.0,0.0,0.0,0.0
WENDOUREE - MINERS REST,84.0,84.0,84.0,59.0,-7.700000000004366,-30.0,-52.30000000000291,-74.60000000000582,-96.90000000000146
MARYBOROUGH (VIC.),12.0,11.0,12.0,9.0,-0.6000000000003638,-3.600000000000364,-6.600000000000364,-9.600000000000364,-12.600000000000364
MARYBOROUGH REGION,8.0,8.0,8.0,5.0,-0.6999999999998181,-2.7999999999992724,-4.899999999999636,-7.0,-9.099999999999454
BENDIGO,100.0,106.0,110.0,78.0,-5.599999999998545,-32.39999999999418,-59.19999999999709,-86.0,-112.79999999999563
CALIFORNIA GULLY - EAGLEHAWK,38.0,37.0,38.0,28.0,-8.5,-19.799999999999272,-31.099999999998545,-42.39999999999782,-53.69999999999709
BELMONT,133.0,134.0,132.0,94.0,-12.39999999999418,-47.80000000000291,-83.19999999999709,-118.59999999999127,-154.0
CORIO - NORLANE,250.0,264.0,272.0,220.0,2.0,-61.40000000000873,-124.80000000000291,-188.1999999999971,-251.60000000000582
EAST BENDIGO - KENNINGTON,68.0,75.0,74.0,51.0,-4.0,-22.400000000001455,-40.80000000000291,-59.200000000004366,-77.60000000000582
FLORA HILL - SPRING GULLY,70.0,75.0,74.0,53.0,-3.8000000000029104,-22.400000000001455,-41.0,-59.599999999998545,-78.19999999999709
MOYNE - EAST,20.0,20.0,21.0,14.0,-2.0,-7.399999999999636,-12.799999999999272,-18.19999999999891,-23.599999999998545
KANGAROO FLAT - GOLDEN SQUARE,101.0,104.0,103.0,78.0,-7.200000000004366,-34.0,-60.80000000000291,-87.60000000000582,-114.40000000000146
MOYNE - WEST,47.0,47.0,45.0,32.0,-4.100000000002183,-16.400000000001455,-28.700000000000728,-41.0,-53.29999999999927
MAIDEN GULLY,12.0,11.0,12.0,9.0,-0.6000000000003638,-3.600000000000364,-6.600000000000364,-9.600000000000364,-12.600000000000364
PASCOE VALE SOUTH,116.0,111.0,109.0,78.0,-31.10000000000582,-66.19999999999709,-101.30000000000291,-136.40000000000873,-171.5
STRATHFIELDSAYE,22.0,24.0,25.0,16.0,-5.399999999999636,-12.399999999999636,-19.399999999999636,-26.399999999999636,-33.399999999999636
KENSINGTON (VIC.),184.0,178.0,177.0,123.0,-137.69999999998254,-215.79999999998836,-293.8999999999942,-372.0,-450.1000000000058
CASTLEMAINE,49.0,50.0,50.0,35.0,-4.299999999999272,-17.400000000001455,-30.5,-43.599999999998545,-56.70000000000073
CASTLEMAINE REGION,19.0,19.0,20.0,14.0,-0.9000000000014552,-5.800000000001091,-10.700000000000728,-15.600000000000364,-20.5
HEATHCOTE,5.0,5.0,6.0,4.0,-0.09999999999990905,-1.3999999999996362,-2.699999999999818,-4.0,-5.299999999999727
KYNETON,38.0,37.0,38.0,28.0,-2.099999999998545,-11.799999999999272,-21.5,-31.200000000000728,-40.900000000001455
WOODEND,24.0,24.0,25.0,19.0,-1.5,-7.800000000001091,-14.100000000000364,-20.399999999999636,-26.700000000000728
GEELONG,191.0,198.0,200.0,143.0,-12.700000000011642,-63.40000000000873,-114.10000000000582,-164.8000000000029,-215.5
GEELONG WEST - HAMLYN HEIGHTS,183.0,194.0,197.0,145.0,-4.69999999999709,-52.19999999999709,-99.69999999999709,-147.1999999999971,-194.6999999999971
GROVEDALE,234.0,196.0,195.0,140.0,-64.20000000001164,-131.60000000000582,-199.0,-266.3999999999942,-333.79999999998836
LEOPOLD,48.0,48.0,47.0,34.0,-4.0,-16.600000000002183,-29.200000000000728,-41.79999999999927,-54.400000000001455
HIGHTON,270.0,271.0,269.0,192.0,-67.70000000001164,-150.20000000001164,-232.70000000001164,-315.20000000001164,-397.70000000001164
LARA,102.0,102.0,100.0,71.0,-27.5,-59.0,-90.5,-122.0,-153.5
POINT LONSDALE - QUEENSCLIFF,19.0,20.0,21.0,14.0,-4.799999999999272,-10.799999999999272,-16.799999999999272,-22.799999999999272,-28.799999999999272
MELBOURNE,4061.0,3772.0,3457.0,1779.0,-4994.299999999814,-7149.199999999255,-9304.099999999627,-11459.0,-13613.899999999441
NEWCOMB - MOOLAP,65.0,65.0,66.0,47.0,-5.400000000001455,-22.60000000000582,-39.80000000000291,-57.0,-74.20000000000437
NEWTOWN (VIC.),107.0,115.0,119.0,86.0,-5.099999999998545,-33.80000000000291,-62.5,-91.19999999999709,-119.90000000000146
NORTH GEELONG - BELL PARK,120.0,126.0,129.0,92.0,-7.19999999999709,-39.19999999999709,-71.19999999999709,-103.19999999999709,-135.1999999999971
KILMORE - BROADFORD,77.0,81.0,81.0,58.0,-4.900000000001455,-25.400000000001455,-45.900000000001455,-66.40000000000146,-86.90000000000146
MANSFIELD (VIC.),60.0,65.0,66.0,47.0,-2.599999999998545,-18.599999999998545,-34.599999999998545,-50.599999999998545,-66.59999999999854
NAGAMBIE,20.0,22.0,23.0,16.0,0.0,-5.199999999998909,-10.399999999999636,-15.600000000000364,-20.799999999999272
CLIFTON SPRINGS,36.0,36.0,36.0,26.0,-9.0,-20.0,-31.0,-42.0,-53.0
LORNE - ANGLESEA,36.0,36.0,36.0,26.0,-9.0,-20.0,-31.0,-42.0,-53.0
OCEAN GROVE - BARWON HEADS,131.0,131.0,130.0,93.0,-33.0,-73.0,-113.0,-153.0,-193.0
MYRTLEFORD,21.0,18.0,19.0,12.0,-3.599999999998545,-9.199999999998909,-14.799999999999272,-20.399999999999636,-26.0
TOWONG,14.0,9.0,8.0,8.0,-2.5,-5.800000000000182,-9.100000000000364,-12.400000000000546,-15.700000000000728
WEST WODONGA,52.0,56.0,58.0,39.0,-3.2999999999992724,-17.400000000001455,-31.5,-45.599999999998545,-59.70000000000073
WODONGA,136.0,136.0,140.0,96.0,-12.0,-48.19999999999709,-84.39999999999418,-120.59999999999127,-156.79999999998836
PORTARLINGTON,10.0,9.0,10.0,8.0,-2.0999999999994543,-5.0,-7.899999999999636,-10.799999999999272,-13.699999999999818
TORQUAY,124.0,129.0,133.0,94.0,-30.5,-69.19999999999709,-107.89999999999418,-146.59999999999127,-185.29999999998836
ALEXANDRA,37.0,37.0,36.0,27.0,-9.799999999999272,-21.19999999999709,-32.599999999998545,-44.0,-55.39999999999782
EUROA,16.0,16.0,17.0,11.0,-3.900000000001455,-8.800000000001091,-13.700000000000728,-18.600000000000364,-23.5
SEYMOUR,78.0,77.0,76.0,54.0,-7.099999999998545,-27.599999999998545,-48.099999999998545,-68.59999999999854,-89.09999999999854
SEYMOUR REGION,19.0,20.0,21.0,14.0,-1.6000000000003638,-6.799999999999272,-12.0,-17.200000000000728,-22.399999999999636
UPPER YARRA VALLEY,0.0,0.0,0.0,0.0,0.0,0.0,0.0,0.0,0.0
YEA,12.0,11.0,12.0,10.0,-0.0999999999994543,-3.0,-5.899999999999636,-8.799999999999272,-11.699999999999818
BENALLA,20.0,20.0,21.0,14.0,-2.0,-7.399999999999636,-12.799999999999272,-18.19999999999891,-23.599999999998545
BENALLA REGION,6.0,6.0,6.0,4.0,0.20000000000027285,-1.199999999999818,-2.599999999999909,-4.0,-5.400000000000091
RUTHERGLEN,16.0,15.0,15.0,11.0,-1.8000000000010914,-6.0,-10.200000000000728,-14.400000000001455,-18.600000000000364
WANGARATTA,58.0,64.0,65.0,48.0,-2.2000000000007276,-17.80000000000291,-33.400000000001455,-49.0,-64.60000000000218
WANGARATTA REGION,16.0,15.0,15.0,11.0,-1.8000000000010914,-6.0,-10.200000000000728,-14.400000000001455,-18.600000000000364
BEECHWORTH,9.0,9.0,8.0,8.0,-0.5,-2.800000000000182,-5.100000000000364,-7.400000000000546,-9.700000000000728
BRIGHT - MOUNT BEAUTY,53.0,58.0,59.0,42.0,-2.1999999999970896,-16.399999999997817,-30.599999999998545,-44.79999999999927,-59.0
CHILTERN - INDIGO VALLEY,0.0,0.0,0.0,0.0,0.0,0.0,0.0,0.0,0.0
SALE,76.0,77.0,76.0,54.0,-6.30000000000291,-26.400000000001455,-46.5,-66.59999999999854,-86.69999999999709
YARRAM,7.0,7.0,6.0,5.0,-0.599999999999909,-2.399999999999636,-4.199999999999818,-6.0,-7.799999999999727
BRUNSWICK,677.0,641.0,632.0,443.0,-494.19999999995343,-776.1999999999534,-1058.1999999999534,-1340.1999999999534,-1622.1999999999534
ALPHINGTON - FAIRFIELD,154.0,145.0,142.0,101.0,-70.0,-123.40000000000873,-176.8000000000029,-230.1999999999971,-283.6000000000058
NORTHCOTE,330.0,302.0,293.0,206.0,-232.59999999997672,-366.20000000001164,-499.79999999998836,-633.3999999999651,-767.0
THORNBURY,253.0,238.0,235.0,166.0,-111.79999999998836,-198.79999999998836,-285.79999999998836,-372.79999999998836,-459.79999999998836
ASCOT VALE,291.0,278.0,276.0,197.0,-75.29999999998836,-162.79999999998836,-250.29999999998836,-337.79999999998836,-425.29999999998836
ESSENDON - ABERFELDIE,474.0,454.0,447.0,316.0,-213.20000000001164,-378.20000000001164,-543.2000000000116,-708.2000000000116,-873.2000000000116
FLEMINGTON,379.0,381.0,379.0,270.0,-91.69999999998254,-206.79999999998836,-321.8999999999942,-437.0,-552.1000000000058
MOONEE PONDS,272.0,256.0,252.0,178.0,-132.59999999997672,-229.19999999998254,-325.79999999998836,-422.3999999999942,-519.0
CARLTON,2020.0,2094.0,2047.0,1311.0,-1741.3000000000466,-2670.8000000000466,-3600.3000000000466,-4529.800000000047,-5459.300000000047
DOCKLANDS,993.0,640.0,517.0,332.0,-1276.6000000000931,-1777.2000000000698,-2277.8000000000466,-2778.4000000000233,-3279.0
EAST MELBOURNE,138.0,96.0,91.0,63.0,-131.09999999999127,-191.0,-250.89999999999418,-310.79999999998836,-370.6999999999971
FLEMINGTON RACECOURSE,0.0,0.0,0.0,0.0,0.0,0.0,0.0,0.0,0.0
ALBERT PARK,332.0,292.0,279.0,192.0,-363.80000000004657,-528.6000000000349,-693.4000000000233,-858.2000000000116,-1023.0
ELWOOD,249.0,221.0,209.0,144.0,-272.70000000001164,-396.3999999999942,-520.1000000000058,-643.8000000000175,-767.5
PORT MELBOURNE,247.0,239.0,241.0,170.0,-195.90000000002328,-303.80000000001746,-411.70000000001164,-519.6000000000058,-627.5
PORT MELBOURNE INDUSTRIAL,0.0,8.0,8.0,5.0,-2.299999999999727,-4.0,-5.699999999999818,-7.399999999999636,-9.099999999999909
SOUTH MELBOURNE,288.0,263.0,255.0,180.0,-214.10000000000582,-333.4000000000233,-452.70000000001164,-572.0,-691.3000000000175
ST KILDA,934.0,873.0,857.0,602.0,-668.5,-1052.4000000000233,-1436.3000000000466,-1820.2000000000698,-2204.100000000093
ABBOTSFORD,265.0,206.0,183.0,127.0,-266.5,-387.3999999999942,-508.29999999998836,-629.1999999999825,-750.0999999999767
CARLTON NORTH - PRINCES HILL,154.0,143.0,141.0,97.0,-177.60000000000582,-257.6000000000058,-337.6000000000058,-417.6000000000058,-497.6000000000058
COLLINGWOOD,342.0,332.0,338.0,256.0,-67.20000000001164,-166.39999999999418,-265.6000000000058,-364.80000000001746,-464.0
FITZROY,285.0,279.0,279.0,197.0,-122.0,-220.80000000001746,-319.6000000000058,-418.3999999999942,-517.2000000000116
FITZROY NORTH,195.0,174.0,171.0,118.0,-219.79999999998836,-318.79999999998836,-417.79999999998836,-516.7999999999884,-615.7999999999884
MURRUMBEENA,228.0,215.0,210.0,149.0,-104.20000000001164,-183.39999999999418,-262.6000000000058,-341.80000000001746,-421.0
RICHMOND (VIC.),698.0,704.0,712.0,504.0,-333.5999999999767,-587.7999999999884,-842.0,-1096.2000000000116,-1350.4000000000233
ASHBURTON (VIC.),114.0,89.0,86.0,62.0,-75.89999999999418,-118.80000000000291,-161.6999999999971,-204.59999999999127,-247.5
BALWYN,356.0,332.0,327.0,229.0,-255.70000000001164,-402.20000000001164,-548.7000000000116,-695.2000000000116,-841.7000000000116
BENTLEIGH EAST (SOUTH),149.0,142.0,139.0,101.0,-38.70000000001164,-83.40000000000873,-128.10000000000582,-172.8000000000029,-217.5
YARRA - NORTH,127.0,113.0,107.0,74.0,-146.10000000000582,-211.0,-275.8999999999942,-340.79999999998836,-405.69999999998254
HAWTHORN,532.0,519.0,513.0,353.0,-669.5999999999767,-963.5999999999767,-1257.5999999999767,-1551.5999999999767,-1845.5999999999767
BALWYN NORTH,325.0,315.0,316.0,222.0,-240.89999999996508,-378.5999999999767,-516.2999999999884,-654.0,-791.7000000000116
CAMBERWELL,282.0,266.0,254.0,176.0,-317.3999999999651,-462.0,-606.5999999999767,-751.1999999999534,-895.7999999999884
GLEN IRIS - EAST,126.0,122.0,122.0,84.0,-151.39999999999418,-219.20000000001164,-287.0,-354.79999999998836,-422.6000000000058
KEW,320.0,294.0,286.0,198.0,-363.5999999999767,-527.7999999999884,-692.0,-856.2000000000116,-1020.4000000000233
KEW EAST,92.0,85.0,82.0,58.0,-66.30000000000291,-104.0,-141.6999999999971,-179.39999999999418,-217.09999999999127
BULLEEN,149.0,142.0,139.0,101.0,-38.70000000001164,-83.40000000000873,-128.10000000000582,-172.8000000000029,-217.5
BRIGHTON (VIC.),268.0,266.0,257.0,179.0,-316.0999999999767,-459.20000000001164,-602.2999999999884,-745.3999999999651,-888.5
DONCASTER,592.0,638.0,647.0,465.0,-139.5,-325.3999999999651,-511.29999999998836,-697.2000000000116,-883.0999999999767
BEAUMARIS,114.0,105.0,101.0,71.0,-82.0,-128.59999999999127,-175.1999999999971,-221.8000000000029,-268.3999999999942
TEMPLESTOWE,235.0,222.0,217.0,154.0,-107.79999999998836,-189.60000000000582,-271.3999999999942,-353.19999999998254,-435.0
TEMPLESTOWE LOWER,137.0,147.0,149.0,107.0,-31.79999999998836,-74.59999999999127,-117.39999999999418,-160.1999999999971,-203.0
DONCASTER EAST (NORTH),258.0,257.0,253.0,179.0,-119.20000000001164,-211.20000000001164,-303.20000000001164,-395.20000000001164,-487.20000000001164
DONCASTER EAST (SOUTH),424.0,425.0,426.0,305.0,-105.59999999997672,-235.19999999998254,-364.79999999998836,-494.3999999999651,-624.0
BLACKBURN,359.0,338.0,332.0,235.0,-163.89999999999418,-288.5999999999767,-413.29999999998836,-538.0,-662.6999999999825
BLACKBURN SOUTH,156.0,137.0,125.0,89.0,-70.60000000000582,-122.60000000000582,-174.60000000000582,-226.60000000000582,-278.6000000000058
BOX HILL,1077.0,1040.0,1020.0,794.0,-473.80000000004657,-848.8000000000466,-1223.8000000000466,-1598.8000000000466,-1973.8000000000466
BRIGHTON EAST,183.0,175.0,174.0,123.0,-136.0,-213.19999999998254,-290.3999999999942,-367.6000000000058,-444.79999999998836
BOX HILL NORTH,468.0,452.0,459.0,326.0,-212.79999999998836,-377.79999999998836,-542.7999999999884,-707.7999999999884,-872.7999999999884
BURWOOD,973.0,897.0,839.0,573.0,-475.0,-814.5999999999767,-1154.1999999999534,-1493.7999999999302,-1833.3999999999069
BURWOOD EAST,345.0,362.0,364.0,268.0,-91.40000000002328,-200.80000000001746,-310.20000000001164,-419.6000000000058,-529.0
SURREY HILLS (EAST) - MONT ALBERT,160.0,141.0,133.0,92.0,-174.29999999998836,-253.39999999999418,-332.5,-411.6000000000058,-490.70000000001164
SANDRINGHAM - BLACK ROCK,153.0,157.0,157.0,111.0,-118.0,-185.19999999998254,-252.39999999999418,-319.6000000000058,-386.79999999998836
BENTLEIGH - MCKINNON,379.0,356.0,350.0,248.0,-172.40000000002328,-303.79999999998836,-435.20000000001164,-566.6000000000349,-698.0
CARNEGIE,679.0,637.0,627.0,444.0,-327.1000000000349,-567.0,-806.9000000000233,-1046.8000000000466,-1286.7000000000116
CAULFIELD - NORTH,508.0,401.0,353.0,243.0,-527.2000000000116,-763.5999999999767,-1000.0,-1236.4000000000233,-1472.7999999999884
CAULFIELD - SOUTH,305.0,235.0,227.0,128.0,-219.29999999998836,-336.79999999998836,-454.29999999998836,-571.7999999999884,-689.2999999999884
ASPENDALE GARDENS - WATERWAYS,79.0,80.0,84.0,60.0,-19.19999999999709,-43.599999999998545,-68.0,-92.40000000000146,-116.80000000000291
BRAESIDE,0.0,0.0,0.0,0.0,0.0,0.0,0.0,0.0,0.0
CARRUM - PATTERSON LAKES,90.0,86.0,86.0,61.0,-24.099999999998545,-51.39999999999418,-78.69999999999709,-106.0,-133.29999999999563
CHELSEA - BONBEACH,123.0,118.0,117.0,84.0,-32.40000000000873,-69.60000000000582,-106.80000000000291,-144.0,-181.1999999999971
CHELSEA HEIGHTS,24.0,22.0,23.0,16.0,-6.399999999999636,-13.599999999998545,-20.799999999999272,-28.0,-35.19999999999891
CHELTENHAM - HIGHETT (EAST),290.0,290.0,293.0,209.0,-72.30000000001746,-161.0,-249.70000000001164,-338.4000000000233,-427.1000000000058
EDITHVALE - ASPENDALE,94.0,90.0,90.0,63.0,-25.099999999998545,-53.599999999998545,-82.09999999999854,-110.59999999999854,-139.09999999999854
MENTONE,205.0,189.0,180.0,129.0,-92.39999999999418,-162.39999999999418,-232.39999999999418,-302.3999999999942,-372.3999999999942
MOORABBIN - HEATHERTON,177.0,182.0,187.0,132.0,-42.40000000000873,-97.0,-151.60000000000582,-206.20000000001164,-260.8000000000029
MORDIALLOC - PARKDALE,282.0,250.0,251.0,178.0,-128.20000000001164,-224.20000000001164,-320.20000000001164,-416.20000000001164,-512.2000000000116
MALVERN - GLEN IRIS,289.0,255.0,241.0,167.0,-315.79999999998836,-459.0,-602.2000000000116,-745.4000000000233,-888.6000000000349
MALVERN EAST,567.0,509.0,496.0,244.0,-491.69999999995343,-740.3999999999651,-989.0999999999767,-1237.7999999999884,-1486.5
BUNDOORA - EAST,193.0,194.0,194.0,139.0,-47.5,-106.40000000000873,-165.3000000000029,-224.1999999999971,-283.1000000000058
GREENSBOROUGH,115.0,123.0,127.0,92.0,-26.09999999999127,-62.0,-97.89999999999418,-133.79999999998836,-169.6999999999971
HEIDELBERG - ROSANNA,228.0,215.0,210.0,149.0,-104.20000000001164,-183.39999999999418,-262.6000000000058,-341.80000000001746,-421.0
HEIDELBERG WEST,212.0,226.0,229.0,163.0,-50.5,-116.80000000001746,-183.10000000000582,-249.39999999999418,-315.70000000001164
IVANHOE EAST - EAGLEMONT,68.0,63.0,62.0,43.0,-49.19999999999709,-77.19999999999709,-105.19999999999709,-133.1999999999971,-161.1999999999971
HAMPTON PARK - LYNBROOK,481.0,460.0,457.0,353.0,-111.29999999998836,-253.40000000002328,-395.5,-537.5999999999767,-679.7000000000116
IVANHOE,156.0,143.0,139.0,96.0,-112.89999999999418,-176.8000000000029,-240.6999999999971,-304.59999999999127,-368.5
BUNDOORA - WEST,207.0,208.0,206.0,147.0,-52.09999999999127,-115.39999999999418,-178.6999999999971,-242.0,-305.3000000000029
MONTMORENCY - BRIAR HILL,102.0,97.0,96.0,68.0,-27.69999999999709,-58.599999999998545,-89.5,-120.40000000000146,-151.3000000000029
WALLAN,62.0,60.0,60.0,42.0,-16.200000000004366,-35.0,-53.80000000000291,-72.60000000000582,-91.40000000000146
WHITTLESEA,22.0,22.0,23.0,16.0,-4.799999999999272,-11.399999999999636,-18.0,-24.600000000000364,-31.200000000000728
VIEWBANK - YALLAMBIE,192.0,198.0,202.0,143.0,-46.29999999998836,-105.59999999999127,-164.89999999999418,-224.1999999999971,-283.5
WATSONIA,60.0,56.0,58.0,39.0,-16.10000000000582,-34.200000000004366,-52.30000000000291,-70.40000000000146,-88.5
KINGSBURY,610.0,613.0,636.0,498.0,-165.09999999997672,-357.5999999999767,-550.0999999999767,-742.5999999999767,-935.0999999999767
RESERVOIR - EAST,655.0,649.0,644.0,475.0,-159.79999999998836,-358.0,-556.2000000000116,-754.4000000000233,-952.6000000000349
LYNBROOK - LYNDHURST,292.0,280.0,278.0,198.0,-75.0,-162.80000000001746,-250.60000000000582,-338.3999999999942,-426.20000000001164
RESERVOIR - WEST,471.0,464.0,471.0,336.0,-117.39999999996508,-260.5999999999767,-403.79999999998836,-547.0,-690.2000000000116
PRESTON - EAST,527.0,505.0,502.0,358.0,-133.10000000003492,-291.0,-448.9000000000233,-606.8000000000466,-764.7000000000116
PRESTON - WEST,249.0,240.0,238.0,168.0,-64.80000000001746,-140.0,-215.20000000001164,-290.4000000000233,-365.6000000000058
ELTHAM,140.0,148.0,145.0,106.0,-33.59999999999127,-77.0,-120.39999999999418,-163.79999999998836,-207.1999999999971
CROYDON HILLS - WARRANWOOD,98.0,102.0,100.0,72.0,-25.400000000001455,-56.0,-86.59999999999854,-117.19999999999709,-147.79999999999563
HURSTBRIDGE,8.0,8.0,8.0,5.0,-2.300000000000182,-4.800000000000182,-7.300000000000182,-9.800000000000182,-12.300000000000182
KINGLAKE,4.0,4.0,4.0,2.0,-1.0,-2.200000000000273,-3.400000000000091,-4.599999999999909,-5.800000000000182
PANTON HILL - ST ANDREWS,17.0,16.0,17.0,11.0,-4.299999999999272,-9.399999999999636,-14.5,-19.600000000000364,-24.700000000000728
PLENTY - YARRAMBAT,58.0,56.0,56.0,39.0,-15.69999999999709,-33.400000000001455,-51.099999999998545,-68.79999999999563,-86.5
RESEARCH - NORTH WARRANDYTE,41.0,38.0,38.0,28.0,-10.599999999998545,-22.799999999999272,-35.0,-47.20000000000073,-59.400000000001455
WATTLE GLEN - DIAMOND CREEK,51.0,50.0,50.0,35.0,-13.899999999997817,-29.599999999998545,-45.29999999999927,-61.0,-76.70000000000073
BUNDOORA - NORTH,263.0,254.0,251.0,179.0,-68.5,-148.0,-227.5,-307.0,-386.5
LALOR,426.0,427.0,432.0,362.0,-78.5,-203.39999999999418,-328.29999999998836,-453.19999999998254,-578.0999999999767
MILL PARK - NORTH,214.0,206.0,205.0,145.0,-55.90000000000873,-120.60000000000582,-185.3000000000029,-250.0,-314.6999999999971
MILL PARK - SOUTH,129.0,138.0,136.0,98.0,-31.59999999999127,-72.0,-112.39999999999418,-152.79999999998836,-193.1999999999971
THOMASTOWN,362.0,370.0,372.0,301.0,-72.09999999997672,-180.19999999998254,-288.29999999998836,-396.3999999999942,-504.5
DOREEN,155.0,148.0,145.0,106.0,-39.59999999999127,-86.0,-132.39999999999418,-178.79999999998836,-225.1999999999971
EPPING - EAST,219.0,208.0,207.0,149.0,-55.70000000001164,-121.20000000001164,-186.70000000001164,-252.20000000001164,-317.70000000001164
EPPING - SOUTH,177.0,169.0,167.0,120.0,-46.29999999998836,-99.59999999999127,-152.89999999999418,-206.1999999999971,-259.5
EPPING - WEST,231.0,223.0,221.0,157.0,-59.19999999998254,-128.79999999998836,-198.39999999999418,-268.0,-337.6000000000058
COBURG NORTH,140.0,134.0,133.0,94.0,-37.39999999999418,-79.80000000000291,-122.19999999999709,-164.59999999999127,-207.0
CROYDON - EAST,165.0,158.0,157.0,113.0,-42.70000000001164,-92.40000000000873,-142.10000000000582,-191.8000000000029,-241.5
MERNDA,250.0,241.0,239.0,169.0,-64.60000000000582,-140.0,-215.39999999999418,-290.79999999998836,-366.19999999998254
KILSYTH,39.0,37.0,36.0,27.0,-10.600000000002183,-22.400000000001455,-34.20000000000073,-46.0,-57.79999999999927
SOUTH MORANG (NORTH),127.0,122.0,121.0,88.0,-32.40000000000873,-70.60000000000582,-108.80000000000291,-147.0,-185.1999999999971
FAWKNER,359.0,362.0,368.0,263.0,-85.10000000000582,-194.40000000002328,-303.70000000001164,-413.0,-522.3000000000175
SOUTH MORANG (SOUTH),145.0,148.0,145.0,106.0,-35.59999999999127,-80.0,-124.39999999999418,-168.79999999998836,-213.1999999999971
PASCOE VALE,467.0,452.0,448.0,320.0,-120.0,-261.0,-402.0,-543.0,-684.0
WOLLERT,252.0,243.0,240.0,197.0,-52.20000000001164,-125.60000000000582,-199.0,-272.3999999999942,-345.79999999998836
AIRPORT WEST,63.0,60.0,60.0,43.0,-16.099999999998545,-35.0,-53.900000000001455,-72.80000000000291,-91.70000000000437
LILYDALE - COLDSTREAM,79.0,76.0,76.0,54.0,-20.200000000004366,-44.0,-67.80000000000291,-91.60000000000582,-115.40000000000146
KEILOR,39.0,37.0,36.0,27.0,-10.600000000002183,-22.400000000001455,-34.20000000000073,-46.0,-57.79999999999927
GLENROY,678.0,654.0,649.0,463.0,-175.29999999998836,-380.0,-584.7000000000116,-789.4000000000233,-994.1000000000349
MONBULK - SILVAN,29.0,28.0,28.0,21.0,-7.099999999998545,-15.799999999999272,-24.5,-33.20000000000073,-41.900000000001455
KEILOR EAST,233.0,225.0,223.0,160.0,-59.89999999999418,-130.20000000001164,-200.5,-270.79999999998836,-341.1000000000058
NIDDRIE - ESSENDON WEST,67.0,65.0,65.0,47.0,-16.799999999995634,-37.0,-57.19999999999709,-77.39999999999418,-97.59999999999854
STRATHMORE,65.0,62.0,62.0,44.0,-16.19999999999709,-35.599999999998545,-55.0,-74.40000000000146,-93.80000000000291
GISBORNE,49.0,47.0,45.0,32.0,-12.899999999997817,-27.599999999998545,-42.29999999999927,-57.0,-71.70000000000073
GOWANBRAE,17.0,17.0,17.0,12.0,-4.699999999998909,-10.0,-15.299999999999272,-20.599999999998545,-25.899999999999636
HADFIELD,56.0,45.0,44.0,32.0,-16.5,-32.60000000000218,-48.70000000000073,-64.79999999999927,-80.90000000000146
MACEDON,11.0,11.0,10.0,8.0,-2.699999999999818,-6.0,-9.300000000000182,-12.600000000000364,-15.900000000000546
RIDDELLS CREEK,14.0,13.0,12.0,10.0,-3.5,-7.600000000000364,-11.700000000000728,-15.800000000001091,-19.900000000001455
ROMSEY,24.0,24.0,25.0,16.0,-6.200000000000728,-13.600000000000364,-21.0,-28.399999999999636,-35.79999999999927
SUNBURY,47.0,45.0,44.0,32.0,-4.900000000001455,-17.200000000000728,-29.5,-41.79999999999927,-54.099999999998545
BROADMEADOWS,432.0,414.0,410.0,310.0,-99.60000000000582,-227.0,-354.3999999999942,-481.79999999998836,-609.1999999999825
CAMPBELLFIELD - COOLAROO,306.0,292.0,299.0,220.0,-77.80000000001746,-170.20000000001164,-262.6000000000058,-355.0,-447.3999999999942
YARRA VALLEY,36.0,33.0,32.0,24.0,-9.69999999999709,-20.399999999997817,-31.099999999998545,-41.79999999999927,-52.5
GLADSTONE PARK - WESTMEADOWS,143.0,151.0,148.0,106.0,-36.10000000000582,-80.80000000000291,-125.5,-170.1999999999971,-214.89999999999418
GREENVALE - BULLA,131.0,124.0,123.0,89.0,-33.30000000000291,-72.39999999999418,-111.5,-150.60000000000582,-189.6999999999971
MEADOW HEIGHTS,279.0,267.0,265.0,188.0,-72.89999999999418,-157.0,-241.10000000000582,-325.20000000001164,-409.30000000001746
MELBOURNE AIRPORT,0.0,0.0,0.0,0.0,0.0,0.0,0.0,0.0,0.0
BEACONSFIELD - OFFICER,86.0,81.0,81.0,58.0,-22.099999999998545,-47.80000000000291,-73.5,-99.19999999999709,-124.90000000000146
BUNYIP - GARFIELD,18.0,18.0,19.0,12.0,-4.799999999999272,-10.399999999999636,-16.0,-21.600000000000364,-27.200000000000728
ROXBURGH PARK - SOMERTON,444.0,427.0,422.0,302.0,-111.29999999998836,-244.19999999995343,-377.0999999999767,-510.0,-642.8999999999651
TULLAMARINE,95.0,100.0,98.0,70.0,-24.599999999998545,-54.39999999999418,-84.19999999999709,-114.0,-143.79999999999563
CRAIGIEBURN - CENTRAL,186.0,191.0,191.0,137.0,-45.20000000001164,-102.40000000000873,-159.60000000000582,-216.8000000000029,-274.0
EMERALD - COCKATOO,41.0,38.0,38.0,28.0,-10.599999999998545,-22.799999999999272,-35.0,-47.20000000000073,-59.400000000001455
KOO WEE RUP,16.0,14.0,14.0,10.0,-4.0,-8.600000000000364,-13.200000000000728,-17.80000000000109,-22.400000000001455
CRAIGIEBURN - NORTH,245.0,236.0,232.0,166.0,-64.20000000001164,-138.20000000001164,-212.20000000001164,-286.20000000001164,-360.20000000001164
PEARCEDALE - TOORADIN,10.0,9.0,10.0,8.0,-2.0999999999994543,-5.0,-7.899999999999636,-10.799999999999272,-13.699999999999818
CRAIGIEBURN - SOUTH,392.0,375.0,371.0,292.0,-89.29999999998836,-204.79999999998836,-320.29999999998836,-435.79999999998836,-551.2999999999884
CRAIGIEBURN - WEST,513.0,503.0,500.0,356.0,-131.90000000002328,-287.79999999998836,-443.70000000001164,-599.6000000000349,-755.5
MICKLEHAM - YUROKE,53.0,52.0,52.0,36.0,-14.0,-30.200000000000728,-46.400000000001455,-62.599999999998545,-78.80000000000291
BAYSWATER,151.0,154.0,151.0,108.0,-38.80000000000291,-85.39999999999418,-132.0,-178.60000000000582,-225.1999999999971
LYSTERFIELD,24.0,22.0,23.0,16.0,-6.399999999999636,-13.599999999998545,-20.799999999999272,-28.0,-35.19999999999891
ROWVILLE - CENTRAL,150.0,143.0,141.0,102.0,-38.30000000000291,-83.20000000001164,-128.10000000000582,-173.0,-217.90000000000873
ROWVILLE - NORTH,69.0,65.0,66.0,47.0,-17.400000000001455,-38.0,-58.599999999998545,-79.19999999999709,-99.79999999999563
ROWVILLE - SOUTH,87.0,88.0,88.0,63.0,-22.5,-49.400000000001455,-76.30000000000291,-103.20000000000437,-130.10000000000582
FERNTREE GULLY (SOUTH) - UPPER FERNTREE GULLY,82.0,82.0,83.0,58.0,-20.19999999999709,-45.19999999999709,-70.19999999999709,-95.19999999999709,-120.19999999999709
WANTIRNA,188.0,193.0,194.0,139.0,-45.39999999999418,-103.19999999999709,-161.0,-218.8000000000029,-276.6000000000058
THE BASIN,14.0,13.0,12.0,9.0,-4.0,-8.199999999998909,-12.399999999999636,-16.600000000000364,-20.799999999999272
WANTIRNA SOUTH,271.0,278.0,281.0,201.0,-65.89999999999418,-149.39999999999418,-232.89999999999418,-316.3999999999942,-399.8999999999942
BORONIA,165.0,158.0,157.0,113.0,-42.70000000001164,-92.40000000000873,-142.10000000000582,-191.8000000000029,-241.5
FERNTREE GULLY (NORTH),81.0,77.0,76.0,54.0,-21.900000000001455,-46.400000000001455,-70.90000000000146,-95.40000000000146,-119.90000000000146
DONVALE - PARK ORCHARDS,119.0,111.0,109.0,77.0,-54.40000000000873,-95.60000000000582,-136.8000000000029,-178.0,-219.1999999999971
WARRANDYTE - WONGA PARK,52.0,51.0,52.0,35.0,-13.200000000000728,-29.0,-44.79999999999927,-60.599999999998545,-76.39999999999782
BAYSWATER NORTH,64.0,61.0,62.0,44.0,-16.5,-35.799999999995634,-55.099999999998545,-74.40000000000146,-93.69999999999709
RINGWOOD,321.0,321.0,323.0,230.0,-80.89999999999418,-179.20000000001164,-277.5,-375.79999999998836,-474.1000000000058
RINGWOOD EAST,297.0,285.0,283.0,201.0,-76.60000000000582,-166.0,-255.39999999999418,-344.79999999998836,-434.19999999998254
RINGWOOD NORTH,69.0,62.0,57.0,39.0,-31.700000000004366,-55.0,-78.30000000000291,-101.60000000000582,-124.90000000000146
NARRE WARREN SOUTH (EAST),93.0,95.0,92.0,67.0,-24.400000000001455,-53.19999999999709,-82.0,-110.80000000000291,-139.59999999999854
CROYDON - WEST,127.0,122.0,121.0,88.0,-32.40000000000873,-70.60000000000582,-108.80000000000291,-147.0,-185.1999999999971
CROYDON SOUTH,41.0,38.0,38.0,28.0,-10.599999999998545,-22.799999999999272,-35.0,-47.20000000000073,-59.400000000001455
FOREST HILL,200.0,191.0,191.0,137.0,-50.80000000000291,-110.80000000000291,-170.8000000000029,-230.8000000000029,-290.8000000000029
NARRE WARREN SOUTH (WEST),212.0,217.0,216.0,154.0,-52.69999999998254,-118.0,-183.29999999998836,-248.59999999997672,-313.8999999999942
MITCHAM (VIC.),226.0,241.0,255.0,196.0,-49.5,-120.19999999998254,-190.89999999999418,-261.6000000000058,-332.29999999998836
NUNAWADING,261.0,256.0,252.0,181.0,-66.69999999998254,-145.79999999998836,-224.89999999999418,-304.0,-383.1000000000058
VERMONT,180.0,185.0,185.0,132.0,-44.30000000000291,-99.80000000000291,-155.3000000000029,-210.8000000000029,-266.3000000000029
VERMONT SOUTH,164.0,182.0,180.0,137.0,-37.69999999999709,-89.60000000000582,-141.5,-193.39999999999418,-245.3000000000029
CHIRNSIDE PARK,69.0,67.0,66.0,47.0,-17.599999999998545,-38.39999999999418,-59.19999999999709,-80.0,-100.79999999999563
BELGRAVE - SELBY,53.0,56.0,56.0,39.0,-12.900000000001455,-29.400000000001455,-45.900000000001455,-62.400000000001455,-78.90000000000146
HEALESVILLE - YARRA GLEN,43.0,42.0,40.0,29.0,-12.5,-25.799999999999272,-39.099999999998545,-52.39999999999782,-65.69999999999709
MONTROSE,26.0,25.0,27.0,19.0,-6.0,-13.800000000001091,-21.600000000000364,-29.399999999999636,-37.20000000000073
MOOROOLBARK,154.0,147.0,144.0,104.0,-40.29999999998836,-86.59999999999127,-132.89999999999418,-179.1999999999971,-225.5
MOUNT DANDENONG - OLINDA,50.0,48.0,47.0,34.0,-12.799999999999272,-27.799999999999272,-42.79999999999927,-57.79999999999927,-72.79999999999927
SEDDON - KINGSVILLE,125.0,131.0,130.0,90.0,-58.5,-104.19999999999709,-149.89999999999418,-195.59999999999127,-241.29999999998836
MOUNT EVELYN,38.0,35.0,34.0,26.0,-10.100000000002183,-21.400000000001455,-32.70000000000073,-44.0,-55.29999999999927
UPWEY - TECOMA,36.0,38.0,38.0,28.0,-8.599999999998545,-19.799999999999272,-31.0,-42.20000000000073,-53.400000000001455
WANDIN - SEVILLE,14.0,13.0,12.0,10.0,-3.5,-7.600000000000364,-11.700000000000728,-15.800000000001091,-19.900000000001455
PAKENHAM - NORTH,126.0,120.0,119.0,85.0,-33.69999999999709,-71.79999999998836,-109.89999999999418,-148.0,-186.09999999999127
PAKENHAM - SOUTH,296.0,284.0,282.0,201.0,-76.29999999998836,-165.39999999999418,-254.5,-343.6000000000058,-432.70000000001164
NARRE WARREN - NORTH EAST,130.0,129.0,127.0,91.0,-33.19999999999709,-72.79999999998836,-112.39999999999418,-152.0,-191.59999999999127
BERWICK - NORTH,252.0,256.0,252.0,181.0,-63.10000000000582,-140.40000000002328,-217.70000000001164,-295.0,-372.30000000001746
CRANBOURNE NORTH,289.0,276.0,274.0,196.0,-74.39999999999418,-161.20000000001164,-248.0,-334.79999999998836,-421.6000000000058
BERWICK - SOUTH,328.0,329.0,325.0,232.0,-83.89999999999418,-184.39999999999418,-284.8999999999942,-385.3999999999942,-485.8999999999942
ENDEAVOUR HILLS - NORTH,104.0,99.0,97.0,69.0,-28.0,-59.400000000001455,-90.80000000000291,-122.20000000000437,-153.60000000000582
DOVETON,223.0,212.0,212.0,151.0,-57.30000000001746,-124.20000000001164,-191.10000000000582,-258.0,-324.8999999999942
HALLAM,213.0,204.0,203.0,150.0,-52.40000000000873,-116.0,-179.60000000000582,-243.20000000001164,-306.8000000000029
ENDEAVOUR HILLS - SOUTH,169.0,165.0,164.0,118.0,-42.69999999999709,-93.79999999998836,-144.89999999999418,-196.0,-247.09999999999127
CRANBOURNE SOUTH,39.0,37.0,36.0,27.0,-10.600000000002183,-22.400000000001455,-34.20000000000073,-46.0,-57.79999999999927
NARRE WARREN NORTH,49.0,47.0,47.0,33.0,-12.80000000000291,-27.600000000002183,-42.400000000001455,-57.20000000000073,-72.0
CRANBOURNE WEST,216.0,206.0,206.0,146.0,-55.19999999999709,-120.0,-184.8000000000029,-249.59999999999127,-314.40000000000873
NARRE WARREN - SOUTH WEST,235.0,236.0,233.0,166.0,-60.0,-132.0,-204.0,-276.0,-348.0
CRANBOURNE,233.0,225.0,223.0,160.0,-59.89999999999418,-130.20000000001164,-200.5,-270.79999999998836,-341.1000000000058
CRANBOURNE EAST,467.0,445.0,442.0,341.0,-108.40000000002328,-246.20000000001164,-384.0,-521.7999999999884,-659.5999999999767
CLARINDA - OAKLEIGH SOUTH,176.0,167.0,166.0,118.0,-45.30000000000291,-98.0,-150.6999999999971,-203.39999999999418,-256.09999999999127
CLAYTON SOUTH,621.0,618.0,624.0,446.0,-155.20000000001164,-344.80000000004657,-534.4000000000233,-724.0,-913.6000000000349
DANDENONG,1062.0,1015.0,1006.0,770.0,-238.5,-550.0,-861.5,-1173.0,-1484.5
WEST FOOTSCRAY - TOTTENHAM,330.0,315.0,312.0,222.0,-86.89999999999418,-186.39999999999418,-285.8999999999942,-385.3999999999942,-484.8999999999942
DANDENONG NORTH,379.0,362.0,360.0,257.0,-98.5,-212.60000000000582,-326.70000000001164,-440.80000000001746,-554.9000000000233
DINGLEY VILLAGE,74.0,72.0,71.0,50.0,-19.19999999999709,-41.599999999998545,-64.0,-86.40000000000146,-108.80000000000291
KEYSBOROUGH,428.0,416.0,412.0,320.0,-96.79999999998836,-223.60000000000582,-350.3999999999942,-477.19999999998254,-604.0
NOBLE PARK NORTH,100.0,96.0,94.0,67.0,-26.900000000001455,-57.19999999999709,-87.5,-117.80000000000291,-148.09999999999854
SPRINGVALE,851.0,831.0,826.0,640.0,-189.5,-441.6000000000349,-693.7000000000116,-945.7999999999884,-1197.9000000000233
SPRINGVALE SOUTH,327.0,312.0,309.0,220.0,-86.19999999998254,-184.79999999998836,-283.3999999999942,-382.0,-480.6000000000058
NOBLE PARK - EAST,469.0,452.0,448.0,347.0,-107.29999999998836,-246.0,-384.70000000001164,-523.4000000000233,-662.1000000000349
MOUNT WAVERLEY - NORTH,430.0,404.0,397.0,282.0,-192.0,-340.20000000001164,-488.4000000000233,-636.6000000000349,-784.8000000000466
NOBLE PARK - WEST,543.0,520.0,517.0,406.0,-122.0,-281.79999999998836,-441.5999999999767,-601.3999999999651,-761.1999999999534
ASHWOOD - CHADSTONE,494.0,469.0,455.0,323.0,-226.40000000002328,-398.4000000000233,-570.4000000000233,-742.4000000000233,-914.4000000000233
CLAYTON,2717.0,2326.0,2138.0,1482.0,-1986.7999999998137,-3073.600000000093,-4160.399999999907,-5247.199999999721,-6334.0
MOUNT WAVERLEY - SOUTH,472.0,448.0,442.0,313.0,-215.09999999997672,-379.5999999999767,-544.0999999999767,-708.5999999999767,-873.0999999999767
GLEN WAVERLEY - EAST,629.0,592.0,582.0,414.0,-278.6000000000349,-495.0,-711.4000000000233,-927.8000000000466,-1144.2000000000116
GLEN WAVERLEY - WEST,744.0,717.0,710.0,520.0,-327.29999999998836,-585.7999999999884,-844.2999999999884,-1102.7999999999884,-1361.2999999999884
MULGRAVE,378.0,370.0,367.0,262.0,-98.20000000001164,-213.20000000001164,-328.20000000001164,-443.20000000001164,-558.2000000000116
OAKLEIGH - HUNTINGDALE,703.0,674.0,669.0,477.0,-182.70000000001164,-394.5999999999767,-606.5,-818.4000000000233,-1030.2999999999884
CAIRNLEA,102.0,98.0,96.0,68.0,-27.80000000000291,-58.80000000000291,-89.80000000000291,-120.80000000000291,-151.8000000000029
WHEELERS HILL,285.0,292.0,294.0,214.0,-70.20000000001164,-158.20000000001164,-246.20000000001164,-334.20000000001164,-422.20000000001164
ARDEER - ALBION,241.0,232.0,230.0,164.0,-62.0,-134.60000000000582,-207.20000000001164,-279.80000000001746,-352.4000000000233
DEER PARK - DERRIMUT,457.0,438.0,434.0,336.0,-105.40000000002328,-240.40000000002328,-375.4000000000233,-510.4000000000233,-645.4000000000233
DELAHEY,81.0,86.0,86.0,61.0,-20.5,-46.0,-71.5,-97.0,-122.5
KEILOR DOWNS,109.0,108.0,106.0,75.0,-29.30000000000291,-62.80000000000291,-96.30000000000291,-129.8000000000029,-163.3000000000029
KINGS PARK (VIC.),190.0,181.0,181.0,129.0,-49.40000000000873,-106.60000000000582,-163.8000000000029,-221.0,-278.1999999999971
ST ALBANS - NORTH,506.0,484.0,480.0,354.0,-125.79999999998836,-277.0,-428.20000000001164,-579.4000000000233,-730.6000000000349
ST ALBANS - SOUTH,430.0,412.0,408.0,302.0,-106.20000000001164,-234.60000000000582,-363.0,-491.3999999999942,-619.7999999999884
SUNSHINE,332.0,319.0,315.0,224.0,-87.29999999998836,-187.60000000000582,-287.8999999999942,-388.19999999998254,-488.5
SUNSHINE NORTH,200.0,191.0,191.0,137.0,-50.80000000000291,-110.80000000000291,-170.8000000000029,-230.8000000000029,-290.8000000000029
SUNSHINE WEST,306.0,284.0,282.0,201.0,-80.29999999998836,-171.39999999999418,-262.5,-353.6000000000058,-444.70000000001164
SYDENHAM,271.0,260.0,257.0,188.0,-68.20000000001164,-149.39999999999418,-230.60000000000582,-311.80000000001746,-393.0
ALTONA,142.0,136.0,133.0,96.0,-36.60000000000582,-79.19999999999709,-121.80000000000291,-164.40000000000873,-207.0
TAYLORS LAKES,116.0,111.0,109.0,78.0,-31.10000000000582,-66.19999999999709,-101.30000000000291,-136.40000000000873,-171.5
FOOTSCRAY,644.0,647.0,652.0,465.0,-153.79999999998836,-349.4000000000233,-545.0,-740.5999999999767,-936.2000000000116
ALTONA MEADOWS,236.0,228.0,226.0,162.0,-59.79999999998836,-130.79999999998836,-201.79999999998836,-272.79999999998836,-343.79999999998836
ALTONA NORTH,144.0,133.0,136.0,98.0,-37.09999999999127,-80.0,-122.89999999999418,-165.79999999998836,-208.6999999999971
YARRAVILLE,181.0,170.0,168.0,119.0,-77.90000000000873,-139.60000000000582,-201.3000000000029,-263.0,-324.6999999999971
NEWPORT,206.0,194.0,192.0,136.0,-93.0,-164.39999999999418,-235.79999999998836,-307.19999999998254,-378.5999999999767
SEABROOK,71.0,67.0,68.0,49.0,-17.799999999995634,-39.0,-60.19999999999709,-81.39999999999418,-102.59999999999854
MARIBYRNONG,364.0,348.0,345.0,246.0,-90.79999999998836,-199.39999999999418,-308.0,-416.6000000000058,-525.2000000000116
WILLIAMSTOWN,204.0,191.0,189.0,134.0,-92.70000000001164,-163.39999999999418,-234.10000000000582,-304.80000000001746,-375.5
BRAYBROOK,549.0,524.0,521.0,371.0,-143.10000000003492,-308.4000000000233,-473.70000000001164,-639.0,-804.2999999999884
MELTON SOUTH,248.0,229.0,226.0,162.0,-65.5,-139.19999999998254,-212.89999999999418,-286.6000000000058,-360.29999999998836
BURNSIDE,69.0,67.0,66.0,46.0,-18.099999999998545,-39.0,-59.900000000001455,-80.80000000000291,-101.70000000000437
MELTON WEST,104.0,99.0,97.0,69.0,-28.0,-59.400000000001455,-90.80000000000291,-122.20000000000437,-153.60000000000582
ROCKBANK - MOUNT COTTRELL,17.0,11.0,12.0,10.0,-3.6999999999989086,-8.0,-12.299999999999272,-16.599999999998545,-20.899999999999636
TAYLORS HILL,235.0,227.0,225.0,161.0,-60.79999999998836,-131.79999999998836,-202.79999999998836,-273.79999999998836,-344.79999999998836
BURNSIDE HEIGHTS,87.0,83.0,82.0,59.0,-22.0,-48.0,-74.0,-100.0,-126.0
CAROLINE SPRINGS,334.0,320.0,316.0,225.0,-88.30000000001746,-189.20000000001164,-290.1000000000058,-391.0,-491.8999999999942
HOPPERS CROSSING - NORTH,245.0,236.0,234.0,166.0,-63.0,-136.80000000001746,-210.60000000000582,-284.3999999999942,-358.20000000001164
HOPPERS CROSSING - SOUTH,386.0,370.0,366.0,282.0,-90.80000000001746,-205.20000000001164,-319.6000000000058,-434.0,-548.3999999999942
FRANKSTON NORTH,109.0,104.0,102.0,72.0,-29.60000000000582,-62.60000000000582,-95.60000000000582,-128.60000000000582,-161.60000000000582
LAVERTON,377.0,361.0,359.0,282.0,-84.5,-195.39999999999418,-306.29999999998836,-417.19999999998254,-528.0999999999767
TARNEIT,962.0,958.0,930.0,742.0,-207.59999999997672,-492.5999999999767,-777.5999999999767,-1062.5999999999767,-1347.5999999999767
TRUGANINA,798.0,780.0,774.0,630.0,-161.79999999998836,-395.0,-628.2000000000116,-861.4000000000233,-1094.600000000035
WERRIBEE - SOUTH,176.0,167.0,166.0,118.0,-45.30000000000291,-98.0,-150.6999999999971,-203.39999999999418,-256.09999999999127
WYNDHAM VALE,371.0,355.0,352.0,277.0,-83.80000000001746,-193.0,-302.20000000001164,-411.4000000000233,-520.6000000000058
POINT COOK - EAST,332.0,312.0,307.0,218.0,-151.20000000001164,-266.3999999999942,-381.6000000000058,-496.80000000001746,-612.0
POINT COOK - NORTH,497.0,494.0,491.0,351.0,-122.5,-273.20000000001164,-423.9000000000233,-574.6000000000349,-725.3000000000466
POINT COOK - SOUTH,441.0,469.0,473.0,342.0,-104.89999999996508,-242.59999999997672,-380.29999999998836,-518.0,-655.7000000000116
WERRIBEE - EAST,378.0,361.0,359.0,256.0,-98.70000000001164,-212.60000000000582,-326.5,-440.3999999999942,-554.2999999999884
WERRIBEE - WEST,129.0,122.0,121.0,87.0,-32.89999999999418,-71.39999999999418,-109.89999999999418,-148.39999999999418,-186.89999999999418
CARRUM DOWNS,136.0,129.0,129.0,92.0,-35.5,-76.40000000000873,-117.30000000000291,-158.1999999999971,-199.10000000000582
FRANKSTON,203.0,193.0,194.0,139.0,-51.39999999999418,-112.19999999999709,-173.0,-233.8000000000029,-294.6000000000058
FRANKSTON SOUTH,123.0,118.0,117.0,84.0,-32.40000000000873,-69.60000000000582,-106.80000000000291,-144.0,-181.1999999999971
LANGWARRIN,69.0,67.0,66.0,46.0,-18.099999999998545,-39.0,-59.900000000001455,-80.80000000000291,-101.70000000000437
SEAFORD (VIC.),99.0,95.0,92.0,67.0,-26.80000000000291,-56.80000000000291,-86.80000000000291,-116.80000000000291,-146.8000000000029
SKYE - SANDHURST,100.0,96.0,94.0,67.0,-26.900000000001455,-57.19999999999709,-87.5,-117.80000000000291,-148.09999999999854
DROMANA,58.0,56.0,56.0,39.0,-15.69999999999709,-33.400000000001455,-51.099999999998545,-68.79999999999563,-86.5
FLINDERS,36.0,33.0,32.0,24.0,-9.69999999999709,-20.399999999997817,-31.099999999998545,-41.79999999999927,-52.5
HASTINGS - SOMERS,69.0,67.0,66.0,46.0,-18.099999999998545,-39.0,-59.900000000001455,-80.80000000000291,-101.70000000000437
ROSEBUD - MCCRAE,78.0,75.0,74.0,53.0,-7.0,-27.200000000004366,-47.400000000001455,-67.59999999999854,-87.80000000000291
MORNINGTON,131.0,125.0,124.0,90.0,-33.5,-72.80000000000291,-112.10000000000582,-151.40000000000873,-190.70000000001164
STAWELL,32.0,31.0,32.0,24.0,-1.5,-9.600000000000364,-17.700000000000728,-25.799999999999272,-33.900000000001455
WEST WIMMERA,3.0,2.0,2.0,2.0,0.0,-0.6000000000001364,-1.2000000000000455,-1.7999999999999545,-2.400000000000091
YARRIAMBIACK,16.0,15.0,15.0,11.0,-1.8000000000010914,-6.0,-10.200000000000728,-14.400000000001455,-18.600000000000364
MOUNT ELIZA,145.0,147.0,144.0,103.0,-66.0,-117.80000000000291,-169.60000000000582,-221.40000000000873,-273.20000000001164
RED CLIFFS,20.0,20.0,21.0,14.0,-6.0,-12.399999999999636,-18.799999999999272,-25.19999999999891,-31.599999999998545
MOUNT MARTHA,98.0,93.0,92.0,66.0,-26.69999999999709,-56.400000000001455,-86.09999999999854,-115.79999999999563,-145.5
POINT NEPEAN,66.0,67.0,68.0,48.0,-5.099999999998545,-22.599999999998545,-40.099999999998545,-57.599999999998545,-75.09999999999854
GANNAWARRA,3.0,2.0,2.0,2.0,0.0,-0.6000000000001364,-1.2000000000000455,-1.7999999999999545,-2.400000000000091
SOMERVILLE,50.0,49.0,50.0,34.0,-13.100000000002183,-28.400000000001455,-43.70000000000073,-59.0,-74.29999999999927
LOCKINGTON - GUNBOWER,4.0,4.0,4.0,2.0,-0.20000000000004547,-1.2000000000000455,-2.2000000000000455,-3.2000000000000455,-4.2000000000000455
ARARAT,48.0,48.0,47.0,34.0,-4.0,-16.600000000002183,-29.200000000000728,-41.79999999999927,-54.400000000001455
ARARAT REGION,16.0,17.0,17.0,12.0,-1.8999999999996362,-6.399999999999636,-10.899999999999636,-15.399999999999636,-19.899999999999636
HORSHAM,55.0,56.0,56.0,39.0,-4.099999999998545,-18.599999999998545,-33.099999999998545,-47.599999999998545,-62.099999999998545
HORSHAM REGION,3.0,2.0,2.0,2.0,0.0,-0.6000000000001364,-1.2000000000000455,-1.7999999999999545,-2.400000000000091
NHILL REGION,17.0,16.0,17.0,11.0,-1.8999999999996362,-6.399999999999636,-10.899999999999636,-15.399999999999636,-19.899999999999636
ST ARNAUD,11.0,11.0,10.0,8.0,-1.0999999999994543,-4.0,-6.899999999999636,-9.799999999999272,-12.699999999999818
IRYMPLE,19.0,20.0,21.0,14.0,-4.799999999999272,-10.799999999999272,-16.799999999999272,-22.799999999999272,-28.799999999999272
MERBEIN,12.0,11.0,12.0,10.0,-1.699999999999818,-5.0,-8.300000000000182,-11.600000000000364,-14.900000000000546
MILDURA REGION,38.0,43.0,42.0,30.0,-8.899999999997817,-21.0,-33.099999999998545,-45.19999999999709,-57.29999999999927
MILDURA - NORTH,249.0,263.0,260.0,186.0,-60.89999999999418,-138.39999999999418,-215.89999999999418,-293.3999999999942,-370.8999999999942
MILDURA - SOUTH,112.0,112.0,111.0,80.0,-29.0,-63.40000000000873,-97.80000000000291,-132.1999999999971,-166.60000000000582
BULOKE,16.0,17.0,17.0,12.0,-1.8999999999996362,-6.399999999999636,-10.899999999999636,-15.399999999999636,-19.899999999999636
KERANG,3.0,2.0,2.0,2.0,0.0,-0.6000000000001364,-1.2000000000000455,-1.7999999999999545,-2.400000000000091
ROBINVALE,78.0,82.0,83.0,58.0,-18.599999999998545,-42.80000000000291,-67.0,-91.19999999999709,-115.40000000000146
SHEPPARTON REGION - EAST,16.0,15.0,15.0,11.0,-4.199999999998909,-9.0,-13.799999999999272,-18.599999999998545,-23.399999999999636
SHEPPARTON REGION - WEST,49.0,50.0,50.0,35.0,-13.100000000002183,-28.400000000001455,-43.70000000000073,-59.0,-74.29999999999927
SWAN HILL,50.0,45.0,44.0,31.0,-13.80000000000291,-28.600000000002183,-43.400000000001455,-58.20000000000073,-73.0
SWAN HILL REGION,24.0,24.0,25.0,19.0,-5.5,-12.800000000001091,-20.100000000000364,-27.399999999999636,-34.70000000000073
ECHUCA,42.0,37.0,36.0,27.0,-5.400000000001455,-16.200000000000728,-27.0,-37.79999999999927,-48.599999999998545
KYABRAM,29.0,29.0,30.0,22.0,-0.6999999999989086,-8.0,-15.299999999999272,-22.599999999998545,-29.899999999999636
ROCHESTER,3.0,2.0,2.0,2.0,0.0,-0.6000000000001364,-1.2000000000000455,-1.7999999999999545,-2.400000000000091
RUSHWORTH,4.0,4.0,4.0,2.0,-0.20000000000004547,-1.2000000000000455,-2.2000000000000455,-3.2000000000000455,-4.2000000000000455
COBRAM,49.0,50.0,50.0,35.0,-4.299999999999272,-17.400000000001455,-30.5,-43.599999999998545,-56.70000000000073
MOIRA,14.0,13.0,13.0,9.0,-2.199999999999818,-6.0,-9.800000000000182,-13.600000000000364,-17.400000000000546
NUMURKAH,32.0,33.0,32.0,24.0,-2.5,-11.0,-19.5,-28.0,-36.5
GLENELG (VIC.),16.0,15.0,15.0,11.0,-1.8000000000010914,-6.0,-10.200000000000728,-14.400000000001455,-18.600000000000364
YARRAWONGA,17.0,18.0,19.0,12.0,-2.0,-6.800000000001091,-11.600000000000364,-16.399999999999636,-21.200000000000728
MOOROOPNA,44.0,44.0,43.0,34.0,-11.599999999998545,-25.200000000000728,-38.79999999999927,-52.39999999999782,-66.0
SHEPPARTON - NORTH,209.0,210.0,209.0,149.0,-53.10000000000582,-117.19999999999709,-181.3000000000029,-245.40000000000873,-309.5
SHEPPARTON - SOUTH,225.0,227.0,225.0,161.0,-56.79999999998836,-125.79999999998836,-194.79999999998836,-263.79999999998836,-332.79999999998836
HAMILTON (VIC.),39.0,38.0,38.0,28.0,-3.399999999997817,-13.599999999998545,-23.799999999999272,-34.0,-44.20000000000073
PORTLAND,19.0,19.0,20.0,14.0,-0.9000000000014552,-5.800000000001091,-10.700000000000728,-15.600000000000364,-20.5
SOUTHERN GRAMPIANS,18.0,18.0,24.0,13.0,-0.1000000000003638,-4.799999999999272,-9.5,-14.200000000000728,-18.899999999999636
COLAC,44.0,34.0,39.0,26.0,-5.0,-15.799999999999272,-26.599999999998545,-37.39999999999782,-48.19999999999709
CAMPERDOWN,5.0,5.0,6.0,4.0,-0.09999999999990905,-1.3999999999996362,-2.699999999999818,-4.0,-5.299999999999727
WARRNAMBOOL - NORTH,156.0,158.0,161.0,112.0,-12.39999999999418,-53.80000000000291,-95.19999999999709,-136.59999999999127,-178.0
WARRNAMBOOL - SOUTH,146.0,147.0,149.0,104.0,-12.10000000000582,-50.80000000000291,-89.5,-128.1999999999971,-166.89999999999418
