suburb,net_internal_migration_2016_17,net_internal_migration_2017_18,net_internal_migration_2018_19,net_internal_migration_2019_20,net_internal_migration_2020_21,net_internal_migration_2021_22,net_internal_migration_2022_23,net_internal_migration_2023_24,net_internal_migration_2024_25
GORDON (VIC.),39.0,31.0,70.0,63.0,39.600000000000364,38.20000000000027,36.80000000000018,35.40000000000009,34.0
AVOCA,-1.0,13.0,9.0,7.0,43.60000000000218,53.0,62.400000000001455,71.80000000000291,81.20000000000073
BEAUFORT,42.0,-41.0,96.0,76.0,68.5,77.79999999999927,87.09999999999854,96.39999999999782,105.69999999999709
GOLDEN PLAINS - NORTH,66.0,70.0,79.0,55.0,48.30000000000109,43.20000000000073,38.100000000000364,33.0,27.899999999999636
YACKANDANDAH,-13.0,8.0,48.0,55.0,91.89999999999418,111.79999999999563,131.6999999999971,151.59999999999854,171.5
DROUIN,522.0,507.0,507.0,616.0,591.5,608.4000000000015,625.3000000000029,642.2000000000044,659.1000000000058
MOUNT BAW BAW REGION,-2.0,16.0,8.0,-15.0,43.70000000000073,53.599999999998545,63.5,73.40000000000146,83.29999999999927
TRAFALGAR (VIC.),97.0,24.0,28.0,25.0,77.70000000000073,83.60000000000036,89.5,95.39999999999964,101.29999999999927
WARRAGUL,307.0,458.0,461.0,524.0,812.7999999999884,914.7999999999884,1016.7999999999884,1118.7999999999884,1220.7999999999884
BAIRNSDALE,203.0,192.0,112.0,48.0,76.40000000000146,54.0,31.599999999998545,9.19999999999709,-13.200000000004366
BRUTHEN - OMEO,58.0,54.0,19.0,90.0,145.0,168.20000000000437,191.40000000000146,214.59999999999854,237.8000000000029
LAKES ENTRANCE,111.0,158.0,128.0,200.0,262.1999999999971,293.40000000000146,324.59999999999854,355.79999999999563,387.0
ORBOST,-14.0,20.0,-34.0,30.0,73.40000000000146,92.60000000000582,111.80000000000291,131.0,150.20000000000437
PAYNESVILLE,138.0,204.0,213.0,134.0,205.1999999999989,213.39999999999964,221.60000000000036,229.8000000000011,238.00000000000182
FOSTER,31.0,18.0,64.0,178.0,170.8000000000029,201.40000000000146,232.0,262.59999999999854,293.1999999999971
FRENCH ISLAND,0.0,0.0,0.0,0.0,0.0,0.0,0.0,0.0,0.0
KORUMBURRA,41.0,66.0,91.0,137.0,86.10000000000036,90.60000000000036,95.10000000000036,99.60000000000036,104.10000000000036
LEONGATHA,14.0,70.0,103.0,2.0,97.0,109.39999999999782,121.79999999999927,134.20000000000073,146.59999999999854
PHILLIP ISLAND,283.0,339.0,297.0,351.0,468.59999999999127,508.3999999999942,548.1999999999971,588.0,627.8000000000029
WONTHAGGI - INVERLOCH,504.0,533.0,593.0,754.0,1046.3000000000175,1169.0,1291.7000000000116,1414.4000000000233,1537.1000000000058
CHURCHILL,-114.0,-84.0,-58.0,-14.0,36.19999999999709,66.19999999999709,96.19999999999709,126.19999999999709,156.1999999999971
MOE - NEWBOROUGH,-34.0,-70.0,-5.0,60.0,108.0,142.40000000000873,176.8000000000029,211.1999999999971,245.60000000000582
MORWELL,-75.0,-61.0,7.0,-49.0,54.60000000000582,81.20000000000437,107.80000000000291,134.40000000000146,161.0
TRARALGON,89.0,52.0,50.0,47.0,36.70000000000073,29.399999999999636,22.100000000000364,14.800000000001091,7.5
YALLOURN NORTH - GLENGARRY,-39.0,-12.0,21.0,26.0,50.0,65.60000000000218,81.20000000000073,96.79999999999927,112.40000000000146
ALPS - WEST,0.0,0.0,0.0,0.0,0.0,0.0,0.0,0.0,0.0
LONGFORD - LOCH SPORT,7.0,0.0,32.0,114.0,119.0,143.59999999999854,168.1999999999971,192.79999999999563,217.39999999999418
MAFFRA,24.0,2.0,10.0,72.0,82.60000000000218,98.40000000000146,114.20000000000073,130.0,145.79999999999927
ROSEDALE,34.0,-40.0,1.0,-149.0,-42.29999999999927,-49.600000000000364,-56.899999999999636,-64.19999999999891,-71.5
NORTH MELBOURNE,-91.0,284.0,-284.0,220.0,-99.59999999999854,-128.0,-156.40000000000146,-184.8000000000029,-213.20000000000437
HAWTHORN EAST,-6.0,-11.0,-108.0,-51.0,-319.6000000000058,-391.4000000000233,-463.20000000001164,-535.0,-606.8000000000175
PARKVILLE,21.0,-147.0,62.0,-149.0,-268.6000000000058,-326.1999999999971,-383.8000000000029,-441.40000000000873,-499.0
SOUTH YARRA - WEST,204.0,1.0,-4.0,-158.0,-363.0999999999767,-470.19999999998254,-577.2999999999884,-684.3999999999942,-791.5
CHELTENHAM - HIGHETT (WEST),89.0,199.0,22.0,102.0,-36.90000000000873,-73.60000000000582,-110.30000000000291,-147.0,-183.6999999999971
ORMOND - GLEN HUNTLY,-399.0,-389.0,-417.0,-368.0,-464.90000000000146,-482.0,-499.09999999999854,-516.1999999999971,-533.2999999999956
BENTLEIGH EAST (NORTH),-78.0,3.0,217.0,144.0,167.09999999999127,202.0,236.89999999999418,271.79999999998836,306.6999999999971
SUNBURY - SOUTH,471.0,569.0,897.0,683.0,508.3999999999942,483.79999999999563,459.1999999999971,434.59999999999854,410.0
KNOXFIELD - SCORESBY,274.0,195.0,143.0,-39.0,-284.0,-403.19999999998254,-522.3999999999942,-641.6000000000058,-760.7999999999884
BRUNSWICK EAST,420.0,361.0,99.0,408.0,210.09999999999854,178.39999999999418,146.6999999999971,115.0,83.29999999999563
HAMPTON,-69.0,-62.0,-19.0,11.0,-190.09999999999127,-225.39999999999418,-260.6999999999971,-296.0,-331.3000000000029
SOUTHBANK,815.0,1269.0,1007.0,428.0,535.2999999999884,431.3999999999942,327.5,223.60000000000582,119.70000000001164
ST KILDA EAST,-267.0,-201.0,-185.0,-326.0,-543.5,-620.1999999999825,-696.8999999999942,-773.6000000000058,-850.2999999999884
ARMADALE,-3.0,369.0,33.0,-59.0,-244.19999999998254,-332.79999999998836,-421.3999999999942,-510.0,-598.6000000000058
BACCHUS MARSH,435.0,379.0,506.0,606.0,660.3000000000029,713.0,765.6999999999971,818.3999999999942,871.0999999999913
PRAHRAN - WINDSOR,-155.0,-282.0,-368.0,-285.0,-622.7000000000116,-716.2000000000116,-809.7000000000116,-903.2000000000116,-996.7000000000116
HILLSIDE,1101.0,709.0,527.0,200.0,516.5,451.0,385.5,320.0,254.5
ELSTERNWICK,-89.0,-47.0,-49.0,-61.0,-259.1999999999971,-307.6000000000058,-356.0,-404.3999999999942,-452.8000000000029
MELTON,-97.0,42.0,79.0,-173.0,-436.8999999999942,-539.2000000000116,-641.5,-743.7999999999884,-846.1000000000058
COLAC REGION,-73.0,-48.0,-38.0,-2.0,-9.799999999999272,0.5999999999985448,11.0,21.400000000001455,31.799999999999272
CORANGAMITE - NORTH,-17.0,-41.0,-13.0,35.0,49.0,65.79999999999563,82.59999999999854,99.40000000000146,116.19999999999709
WHITE HILLS - ASCOT,362.0,356.0,422.0,325.0,321.7000000000007,310.0,298.2999999999993,286.59999999999854,274.8999999999978
BENDIGO REGION - SOUTH,151.0,130.0,63.0,146.0,101.0,94.60000000000036,88.20000000000073,81.80000000000109,75.40000000000146
CORANGAMITE - SOUTH,-101.0,-82.0,-107.0,-92.0,-88.40000000000009,-86.60000000000036,-84.80000000000018,-83.0,-81.20000000000027
BENDIGO REGION - NORTH,32.0,54.0,5.0,38.0,45.80000000000018,48.80000000000018,51.80000000000018,54.80000000000018,57.80000000000018
LODDON,-43.0,4.0,-14.0,11.0,70.70000000000437,92.80000000000291,114.90000000000146,137.0,159.09999999999854
BANNOCKBURN,276.0,177.0,189.0,172.0,50.09999999999127,8.0,-34.10000000000582,-76.20000000001164,-118.30000000000291
GOLDEN PLAINS - SOUTH,68.0,100.0,139.0,101.0,226.6999999999971,259.6000000000058,292.5,325.3999999999942,358.3000000000029
WINCHELSEA,-15.0,10.0,77.0,114.0,183.0,222.8000000000029,262.6000000000058,302.40000000000873,342.20000000001164
BRUNSWICK WEST,-218.0,-11.0,-52.0,1.0,-32.80000000000291,-15.80000000000291,1.1999999999970896,18.19999999999709,35.19999999999709
SOUTH YARRA - EAST,324.0,116.0,-433.0,-393.0,-530.7000000000116,-673.0,-815.2999999999884,-957.5999999999767,-1099.899999999965
ALFREDTON,490.0,566.0,582.0,760.0,1158.2000000000116,1308.2000000000116,1458.2000000000116,1608.2000000000116,1758.2000000000116
TOORAK,-74.0,-84.0,-65.0,-36.0,-111.40000000000146,-121.40000000000146,-131.40000000000146,-141.40000000000146,-151.40000000000146
SURREY HILLS (WEST) - CANTERBURY,-16.0,-57.0,-64.0,-255.0,-304.1999999999971,-364.79999999998836,-425.3999999999942,-486.0,-546.5999999999913
HUGHESDALE,-110.0,-152.0,-102.0,-39.0,-103.09999999999945,-100.39999999999964,-97.69999999999982,-95.0,-92.30000000000018
OTWAY,-19.0,-37.0,-4.0,21.0,32.20000000000073,44.599999999998545,57.0,69.40000000000146,81.79999999999927
BALLARAT,-126.0,-105.0,-2.0,-138.0,-94.09999999999991,-93.59999999999991,-93.09999999999991,-92.59999999999991,-92.09999999999991
COBURG,-318.0,-381.0,-227.0,-339.0,-361.59999999999854,-371.7999999999993,-382.0,-392.2000000000007,-402.40000000000146
BALLARAT - NORTH,175.0,32.0,134.0,22.0,63.0,51.60000000000218,40.20000000000073,28.799999999999272,17.400000000001455
BALLARAT - SOUTH,87.0,91.0,-58.0,-196.0,-273.5,-349.6000000000058,-425.70000000001164,-501.80000000001746,-577.9000000000233
BACCHUS MARSH REGION,61.0,45.0,16.0,82.0,24.100000000000364,17.799999999999272,11.5,5.200000000000728,-1.1000000000003638
CRESWICK - CLUNES,50.0,46.0,55.0,64.0,62.399999999999636,65.19999999999982,68.0,70.80000000000018,73.60000000000036
BUNINYONG,85.0,24.0,49.0,-46.0,-112.0,-151.59999999999127,-191.1999999999971,-230.8000000000029,-270.3999999999942
DELACOMBE,200.0,292.0,538.0,646.0,880.5999999999767,1015.7999999999884,1151.0,1286.2000000000116,1421.4000000000233
DAYLESFORD,33.0,68.0,52.0,105.0,125.29999999999563,143.0,160.6999999999971,178.39999999999418,196.09999999999854
SMYTHES CREEK,-20.0,2.0,26.0,11.0,45.69999999999709,57.39999999999782,69.09999999999854,80.79999999999927,92.5
WENDOUREE - MINERS REST,-44.0,-16.0,-55.0,13.0,52.30000000000291,73.40000000000146,94.5,115.59999999999854,136.6999999999971
MARYBOROUGH (VIC.),64.0,75.0,34.0,22.0,6.30000000000291,-6.399999999997817,-19.099999999998545,-31.799999999999272,-44.5
MARYBOROUGH REGION,57.0,43.0,9.0,-18.0,52.099999999998545,56.19999999999891,60.29999999999927,64.39999999999964,68.5
BENDIGO,-86.0,-58.0,-37.0,-131.0,-135.90000000000146,-151.79999999999927,-167.70000000000073,-183.60000000000218,-199.5
CALIFORNIA GULLY - EAGLEHAWK,178.0,183.0,184.0,163.0,168.0,165.19999999999982,162.39999999999964,159.59999999999945,156.79999999999927
BELMONT,-6.0,-77.0,-17.0,-87.0,-164.8000000000029,-196.59999999999854,-228.40000000000146,-260.20000000000437,-292.0
CORIO - NORLANE,-174.0,-268.0,-318.0,-291.0,-355.1000000000058,-383.20000000000437,-411.3000000000029,-439.40000000000146,-467.5
EAST BENDIGO - KENNINGTON,10.0,-68.0,-8.0,-131.0,55.69999999999709,77.40000000000146,99.09999999999854,120.79999999999563,142.5
FLORA HILL - SPRING GULLY,-84.0,-70.0,-42.0,17.0,-44.900000000001455,-40.80000000000109,-36.70000000000073,-32.600000000000364,-28.5
MOYNE - EAST,-79.0,-56.0,-29.0,10.0,70.0,100.79999999999563,131.59999999999854,162.40000000000146,193.1999999999971
KANGAROO FLAT - GOLDEN SQUARE,30.0,54.0,108.0,66.0,135.59999999999854,155.39999999999418,175.1999999999971,195.0,214.79999999999563
MOYNE - WEST,22.0,25.0,-4.0,-26.0,55.69999999999709,66.39999999999782,77.09999999999854,87.79999999999927,98.5
MAIDEN GULLY,37.0,66.0,6.0,77.0,35.099999999999454,33.0,30.899999999999636,28.799999999999272,26.699999999999818
PASCOE VALE SOUTH,127.0,36.0,-38.0,-102.0,-316.20000000001164,-406.20000000001164,-496.20000000001164,-586.2000000000116,-676.2000000000116
STRATHFIELDSAYE,197.0,314.0,312.0,328.0,376.1999999999971,403.1999999999971,430.1999999999971,457.1999999999971,484.1999999999971
KENSINGTON (VIC.),-171.0,-122.0,11.0,-227.0,-241.09999999999854,-270.0,-298.90000000000146,-327.8000000000029,-356.70000000000437
CASTLEMAINE,138.0,148.0,121.0,167.0,110.5,103.0,95.5,88.0,80.5
CASTLEMAINE REGION,54.0,0.0,76.0,83.0,180.6999999999971,214.60000000000582,248.5,282.3999999999942,316.3000000000029
HEATHCOTE,57.0,86.0,58.0,109.0,121.89999999999782,134.59999999999854,147.29999999999927,160.0,172.70000000000073
KYNETON,109.0,126.0,105.0,106.0,146.60000000000218,155.0,163.40000000000146,171.8000000000029,180.20000000000073
WOODEND,113.0,117.0,124.0,91.0,164.59999999999854,177.20000000000073,189.79999999999927,202.39999999999782,215.0
GEELONG,-4.0,-35.0,-142.0,15.0,-3.7999999999992724,5.0,13.799999999999272,22.599999999998545,31.399999999997817
GEELONG WEST - HAMLYN HEIGHTS,-149.0,-39.0,-16.0,96.0,111.5,155.59999999999127,199.6999999999971,243.8000000000029,287.8999999999942
GROVEDALE,1512.0,1690.0,1482.0,1874.0,2074.7999999999884,2194.600000000006,2314.399999999994,2434.1999999999825,2554.0
LEOPOLD,227.0,106.0,-32.0,9.0,-108.09999999999127,-164.39999999999418,-220.6999999999971,-277.0,-333.3000000000029
HIGHTON,-101.0,13.0,-23.0,-211.0,152.1999999999971,205.79999999998836,259.3999999999942,313.0,366.59999999999127
LARA,412.0,499.0,355.0,121.0,129.60000000000582,62.60000000000582,-4.399999999994179,-71.39999999999418,-138.39999999999418
POINT LONSDALE - QUEENSCLIFF,65.0,85.0,107.0,280.0,350.09999999999127,412.3999999999942,474.6999999999971,537.0,599.3000000000029
MELBOURNE,893.0,-81.0,-1033.0,-717.0,-1227.0,-1547.4000000000233,-1867.8000000000466,-2188.20000000007,-2508.600000000093
NEWCOMB - MOOLAP,13.0,35.0,110.0,-33.0,-43.19999999999709,-62.599999999998545,-82.0,-101.40000000000146,-120.80000000000291
NEWTOWN (VIC.),-58.0,-48.0,-40.0,-18.0,-43.40000000000009,-42.40000000000009,-41.40000000000009,-40.40000000000009,-39.40000000000009
NORTH GEELONG - BELL PARK,129.0,29.0,224.0,-61.0,-125.80000000000291,-182.0,-238.1999999999971,-294.3999999999942,-350.59999999999127
KILMORE - BROADFORD,254.0,286.0,439.0,214.0,260.59999999999854,251.59999999999854,242.59999999999854,233.59999999999854,224.59999999999854
MANSFIELD (VIC.),74.0,114.0,126.0,265.0,347.09999999999127,405.0,462.8999999999942,520.7999999999884,578.6999999999971
NAGAMBIE,38.0,71.0,46.0,130.0,156.6999999999971,181.1999999999971,205.6999999999971,230.1999999999971,254.6999999999971
CLIFTON SPRINGS,445.0,476.0,696.0,455.0,549.8999999999978,561.0,572.0999999999985,583.1999999999971,594.2999999999993
LORNE - ANGLESEA,59.0,49.0,14.0,144.0,251.90000000000873,301.0,350.1000000000058,399.20000000001164,448.3000000000029
OCEAN GROVE - BARWON HEADS,915.0,996.0,1090.0,1087.0,1212.699999999997,1268.0,1323.300000000003,1378.6000000000058,1433.9000000000087
MYRTLEFORD,15.0,0.0,52.0,42.0,54.20000000000073,62.599999999998545,71.0,79.40000000000146,87.79999999999927
TOWONG,-12.0,10.0,2.0,74.0,30.80000000000109,37.0,43.20000000000073,49.400000000001455,55.600000000000364
WEST WODONGA,-109.0,-37.0,-4.0,6.0,55.099999999998545,82.59999999999854,110.09999999999854,137.59999999999854,165.09999999999854
WODONGA,301.0,193.0,197.0,155.0,285.2000000000007,298.2000000000007,311.2000000000007,324.2000000000007,337.2000000000007
PORTARLINGTON,194.0,256.0,259.0,436.0,609.7999999999884,699.7999999999884,789.7999999999884,879.7999999999884,969.7999999999884
TORQUAY,471.0,453.0,793.0,774.0,1091.0999999999767,1223.7999999999884,1356.5,1489.2000000000116,1621.9000000000233
ALEXANDRA,35.0,79.0,33.0,-8.0,77.5,86.0,94.5,103.0,111.5
EUROA,58.0,89.0,71.0,81.0,93.0,98.19999999999891,103.39999999999964,108.60000000000036,113.79999999999927
SEYMOUR,-67.0,-71.0,-28.0,-55.0,20.80000000000291,40.80000000000291,60.80000000000291,80.80000000000291,100.80000000000291
SEYMOUR REGION,-10.0,-90.0,-98.0,-106.0,-81.20000000000073,-86.20000000000073,-91.20000000000073,-96.20000000000073,-101.20000000000073
UPPER YARRA VALLEY,2.0,3.0,2.0,2.0,7.5,8.799999999999727,10.099999999999909,11.400000000000091,12.699999999999818
YEA,44.0,80.0,13.0,73.0,82.30000000000109,90.0,97.70000000000073,105.40000000000146,113.10000000000036
BENALLA,26.0,30.0,23.0,64.0,65.60000000000218,74.40000000000146,83.20000000000073,92.0,100.79999999999927
BENALLA REGION,-10.0,15.0,-9.0,44.0,19.5,23.600000000000364,27.700000000000728,31.80000000000109,35.900000000001455
RUTHERGLEN,19.0,38.0,34.0,15.0,14.100000000000364,10.800000000000182,7.5,4.199999999999818,0.8999999999996362
WANGARATTA,107.0,149.0,60.0,-6.0,76.10000000000036,70.40000000000146,64.70000000000073,59.0,53.30000000000109
WANGARATTA REGION,29.0,-11.0,-47.0,-68.0,-25.100000000000364,-29.400000000001455,-33.70000000000073,-38.0,-42.30000000000109
BEECHWORTH,102.0,76.0,65.0,94.0,34.0,21.0,8.0,-5.0,-18.0
BRIGHT - MOUNT BEAUTY,21.0,35.0,-3.0,82.0,133.29999999999563,160.0,186.6999999999971,213.39999999999418,240.09999999999854
CHILTERN - INDIGO VALLEY,-12.0,-2.0,19.0,5.0,-1.5,-1.5999999999999943,-1.6999999999999886,-1.799999999999983,-1.9000000000000057
SALE,-97.0,-10.0,29.0,82.0,189.8000000000029,244.20000000001164,298.6000000000058,353.0,407.40000000000873
YARRAM,19.0,30.0,26.0,84.0,53.399999999999636,59.20000000000073,65.0,70.79999999999927,76.60000000000036
BRUNSWICK,-73.0,132.0,8.0,-101.0,-544.0999999999767,-680.5999999999767,-817.0999999999767,-953.5999999999767,-1090.0999999999767
ALPHINGTON - FAIRFIELD,-25.0,-75.0,27.0,59.0,-106.0,-127.20000000000437,-148.40000000000146,-169.59999999999854,-190.8000000000029
NORTHCOTE,91.0,100.0,-58.0,-14.0,-534.5999999999767,-681.5999999999767,-828.5999999999767,-975.5999999999767,-1122.5999999999767
THORNBURY,-86.0,-102.0,-100.0,-43.0,-238.5,-275.8000000000029,-313.1000000000058,-350.40000000000873,-387.70000000001164
ASCOT VALE,-81.0,-132.0,-204.0,-184.0,-264.0,-297.1999999999971,-330.3999999999942,-363.59999999999127,-396.79999999998836
ESSENDON - ABERFELDIE,197.0,74.0,26.0,35.0,-456.29999999998836,-597.7999999999884,-739.2999999999884,-880.7999999999884,-1022.2999999999884
FLEMINGTON,-388.0,-151.0,-326.0,-339.0,-535.6000000000058,-594.6000000000058,-653.6000000000058,-712.6000000000058,-771.6000000000058
MOONEE PONDS,-89.0,-39.0,22.0,151.0,5.799999999999272,14.19999999999709,22.599999999998545,31.0,39.39999999999782
CARLTON,-518.0,-727.0,-651.0,-404.0,-338.70000000001164,-274.40000000000873,-210.10000000000582,-145.8000000000029,-81.5
DOCKLANDS,736.0,504.0,13.0,-398.0,-359.5999999999767,-551.5999999999767,-743.5999999999767,-935.5999999999767,-1127.5999999999767
EAST MELBOURNE,42.0,-13.0,76.0,80.0,-43.5,-63.400000000001455,-83.30000000000291,-103.20000000000437,-123.10000000000582
FLEMINGTON RACECOURSE,0.0,0.0,0.0,0.0,0.0,0.0,0.0,0.0,0.0
ALBERT PARK,-220.0,61.0,212.0,-191.0,-235.20000000001164,-282.40000000000873,-329.6000000000058,-376.8000000000029,-424.0
ELWOOD,-234.0,-315.0,-283.0,-369.0,-520.0,-579.5999999999913,-639.1999999999971,-698.8000000000029,-758.3999999999942
PORT MELBOURNE,-211.0,-227.0,-157.0,-355.0,-265.0,-276.3999999999978,-287.7999999999993,-299.2000000000007,-310.59999999999854
PORT MELBOURNE INDUSTRIAL,0.0,222.0,165.0,229.0,214.09999999999854,237.0,259.90000000000146,282.8000000000029,305.70000000000437
SOUTH MELBOURNE,-97.0,59.0,34.0,-38.0,-135.3000000000029,-164.59999999999854,-193.90000000000146,-223.20000000000437,-252.5
ST KILDA,-259.0,-48.0,-385.0,-381.0,-738.2999999999884,-864.6000000000058,-990.8999999999942,-1117.1999999999825,-1243.5
ABBOTSFORD,355.0,120.0,-26.0,61.0,-123.89999999999418,-199.59999999997672,-275.29999999998836,-351.0,-426.69999999998254
CARLTON NORTH - PRINCES HILL,-136.0,-144.0,-169.0,-86.0,-226.40000000000146,-248.0,-269.59999999999854,-291.1999999999971,-312.79999999999563
COLLINGWOOD,169.0,123.0,186.0,195.0,-78.80000000000291,-138.8000000000029,-198.8000000000029,-258.8000000000029,-318.8000000000029
FITZROY,-152.0,-139.0,-155.0,-231.0,-384.6000000000058,-441.6000000000058,-498.6000000000058,-555.6000000000058,-612.6000000000058
FITZROY NORTH,-58.0,-8.0,40.0,3.0,-256.8999999999942,-316.8000000000029,-376.6999999999971,-436.59999999999127,-496.5
MURRUMBEENA,-172.0,-182.0,-135.0,-199.0,-142.6999999999989,-135.79999999999927,-128.89999999999964,-122.0,-115.10000000000036
RICHMOND (VIC.),22.0,-28.0,237.0,-383.0,-962.1000000000349,-1205.0,-1447.9000000000233,-1690.8000000000466,-1933.7000000000116
ASHBURTON (VIC.),-49.0,-25.0,-50.0,-74.0,-188.90000000000873,-225.0,-261.1000000000058,-297.20000000001164,-333.3000000000029
BALWYN,-108.0,-164.0,-244.0,-344.0,-438.0,-503.6000000000058,-569.2000000000116,-634.8000000000175,-700.4000000000233
BENTLEIGH EAST (SOUTH),24.0,-21.0,18.0,90.0,134.6999999999971,164.40000000000146,194.09999999999854,223.79999999999563,253.5
YARRA - NORTH,-84.0,-54.0,234.0,19.0,68.90000000000146,86.40000000000146,103.90000000000146,121.40000000000146,138.90000000000146
HAWTHORN,-196.0,-199.0,-54.0,-332.0,-500.1000000000058,-579.6000000000058,-659.1000000000058,-738.6000000000058,-818.1000000000058
BALWYN NORTH,-186.0,-210.0,-189.0,-268.0,-250.79999999999927,-263.0,-275.2000000000007,-287.40000000000146,-299.6000000000022
CAMBERWELL,34.0,-68.0,-65.0,-218.0,-513.6000000000058,-631.6000000000058,-749.6000000000058,-867.6000000000058,-985.6000000000058
GLEN IRIS - EAST,13.0,-85.0,-66.0,-253.0,-282.8000000000029,-338.8000000000029,-394.8000000000029,-450.8000000000029,-506.8000000000029
KEW,-100.0,-156.0,-49.0,-318.0,-526.0,-625.3999999999942,-724.7999999999884,-824.1999999999825,-923.5999999999767
KEW EAST,-85.0,-93.0,-58.0,-21.0,-54.79999999999927,-49.600000000000364,-44.399999999999636,-39.19999999999891,-34.0
BULLEEN,-94.0,-71.0,-93.0,-32.0,-121.09999999999854,-131.20000000000073,-141.29999999999927,-151.39999999999782,-161.5
BRIGHTON (VIC.),78.0,19.0,-112.0,-293.0,-517.1999999999825,-642.7999999999884,-768.3999999999942,-894.0,-1019.6000000000058
DONCASTER,153.0,-55.0,316.0,444.0,399.1000000000058,460.8000000000029,522.5,584.1999999999971,645.8999999999942
BEAUMARIS,83.0,0.0,40.0,79.0,43.90000000000009,42.600000000000364,41.30000000000018,40.0,38.70000000000027
TEMPLESTOWE,-142.0,-178.0,-130.0,-167.0,-192.5,-202.39999999999782,-212.29999999999927,-222.20000000000073,-232.09999999999854
TEMPLESTOWE LOWER,-22.0,-61.0,-74.0,60.0,-98.69999999999709,-114.39999999999782,-130.09999999999854,-145.79999999999927,-161.5
DONCASTER EAST (NORTH),-215.0,-159.0,-101.0,-55.0,-125.79999999999927,-117.40000000000146,-109.0,-100.59999999999854,-92.20000000000073
DONCASTER EAST (SOUTH),-148.0,-259.0,204.0,-180.0,-111.30000000000018,-110.60000000000014,-109.90000000000009,-109.20000000000005,-108.5
BLACKBURN,28.0,-83.0,-48.0,-34.0,-285.5,-350.1999999999971,-414.8999999999942,-479.59999999999127,-544.2999999999884
BLACKBURN SOUTH,-69.0,-76.0,-62.0,-81.0,-211.3000000000029,-246.39999999999418,-281.5,-316.6000000000058,-351.6999999999971
BOX HILL,-320.0,-237.0,-378.0,-191.0,-217.8000000000029,-198.8000000000029,-179.8000000000029,-160.8000000000029,-141.8000000000029
BRIGHTON EAST,-70.0,-28.0,-79.0,-60.0,-83.0,-89.19999999999891,-95.39999999999964,-101.60000000000036,-107.79999999999927
BOX HILL NORTH,-394.0,-293.0,-319.0,-136.0,-109.70000000001164,-56.40000000000873,-3.1000000000058208,50.19999999999709,103.5
BURWOOD,-244.0,-360.0,-394.0,-202.0,-20.60000000000582,50.39999999999418,121.39999999999418,192.39999999999418,263.3999999999942
BURWOOD EAST,-261.0,-281.0,-251.0,-162.0,-65.90000000000873,-18.60000000000582,28.69999999999709,76.0,123.30000000000291
SURREY HILLS (EAST) - MONT ALBERT,-112.0,-99.0,-93.0,-158.0,-260.5,-298.40000000000873,-336.3000000000029,-374.1999999999971,-412.1000000000058
SANDRINGHAM - BLACK ROCK,68.0,150.0,131.0,107.0,54.30000000000291,40.60000000000218,26.900000000001455,13.200000000000728,-0.5
BENTLEIGH - MCKINNON,20.0,-9.0,123.0,-99.0,-108.0,-140.0,-172.0,-204.0,-236.0
CARNEGIE,-361.0,-169.0,-316.0,-250.0,-209.3000000000029,-190.8000000000029,-172.3000000000029,-153.8000000000029,-135.3000000000029
CAULFIELD - NORTH,-44.0,-236.0,-229.0,-31.0,-67.30000000000291,-49.80000000000291,-32.30000000000291,-14.80000000000291,2.6999999999970896
CAULFIELD - SOUTH,-102.0,-47.0,-83.0,-203.0,-232.60000000000582,-267.8000000000029,-303.0,-338.1999999999971,-373.3999999999942
ASPENDALE GARDENS - WATERWAYS,-114.0,-72.0,-118.0,-127.0,-221.5,-251.0,-280.5,-310.0,-339.5
BRAESIDE,0.0,0.0,0.0,0.0,0.0,0.0,0.0,0.0,0.0
CARRUM - PATTERSON LAKES,35.0,82.0,-43.0,-85.0,-130.90000000000873,-169.0,-207.10000000000582,-245.20000000001164,-283.3000000000029
CHELSEA - BONBEACH,103.0,89.0,60.0,45.0,-6.0,-28.599999999998545,-51.19999999999709,-73.79999999999563,-96.39999999999418
CHELSEA HEIGHTS,-29.0,-58.0,-31.0,9.0,-85.09999999999854,-97.79999999999927,-110.5,-123.20000000000073,-135.90000000000146
CHELTENHAM - HIGHETT (EAST),62.0,235.0,110.0,120.0,-148.70000000001164,-218.20000000001164,-287.70000000001164,-357.20000000001164,-426.70000000001164
EDITHVALE - ASPENDALE,-30.0,69.0,108.0,24.0,12.300000000001091,7.200000000000728,2.100000000000364,-3.0,-8.100000000000364
MENTONE,-72.0,-89.0,-85.0,-101.0,-309.79999999998836,-366.59999999999127,-423.3999999999942,-480.1999999999971,-537.0
MOORABBIN - HEATHERTON,-73.0,-49.0,-41.0,-30.0,-113.09999999999854,-127.59999999999854,-142.09999999999854,-156.59999999999854,-171.09999999999854
MORDIALLOC - PARKDALE,-57.0,-22.0,71.0,35.0,-26.5,-30.199999999999818,-33.899999999999636,-37.599999999999454,-41.29999999999927
MALVERN - GLEN IRIS,-50.0,-156.0,-39.0,-127.0,-424.5,-508.80000000001746,-593.1000000000058,-677.3999999999942,-761.7000000000116
MALVERN EAST,-186.0,-115.0,-176.0,-33.0,-4.2000000000116415,31.59999999999127,67.39999999999418,103.19999999999709,139.0
BUNDOORA - EAST,-156.0,-183.0,-150.0,-106.0,-191.10000000000218,-199.40000000000146,-207.70000000000073,-216.0,-224.29999999999927
GREENSBOROUGH,-104.0,-159.0,-131.0,-240.0,-429.5,-502.0,-574.5,-647.0,-719.5
HEIDELBERG - ROSANNA,65.0,-23.0,151.0,14.0,-218.5,-285.80000000001746,-353.1000000000058,-420.3999999999942,-487.70000000001164
HEIDELBERG WEST,-40.0,-122.0,55.0,-183.0,-376.29999999998836,-455.3999999999942,-534.5,-613.6000000000058,-692.7000000000116
IVANHOE EAST - EAGLEMONT,51.0,-71.0,-41.0,-159.0,-130.59999999999854,-157.0,-183.40000000000146,-209.8000000000029,-236.20000000000437
HAMPTON PARK - LYNBROOK,-486.0,-502.0,-593.0,-767.0,-1046.2999999999884,-1172.7999999999884,-1299.2999999999884,-1425.7999999999884,-1552.2999999999884
IVANHOE,203.0,33.0,48.0,-96.0,-268.5,-358.3999999999942,-448.29999999998836,-538.1999999999825,-628.0999999999767
BUNDOORA - WEST,-190.0,-164.0,-150.0,-101.0,-55.30000000000291,-27.80000000000291,-0.3000000000029104,27.19999999999709,54.69999999999709
MONTMORENCY - BRIAR HILL,-88.0,-123.0,-76.0,-33.0,-195.40000000000146,-221.60000000000582,-247.8000000000029,-274.0,-300.20000000000437
WALLAN,442.0,671.0,890.0,989.0,1245.399999999965,1393.0,1540.5999999999767,1688.1999999999534,1835.7999999999884
WHITTLESEA,154.0,129.0,115.0,186.0,650.2999999999884,777.3999999999942,904.5,1031.6000000000058,1158.7000000000116
VIEWBANK - YALLAMBIE,-175.0,-193.0,-230.0,-292.0,-319.5,-348.59999999999854,-377.6999999999971,-406.79999999999563,-435.8999999999942
WATSONIA,-70.0,-81.0,-118.0,-103.0,-154.1999999999971,-171.1999999999971,-188.1999999999971,-205.1999999999971,-222.1999999999971
KINGSBURY,-9.0,-174.0,-444.0,-275.0,-346.90000000000873,-390.6000000000058,-434.3000000000029,-478.0,-521.6999999999971
RESERVOIR - EAST,-194.0,-306.0,-329.0,-360.0,-544.8000000000175,-613.2000000000116,-681.6000000000058,-750.0,-818.3999999999942
LYNBROOK - LYNDHURST,12.0,34.0,-133.0,77.0,40.5,51.60000000000218,62.70000000000073,73.79999999999927,84.90000000000146
RESERVOIR - WEST,-247.0,-442.0,-382.0,-335.0,-606.5,-672.8000000000175,-739.1000000000058,-805.3999999999942,-871.7000000000116
PRESTON - EAST,-15.0,-73.0,-128.0,58.0,-150.5,-176.20000000000437,-201.90000000000146,-227.59999999999854,-253.3000000000029
PRESTON - WEST,-82.0,-126.0,-90.0,-93.0,-251.09999999999127,-289.3999999999942,-327.6999999999971,-366.0,-404.3000000000029
ELTHAM,-178.0,-161.0,-183.0,-212.0,-368.1000000000058,-415.8000000000029,-463.5,-511.1999999999971,-558.8999999999942
CROYDON HILLS - WARRANWOOD,-179.0,-170.0,-190.0,-189.0,-341.5,-382.0,-422.5,-463.0,-503.5
HURSTBRIDGE,-23.0,-28.0,-35.0,-24.0,-59.79999999999927,-68.0,-76.20000000000073,-84.40000000000146,-92.60000000000218
KINGLAKE,29.0,33.0,7.0,10.0,21.100000000000136,20.40000000000009,19.700000000000045,19.0,18.299999999999955
PANTON HILL - ST ANDREWS,-5.0,13.0,-43.0,-54.0,-75.70000000000073,-91.59999999999854,-107.5,-123.40000000000146,-139.29999999999927
PLENTY - YARRAMBAT,-14.0,-60.0,-18.0,-108.0,-137.20000000000437,-162.0,-186.8000000000029,-211.60000000000582,-236.40000000000146
RESEARCH - NORTH WARRANDYTE,-34.0,-74.0,-88.0,-16.0,3.399999999997817,18.0,32.599999999998545,47.19999999999709,61.79999999999927
WATTLE GLEN - DIAMOND CREEK,-39.0,-59.0,-83.0,14.0,-16.899999999999636,-9.0,-1.1000000000003638,6.799999999999272,14.699999999998909
BUNDOORA - NORTH,-53.0,-59.0,-180.0,-78.0,-53.5,-46.19999999999891,-38.899999999999636,-31.600000000000364,-24.299999999999272
LALOR,-162.0,-337.0,-358.0,-417.0,-572.8000000000175,-646.2000000000116,-719.6000000000058,-793.0,-866.3999999999942
MILL PARK - NORTH,-300.0,-265.0,-336.0,-323.0,-487.0,-534.0,-581.0,-628.0,-675.0
MILL PARK - SOUTH,-213.0,-281.0,-316.0,-194.0,-406.1000000000058,-444.6000000000058,-483.1000000000058,-521.6000000000058,-560.1000000000058
THOMASTOWN,-496.0,-469.0,-469.0,-552.0,-719.6999999999971,-777.6000000000058,-835.5,-893.3999999999942,-951.3000000000029
DOREEN,979.0,1241.0,978.0,732.0,362.70000000001164,195.20000000001164,27.70000000001164,-139.79999999998836,-307.29999999998836
EPPING - EAST,-139.0,-166.0,-229.0,-287.0,-458.70000000001164,-528.3999999999942,-598.1000000000058,-667.8000000000175,-737.5
EPPING - SOUTH,-169.0,-238.0,-152.0,-210.0,-265.59999999999854,-284.3999999999942,-303.1999999999971,-322.0,-340.79999999999563
EPPING - WEST,318.0,19.0,-100.0,-227.0,-382.6000000000058,-500.79999999998836,-619.0,-737.2000000000116,-855.3999999999942
COBURG NORTH,99.0,82.0,3.0,5.0,-151.10000000000582,-205.1999999999971,-259.3000000000029,-313.40000000000873,-367.5
CROYDON - EAST,17.0,-6.0,-112.0,56.0,-143.8000000000029,-176.8000000000029,-209.8000000000029,-242.8000000000029,-275.8000000000029
MERNDA,1800.0,1199.0,1188.0,626.0,-86.90000000002328,-453.60000000009313,-820.3000000000466,-1187.0,-1553.7000000000698
KILSYTH,43.0,28.0,80.0,12.0,-20.400000000001455,-36.20000000000073,-52.0,-67.79999999999927,-83.59999999999854
SOUTH MORANG (NORTH),10.0,-66.0,-37.0,-90.0,-193.8000000000029,-234.20000000001164,-274.6000000000058,-315.0,-355.40000000000873
FAWKNER,-197.0,-258.0,-160.0,-315.0,-408.1000000000058,-455.1999999999971,-502.3000000000029,-549.4000000000087,-596.5
SOUTH MORANG (SOUTH),-92.0,-153.0,-140.0,-111.0,-293.8000000000029,-336.8000000000029,-379.8000000000029,-422.8000000000029,-465.8000000000029
PASCOE VALE,137.0,73.0,-141.0,-201.0,-505.20000000001164,-638.5999999999767,-772.0,-905.4000000000233,-1038.7999999999884
WOLLERT,1443.0,1670.0,1742.0,2638.0,3407.1999999999534,3836.4000000000233,4265.599999999977,4694.79999999993,5124.0
AIRPORT WEST,24.0,126.0,142.0,-68.0,-100.59999999999127,-143.0,-185.39999999999418,-227.79999999998836,-270.1999999999971
LILYDALE - COLDSTREAM,13.0,-58.0,-144.0,-115.0,-246.5,-295.0,-343.5,-392.0,-440.5
KEILOR,-16.0,-49.0,-8.0,-122.0,-149.6999999999971,-178.40000000000146,-207.09999999999854,-235.79999999999563,-264.5
GLENROY,-201.0,-207.0,-403.0,-356.0,-670.3000000000175,-773.2000000000116,-876.1000000000058,-979.0,-1081.8999999999942
MONBULK - SILVAN,-42.0,-52.0,-76.0,-20.0,-30.399999999999636,-25.599999999998545,-20.799999999999272,-16.0,-11.199999999998909
KEILOR EAST,59.0,105.0,317.0,-17.0,-85.60000000000582,-136.1999999999971,-186.8000000000029,-237.40000000000873,-288.0
NIDDRIE - ESSENDON WEST,39.0,69.0,39.0,30.0,-67.69999999999709,-96.40000000000146,-125.09999999999854,-153.79999999999563,-182.5
STRATHMORE,132.0,62.0,13.0,-34.0,-150.20000000001164,-205.40000000000873,-260.6000000000058,-315.8000000000029,-371.0
GISBORNE,169.0,210.0,118.0,74.0,64.0,39.599999999998545,15.19999999999709,-9.200000000004366,-33.60000000000582
GOWANBRAE,0.0,-20.0,-32.0,2.0,-29.80000000000109,-34.20000000000073,-38.600000000000364,-43.0,-47.399999999999636
HADFIELD,-30.0,-38.0,5.0,1.0,-115.5,-138.79999999999563,-162.09999999999854,-185.40000000000146,-208.6999999999971
MACEDON,7.0,11.0,-17.0,4.0,32.29999999999927,39.600000000000364,46.899999999999636,54.19999999999891,61.5
RIDDELLS CREEK,24.0,12.0,-3.0,66.0,51.20000000000073,59.20000000000073,67.20000000000073,75.20000000000073,83.20000000000073
ROMSEY,94.0,96.0,163.0,108.0,153.0,163.79999999999927,174.59999999999854,185.39999999999782,196.1999999999971
SUNBURY,-41.0,-31.0,17.0,70.0,-11.700000000000273,-10.800000000000182,-9.900000000000091,-9.000000000000227,-8.100000000000136
BROADMEADOWS,-270.0,-411.0,-463.0,-530.0,-770.1000000000058,-868.4000000000233,-966.7000000000116,-1065.0,-1163.3000000000175
CAMPBELLFIELD - COOLAROO,-417.0,-442.0,-461.0,-589.0,-628.5,-673.0,-717.5,-762.0,-806.5
YARRA VALLEY,-67.0,-44.0,-34.0,-110.0,-148.20000000000437,-170.8000000000029,-193.40000000000146,-216.0,-238.59999999999854
GLADSTONE PARK - WESTMEADOWS,-123.0,-106.0,-174.0,-168.0,-351.0,-405.59999999999127,-460.1999999999971,-514.8000000000029,-569.3999999999942
GREENVALE - BULLA,770.0,849.0,465.0,563.0,752.0,762.0,772.0,782.0,792.0
MEADOW HEIGHTS,-450.0,-492.0,-469.0,-421.0,-708.6999999999971,-770.0,-831.3000000000029,-892.6000000000058,-953.9000000000087
MELBOURNE AIRPORT,0.0,0.0,0.0,0.0,0.0,0.0,0.0,0.0,0.0
BEACONSFIELD - OFFICER,1513.0,1798.0,1874.0,1397.0,1051.5,899.6000000000349,747.7000000000116,595.7999999999884,443.9000000000233
BUNYIP - GARFIELD,54.0,66.0,112.0,149.0,125.5,137.20000000000073,148.90000000000146,160.60000000000218,172.3000000000029
ROXBURGH PARK - SOMERTON,46.0,-45.0,-62.0,-252.0,-625.0999999999767,-773.2000000000116,-921.2999999999884,-1069.399999999965,-1217.5
TULLAMARINE,-98.0,-82.0,-141.0,-117.0,-183.29999999999563,-203.1999999999971,-223.09999999999854,-243.0,-262.90000000000146
CRAIGIEBURN - CENTRAL,-193.0,-277.0,-300.0,-357.0,-553.6000000000058,-628.0,-702.3999999999942,-776.7999999999884,-851.1999999999825
EMERALD - COCKATOO,-11.0,-69.0,-16.0,-121.0,-114.80000000000291,-133.40000000000146,-152.0,-170.59999999999854,-189.1999999999971
KOO WEE RUP,236.0,120.0,330.0,418.0,622.2000000000116,718.2000000000116,814.2000000000116,910.2000000000116,1006.2000000000116
CRAIGIEBURN - NORTH,155.0,-25.0,-238.0,-324.0,-576.2999999999884,-714.0,-851.7000000000116,-989.4000000000233,-1127.100000000035
PEARCEDALE - TOORADIN,-17.0,13.0,-42.0,-85.0,-117.39999999999418,-141.79999999999563,-166.1999999999971,-190.59999999999854,-215.0
CRAIGIEBURN - SOUTH,580.0,535.0,437.0,325.0,167.60000000000582,81.40000000002328,-4.7999999999883585,-91.0,-177.19999999998254
CRAIGIEBURN - WEST,1019.0,867.0,762.0,939.0,818.7999999999956,795.0,771.1999999999971,747.3999999999942,723.5999999999985
MICKLEHAM - YUROKE,1083.0,2307.0,3498.0,3204.0,4545.699999999953,5145.799999999814,5745.899999999907,6346.0,6946.09999999986
BAYSWATER,-94.0,-73.0,-61.0,-95.0,-158.0,-177.20000000000437,-196.40000000000146,-215.59999999999854,-234.8000000000029
LYSTERFIELD,-17.0,13.0,-47.0,-76.0,-136.3000000000029,-165.40000000000146,-194.5,-223.59999999999854,-252.6999999999971
ROWVILLE - CENTRAL,-219.0,-234.0,-287.0,-142.0,-228.59999999999997,-228.39999999999998,-228.2,-228.0,-227.8
ROWVILLE - NORTH,-103.0,-118.0,-137.0,-83.0,-105.5,-103.79999999999973,-102.09999999999991,-100.40000000000009,-98.69999999999982
ROWVILLE - SOUTH,-168.0,-182.0,-158.0,-213.0,-289.5,-318.20000000000437,-346.90000000000146,-375.59999999999854,-404.3000000000029
FERNTREE GULLY (SOUTH) - UPPER FERNTREE GULLY,-128.0,-110.0,-27.0,-211.0,-159.90000000000146,-172.20000000000073,-184.5,-196.79999999999927,-209.09999999999854
WANTIRNA,-174.0,-124.0,-138.0,-58.0,-333.0,-381.1999999999971,-429.3999999999942,-477.59999999999127,-525.7999999999884
THE BASIN,-39.0,-27.0,-54.0,-103.0,-71.19999999999891,-77.79999999999927,-84.39999999999964,-91.0,-97.60000000000036
WANTIRNA SOUTH,-169.0,-73.0,-145.0,-69.0,-163.0,-172.39999999999782,-181.79999999999927,-191.20000000000073,-200.59999999999854
BORONIA,24.0,-28.0,4.0,78.0,-10.200000000000728,-15.200000000000728,-20.200000000000728,-25.200000000000728,-30.200000000000728
FERNTREE GULLY (NORTH),-62.0,-49.0,5.0,-87.0,-172.79999999999563,-204.1999999999971,-235.59999999999854,-267.0,-298.40000000000146
DONVALE - PARK ORCHARDS,-30.0,-43.0,-67.0,-139.0,-156.1999999999971,-182.1999999999971,-208.1999999999971,-234.1999999999971,-260.1999999999971
WARRANDYTE - WONGA PARK,-31.0,-52.0,-72.0,-135.0,-205.89999999999418,-243.39999999999418,-280.8999999999942,-318.3999999999942,-355.8999999999942
BAYSWATER NORTH,-4.0,4.0,-82.0,-83.0,-313.5,-385.6000000000058,-457.70000000001164,-529.8000000000175,-601.9000000000233
RINGWOOD,-89.0,-217.0,-23.0,-59.0,-105.60000000000036,-104.20000000000027,-102.80000000000018,-101.40000000000009,-100.0
RINGWOOD EAST,-123.0,-226.0,-214.0,-146.0,-316.8000000000029,-352.3999999999942,-388.0,-423.6000000000058,-459.1999999999971
RINGWOOD NORTH,-27.0,-52.0,-95.0,-159.0,-192.10000000000582,-224.8000000000029,-257.5,-290.1999999999971,-322.8999999999942
NARRE WARREN SOUTH (EAST),-110.0,-144.0,-190.0,-299.0,-177.10000000000036,-182.60000000000036,-188.10000000000036,-193.60000000000036,-199.10000000000036
CROYDON - WEST,159.0,94.0,73.0,-12.0,-240.40000000002328,-326.80000000001746,-413.20000000001164,-499.6000000000058,-586.0
CROYDON SOUTH,-47.0,-78.0,-41.0,1.0,-57.09999999999991,-58.80000000000018,-60.5,-62.19999999999982,-63.90000000000009
FOREST HILL,4.0,-126.0,-114.0,-85.0,-159.09999999999854,-182.0,-204.90000000000146,-227.8000000000029,-250.70000000000437
NARRE WARREN SOUTH (WEST),-220.0,-294.0,-378.0,-409.0,-567.5,-636.1999999999825,-704.8999999999942,-773.6000000000058,-842.2999999999884
MITCHAM (VIC.),-97.0,-156.0,-236.0,-183.0,-346.6999999999971,-395.6000000000058,-444.5,-493.3999999999942,-542.3000000000029
NUNAWADING,-64.0,-160.0,-227.0,-176.0,-285.40000000000873,-322.6000000000058,-359.8000000000029,-397.0,-434.1999999999971
VERMONT,-91.0,-124.0,-76.0,-64.0,-136.79999999999927,-147.1999999999971,-157.59999999999854,-168.0,-178.39999999999782
VERMONT SOUTH,-50.0,-102.0,-141.0,-170.0,-184.59999999999854,-206.8000000000029,-229.0,-251.1999999999971,-273.40000000000146
CHIRNSIDE PARK,223.0,178.0,221.0,133.0,10.900000000008731,-36.39999999999418,-83.69999999999709,-131.0,-178.3000000000029
BELGRAVE - SELBY,-120.0,-142.0,-176.0,-130.0,-250.8000000000029,-278.8000000000029,-306.8000000000029,-334.8000000000029,-362.8000000000029
HEALESVILLE - YARRA GLEN,120.0,114.0,28.0,-33.0,-132.6999999999971,-187.0,-241.3000000000029,-295.6000000000058,-349.90000000000873
MONTROSE,25.0,-32.0,-34.0,-78.0,-62.20000000000073,-74.20000000000073,-86.20000000000073,-98.20000000000073,-110.20000000000073
MOOROOLBARK,73.0,-93.0,-27.0,-192.0,-475.69999999998254,-588.7999999999884,-701.8999999999942,-815.0,-928.1000000000058
MOUNT DANDENONG - OLINDA,-105.0,-83.0,-41.0,-117.0,-142.0,-155.79999999999927,-169.59999999999854,-183.39999999999782,-197.1999999999971
SEDDON - KINGSVILLE,-112.0,-106.0,-136.0,-188.0,-272.1999999999971,-309.6000000000058,-347.0,-384.3999999999942,-421.8000000000029
MOUNT EVELYN,-65.0,-70.0,-40.0,-155.0,-102.10000000000036,-110.0,-117.89999999999964,-125.79999999999927,-133.6999999999989
UPWEY - TECOMA,-111.0,-102.0,-170.0,-67.0,-162.5,-174.20000000000073,-185.90000000000146,-197.60000000000218,-209.3000000000029
WANDIN - SEVILLE,0.0,13.0,-73.0,-57.0,-80.40000000000146,-96.40000000000146,-112.40000000000146,-128.40000000000146,-144.40000000000146
PAKENHAM - NORTH,730.0,597.0,544.0,193.0,-6.400000000023283,-157.79999999998836,-309.20000000001164,-460.6000000000349,-612.0
PAKENHAM - SOUTH,695.0,468.0,369.0,284.0,-200.19999999995343,-380.3999999999651,-560.5999999999767,-740.7999999999884,-921.0
NARRE WARREN - NORTH EAST,-189.0,-176.0,-227.0,-233.0,-289.5,-312.59999999999854,-335.6999999999971,-358.79999999999563,-381.8999999999942
BERWICK - NORTH,-152.0,-201.0,-151.0,-241.0,-322.59999999999127,-359.3999999999942,-396.1999999999971,-433.0,-469.8000000000029
CRANBOURNE NORTH,830.0,766.0,359.0,38.0,-369.0,-620.6000000000349,-872.2000000000116,-1123.7999999999884,-1375.4000000000233
BERWICK - SOUTH,208.0,111.0,-21.0,-114.0,-23.5,-54.599999999998545,-85.69999999999709,-116.79999999999563,-147.89999999999418
ENDEAVOUR HILLS - NORTH,-189.0,-175.0,-199.0,-279.0,-339.0,-374.8000000000029,-410.6000000000058,-446.40000000000873,-482.20000000001164
DOVETON,-135.0,-187.0,-255.0,-88.0,-401.5,-459.40000000000873,-517.3000000000029,-575.1999999999971,-633.1000000000058
HALLAM,-128.0,-160.0,-133.0,-185.0,-331.1000000000058,-377.8000000000029,-424.5,-471.1999999999971,-517.8999999999942
ENDEAVOUR HILLS - SOUTH,-315.0,-351.0,-327.0,-249.0,-396.0,-414.59999999999854,-433.1999999999971,-451.79999999999563,-470.3999999999942
CRANBOURNE SOUTH,171.0,736.0,1577.0,1668.0,2306.5999999999767,2690.399999999907,3074.1999999999534,3458.0,3841.79999999993
NARRE WARREN NORTH,144.0,150.0,57.0,71.0,7.099999999998545,-21.400000000001455,-49.900000000001455,-78.40000000000146,-106.90000000000146
CRANBOURNE WEST,879.0,853.0,560.0,585.0,591.5999999999913,545.0,498.3999999999942,451.79999999998836,405.1999999999971
NARRE WARREN - SOUTH WEST,-202.0,-252.0,-242.0,-243.0,-299.90000000000146,-317.6000000000058,-335.3000000000029,-353.0,-370.70000000000437
CRANBOURNE,-250.0,-305.0,-399.0,-276.0,-280.10000000000036,-275.40000000000146,-270.7000000000007,-266.0,-261.3000000000011
CRANBOURNE EAST,6307.0,6037.0,6503.0,4805.0,3866.1999999999534,3304.0,2741.8000000000466,2179.600000000093,1617.4000000001397
CLARINDA - OAKLEIGH SOUTH,-186.0,-176.0,-219.0,-193.0,-333.1000000000058,-368.8000000000029,-404.5,-440.1999999999971,-475.8999999999942
CLAYTON SOUTH,-564.0,-429.0,-294.0,-476.0,-328.3000000000029,-295.20000000001164,-262.1000000000058,-229.0,-195.90000000000873
DANDENONG,-754.0,-868.0,-926.0,-1156.0,-1264.4000000000233,-1364.8000000000175,-1465.2000000000116,-1565.6000000000058,-1666.0
WEST FOOTSCRAY - TOTTENHAM,-214.0,-187.0,-140.0,-241.0,-258.59999999999854,-274.7999999999993,-291.0,-307.1999999999971,-323.40000000000146
DANDENONG NORTH,-384.0,-444.0,-487.0,-694.0,-836.7999999999884,-932.6000000000058,-1028.3999999999942,-1124.1999999999825,-1220.0
DINGLEY VILLAGE,-73.0,-10.0,-41.0,-99.0,-149.09999999999854,-173.8000000000029,-198.5,-223.1999999999971,-247.90000000000146
KEYSBOROUGH,626.0,393.0,354.0,7.0,-171.40000000002328,-324.20000000001164,-477.0,-629.7999999999884,-782.5999999999767
NOBLE PARK NORTH,-113.0,-132.0,-160.0,-143.0,-201.90000000000146,-219.60000000000582,-237.3000000000029,-255.0,-272.70000000000437
SPRINGVALE,-582.0,-591.0,-712.0,-848.0,-929.6999999999825,-1002.7999999999884,-1075.8999999999942,-1149.0,-1222.1000000000058
SPRINGVALE SOUTH,-324.0,-349.0,-354.0,-323.0,-414.1999999999971,-433.40000000000146,-452.59999999999854,-471.79999999999563,-491.0
NOBLE PARK - EAST,-392.0,-415.0,-453.0,-409.0,-595.1999999999971,-640.7999999999884,-686.3999999999942,-732.0,-777.5999999999913
MOUNT WAVERLEY - NORTH,-294.0,-333.0,-327.0,-151.0,-126.80000000000291,-84.0,-41.19999999999709,1.6000000000058208,44.40000000000873
NOBLE PARK - WEST,-359.0,-452.0,-424.0,-549.0,-594.5,-638.4000000000087,-682.3000000000029,-726.1999999999971,-770.1000000000058
ASHWOOD - CHADSTONE,-79.0,-276.0,-140.0,-222.0,-214.20000000000073,-226.59999999999854,-239.0,-251.40000000000146,-263.7999999999993
CLAYTON,-989.0,-1096.0,-1340.0,-629.0,-405.29999999998836,-242.79999999998836,-80.29999999998836,82.20000000001164,244.70000000001164
MOUNT WAVERLEY - SOUTH,-176.0,-125.0,-247.0,-303.0,-307.59999999999854,-337.59999999999854,-367.59999999999854,-397.59999999999854,-427.59999999999854
GLEN WAVERLEY - EAST,-541.0,-509.0,-529.0,-490.0,-460.2999999999993,-444.40000000000146,-428.5,-412.59999999999854,-396.7000000000007
GLEN WAVERLEY - WEST,-497.0,-478.0,-432.0,-371.0,-201.30000000001746,-135.20000000001164,-69.10000000000582,-3.0,63.10000000000582
MULGRAVE,-256.0,-230.0,-281.0,-182.0,-325.8000000000029,-345.8000000000029,-365.8000000000029,-385.8000000000029,-405.8000000000029
OAKLEIGH - HUNTINGDALE,-297.0,-331.0,-314.0,-233.0,-128.1999999999971,-84.19999999999709,-40.19999999999709,3.8000000000029104,47.80000000000291
CAIRNLEA,18.0,-67.0,-98.0,4.0,-273.29999999998836,-333.59999999999127,-393.8999999999942,-454.1999999999971,-514.5
WHEELERS HILL,-129.0,-188.0,-188.0,-89.0,-106.10000000000218,-94.0,-81.90000000000146,-69.80000000000291,-57.70000000000073
ARDEER - ALBION,-166.0,-190.0,-240.0,-217.0,-313.5,-343.59999999999854,-373.6999999999971,-403.79999999999563,-433.8999999999942
DEER PARK - DERRIMUT,-187.0,-364.0,-571.0,-815.0,-1130.5,-1318.2000000000116,-1505.9000000000233,-1693.600000000035,-1881.3000000000466
DELAHEY,-124.0,-135.0,-164.0,-186.0,-305.09999999999127,-346.0,-386.8999999999942,-427.79999999998836,-468.6999999999971
KEILOR DOWNS,-213.0,-230.0,-249.0,-291.0,-357.5,-388.59999999999854,-419.6999999999971,-450.79999999999563,-481.8999999999942
KINGS PARK (VIC.),-157.0,-268.0,-275.0,-399.0,-476.90000000000873,-536.6000000000058,-596.3000000000029,-656.0,-715.6999999999971
ST ALBANS - NORTH,-363.0,-464.0,-584.0,-707.0,-906.7000000000116,-1015.3999999999942,-1124.1000000000058,-1232.8000000000175,-1341.5
ST ALBANS - SOUTH,-260.0,-429.0,-419.0,-534.0,-691.8999999999942,-772.3999999999942,-852.8999999999942,-933.3999999999942,-1013.8999999999942
SUNSHINE,-259.0,-279.0,-286.0,-382.0,-399.90000000000146,-429.1999999999971,-458.5,-487.8000000000029,-517.0999999999985
SUNSHINE NORTH,-67.0,-121.0,-188.0,-230.0,-302.5,-347.1999999999971,-391.8999999999942,-436.59999999999127,-481.29999999998836
SUNSHINE WEST,-90.0,-204.0,-251.0,-418.0,-819.5999999999767,-977.2000000000116,-1134.7999999999884,-1292.399999999965,-1450.0
SYDENHAM,-206.0,-226.0,-275.0,-400.0,-494.8000000000029,-557.2000000000116,-619.6000000000058,-682.0,-744.4000000000087
ALTONA,20.0,63.0,55.0,-2.0,-73.89999999999418,-101.79999999999563,-129.6999999999971,-157.59999999999854,-185.5
TAYLORS LAKES,-228.0,-206.0,-276.0,-397.0,-471.5,-527.4000000000087,-583.3000000000029,-639.1999999999971,-695.1000000000058
FOOTSCRAY,-51.0,-126.0,-198.0,-120.0,-167.40000000000146,-181.79999999999927,-196.20000000000073,-210.60000000000218,-225.0
ALTONA MEADOWS,-145.0,-247.0,-296.0,-381.0,-615.0,-711.3999999999942,-807.7999999999884,-904.1999999999825,-1000.5999999999767
ALTONA NORTH,4.0,-64.0,12.0,-39.0,-160.29999999998836,-195.59999999999127,-230.89999999999418,-266.1999999999971,-301.5
YARRAVILLE,-109.0,-16.0,36.0,-65.0,-135.29999999999563,-157.1999999999971,-179.09999999999854,-201.0,-222.90000000000146
NEWPORT,-137.0,-94.0,-13.0,-123.0,-220.6999999999971,-251.40000000000146,-282.09999999999854,-312.79999999999563,-343.5
SEABROOK,-62.0,-62.0,-104.0,-239.0,-233.29999999998836,-269.59999999999127,-305.8999999999942,-342.1999999999971,-378.5
MARIBYRNONG,1.0,-140.0,-128.0,-56.0,-208.8000000000029,-242.8000000000029,-276.8000000000029,-310.8000000000029,-344.8000000000029
WILLIAMSTOWN,-29.0,48.0,103.0,-45.0,-180.6999999999971,-230.60000000000582,-280.5,-330.3999999999942,-380.3000000000029
BRAYBROOK,-197.0,-374.0,-320.0,-164.0,-200.1999999999971,-182.40000000000146,-164.59999999999854,-146.79999999999563,-129.0
MELTON SOUTH,1673.0,1483.0,1414.0,2108.0,1976.8999999999942,2069.2000000000116,2161.5,2253.7999999999884,2346.100000000006
BURNSIDE,102.0,80.0,37.0,75.0,74.5,73.20000000000027,71.90000000000009,70.59999999999991,69.30000000000018
MELTON WEST,419.0,587.0,525.0,53.0,-207.60000000003492,-373.0,-538.4000000000233,-703.8000000000466,-869.2000000000116
ROCKBANK - MOUNT COTTRELL,866.0,2344.0,2219.0,2324.0,3913.8000000000466,4460.800000000047,5007.800000000047,5554.800000000047,6101.800000000047
TAYLORS HILL,-19.0,-193.0,-139.0,-267.0,-433.6000000000058,-512.0,-590.3999999999942,-668.7999999999884,-747.1999999999825
BURNSIDE HEIGHTS,-52.0,-61.0,-59.0,-239.0,-260.3999999999942,-306.8000000000029,-353.1999999999971,-399.59999999999127,-446.0
CAROLINE SPRINGS,-141.0,-309.0,-393.0,-314.0,-533.8999999999942,-602.5999999999767,-671.2999999999884,-740.0,-808.6999999999825
HOPPERS CROSSING - NORTH,-356.0,-426.0,-421.0,-513.0,-642.8999999999942,-702.1999999999971,-761.5,-820.8000000000029,-880.1000000000058
HOPPERS CROSSING - SOUTH,-358.0,-397.0,-482.0,-618.0,-877.6999999999825,-992.0,-1106.2999999999884,-1220.5999999999767,-1334.8999999999942
FRANKSTON NORTH,-183.0,-200.0,-169.0,-220.0,-307.40000000000146,-337.0,-366.59999999999854,-396.1999999999971,-425.79999999999563
LAVERTON,342.0,126.0,63.0,-65.0,-309.29999999998836,-431.79999999998836,-554.2999999999884,-676.7999999999884,-799.2999999999884
TARNEIT,1524.0,1768.0,1420.0,1379.0,2119.100000000035,2258.4000000000233,2397.7000000000116,2537.0,2676.2999999999884
TRUGANINA,1473.0,1089.0,1377.0,1170.0,1226.300000000003,1205.800000000003,1185.300000000003,1164.800000000003,1144.300000000003
WERRIBEE - SOUTH,312.0,643.0,843.0,848.0,733.9000000000087,774.6000000000058,815.3000000000029,856.0,896.6999999999971
WYNDHAM VALE,499.0,843.0,1181.0,1062.0,1440.9000000000233,1602.4000000000233,1763.9000000000233,1925.4000000000233,2086.9000000000233
POINT COOK - EAST,1102.0,967.0,1225.0,600.0,305.9000000000233,123.40000000002328,-59.09999999997672,-241.59999999997672,-424.0999999999767
POINT COOK - NORTH,-195.0,-379.0,-596.0,-583.0,-729.2000000000116,-819.2000000000116,-909.2000000000116,-999.2000000000116,-1089.2000000000116
POINT COOK - SOUTH,915.0,723.0,311.0,-54.0,-537.5,-831.7999999999302,-1126.0999999999767,-1420.4000000000233,-1714.6999999999534
WERRIBEE - EAST,-309.0,-435.0,-408.0,-602.0,-809.8999999999942,-913.3999999999942,-1016.8999999999942,-1120.3999999999942,-1223.8999999999942
WERRIBEE - WEST,564.0,884.0,1614.0,1926.0,2379.0,2722.20000000007,3065.4000000000233,3408.5999999999767,3751.8000000000466
CARRUM DOWNS,-30.0,-59.0,-121.0,-61.0,-182.40000000000146,-213.0,-243.59999999999854,-274.1999999999971,-304.79999999999563
FRANKSTON,-131.0,-86.0,-117.0,-109.0,-280.90000000000873,-323.0,-365.1000000000058,-407.20000000001164,-449.3000000000029
FRANKSTON SOUTH,-37.0,-16.0,-30.0,-136.0,-164.0,-195.20000000000437,-226.40000000000146,-257.59999999999854,-288.8000000000029
LANGWARRIN,-70.0,-74.0,-105.0,5.0,-93.5,-99.19999999999891,-104.89999999999964,-110.60000000000036,-116.29999999999927
SEAFORD (VIC.),-180.0,-168.0,-102.0,-6.0,-140.19999999999982,-139.39999999999986,-138.5999999999999,-137.79999999999995,-137.0
SKYE - SANDHURST,-56.0,-61.0,-89.0,-234.0,-243.89999999999418,-284.3999999999942,-324.8999999999942,-365.3999999999942,-405.8999999999942
DROMANA,425.0,372.0,197.0,302.0,210.39999999999418,175.1999999999971,140.0,104.80000000000291,69.60000000000582
FLINDERS,-13.0,-16.0,-23.0,35.0,28.5,38.39999999999782,48.29999999999927,58.20000000000073,68.09999999999854
HASTINGS - SOMERS,49.0,55.0,127.0,-57.0,-116.19999999999709,-159.1999999999971,-202.1999999999971,-245.1999999999971,-288.1999999999971
ROSEBUD - MCCRAE,349.0,266.0,252.0,300.0,252.59999999999854,240.79999999999927,229.0,217.20000000000073,205.40000000000146
MORNINGTON,391.0,340.0,238.0,60.0,-226.39999999996508,-361.0,-495.5999999999767,-630.1999999999534,-764.7999999999884
STAWELL,-46.0,-70.0,-46.0,-32.0,15.400000000001455,32.19999999999709,49.0,65.80000000000291,82.59999999999854
WEST WIMMERA,-36.0,-33.0,-1.0,-36.0,-42.100000000000364,-45.600000000000364,-49.100000000000364,-52.600000000000364,-56.100000000000364
YARRIAMBIACK,-34.0,-9.0,8.0,-8.0,-67.89999999999782,-81.0,-94.09999999999854,-107.19999999999709,-120.29999999999927
MOUNT ELIZA,0.0,26.0,-30.0,-10.0,-76.79999999999563,-96.19999999999709,-115.59999999999854,-135.0,-154.40000000000146
RED CLIFFS,-4.0,-36.0,-46.0,-38.0,-119.80000000000291,-143.40000000000146,-167.0,-190.59999999999854,-214.1999999999971
MOUNT MARTHA,106.0,42.0,112.0,41.0,19.5,4.0,-11.5,-27.0,-42.5
POINT NEPEAN,96.0,113.0,152.0,266.0,280.8999999999942,318.8000000000029,356.6999999999971,394.59999999999127,432.5
GANNAWARRA,16.0,-27.0,-39.0,9.0,25.799999999999272,34.400000000001455,43.0,51.599999999998545,60.20000000000073
SOMERVILLE,113.0,10.0,-25.0,-107.0,-148.6999999999971,-194.0,-239.3000000000029,-284.6000000000058,-329.90000000000873
LOCKINGTON - GUNBOWER,-2.0,-1.0,-23.0,-18.0,19.30000000000109,26.0,32.70000000000073,39.400000000001455,46.100000000000364
ARARAT,-11.0,-8.0,-8.0,54.0,3.400000000000091,5.0,6.599999999999909,8.199999999999818,9.799999999999727
ARARAT REGION,-7.0,-20.0,4.0,25.0,44.5,57.0,69.5,82.0,94.5
HORSHAM,-80.0,-102.0,-52.0,41.0,27.5,51.599999999998545,75.69999999999709,99.79999999999563,123.89999999999418
HORSHAM REGION,-10.0,-30.0,-28.0,-39.0,-43.69999999999891,-49.0,-54.29999999999927,-59.599999999998545,-64.89999999999964
NHILL REGION,-77.0,-107.0,-48.0,6.0,26.900000000001455,51.60000000000582,76.30000000000291,101.0,125.70000000000437
ST ARNAUD,-38.0,-22.0,-7.0,3.0,-8.099999999999454,-4.399999999999636,-0.6999999999998181,3.0,6.699999999999818
IRYMPLE,1.0,34.0,35.0,105.0,140.5,168.59999999999854,196.6999999999971,224.79999999999563,252.89999999999418
MERBEIN,28.0,11.0,-12.0,-19.0,-73.80000000000291,-94.80000000000291,-115.80000000000291,-136.8000000000029,-157.8000000000029
MILDURA REGION,-41.0,-27.0,-28.0,21.0,34.39999999999782,50.0,65.59999999999854,81.19999999999709,96.79999999999927
MILDURA - NORTH,-237.0,-266.0,-310.0,-282.0,-305.59999999999854,-315.7999999999993,-326.0,-336.2000000000007,-346.40000000000146
MILDURA - SOUTH,-42.0,-35.0,-72.0,-166.0,-279.5,-334.8000000000029,-390.1000000000058,-445.40000000000873,-500.70000000001164
BULOKE,-29.0,-16.0,-44.0,-24.0,-11.600000000000364,-7.600000000000364,-3.600000000000364,0.3999999999996362,4.399999999999636
KERANG,-2.0,30.0,-3.0,-30.0,-6.599999999999454,-9.399999999999636,-12.199999999999818,-15.0,-17.800000000000182
ROBINVALE,-145.0,-97.0,-158.0,-133.0,-155.1999999999989,-161.0,-166.79999999999927,-172.59999999999854,-178.39999999999964
SHEPPARTON REGION - EAST,-41.0,-46.0,-53.0,-10.0,-42.599999999999966,-42.80000000000001,-43.0,-43.19999999999999,-43.39999999999998
SHEPPARTON REGION - WEST,30.0,-88.0,-45.0,53.0,27.900000000001455,39.400000000001455,50.900000000001455,62.400000000001455,73.90000000000146
SWAN HILL,-96.0,-126.0,-105.0,-131.0,-189.89999999999418,-209.79999999999563,-229.6999999999971,-249.59999999999854,-269.5
SWAN HILL REGION,-101.0,-141.0,-90.0,-86.0,-60.900000000001455,-48.79999999999927,-36.70000000000073,-24.600000000002183,-12.5
ECHUCA,4.0,-37.0,24.0,43.0,78.0,97.59999999999854,117.19999999999709,136.79999999999563,156.39999999999418
KYABRAM,-3.0,-31.0,-19.0,9.0,-48.60000000000218,-57.400000000001455,-66.20000000000073,-75.0,-83.79999999999927
ROCHESTER,-1.0,9.0,1.0,-40.0,6.900000000000546,9.0,11.100000000000364,13.200000000000728,15.300000000000182
RUSHWORTH,-23.0,3.0,-13.0,36.0,47.5,61.20000000000073,74.90000000000146,88.60000000000218,102.30000000000291
COBRAM,-39.0,-81.0,-77.0,2.0,-13.899999999997817,-3.599999999998545,6.700000000000728,17.0,27.299999999999272
MOIRA,-9.0,-2.0,-19.0,30.0,36.60000000000218,47.0,57.400000000001455,67.80000000000291,78.20000000000073
NUMURKAH,-57.0,-69.0,-88.0,-95.0,-95.39999999999964,-101.59999999999854,-107.79999999999927,-114.0,-120.19999999999891
GLENELG (VIC.),-58.0,-8.0,-8.0,-43.0,23.299999999999272,37.0,50.70000000000073,64.40000000000146,78.10000000000218
YARRAWONGA,193.0,163.0,194.0,74.0,104.70000000000437,87.80000000000291,70.90000000000146,54.0,37.099999999998545
MOOROOPNA,-36.0,-34.0,-15.0,-100.0,-90.39999999999782,-103.59999999999854,-116.79999999999927,-130.0,-143.20000000000073
SHEPPARTON - NORTH,-100.0,-178.0,-108.0,-199.0,-183.29999999999927,-195.40000000000146,-207.5,-219.59999999999854,-231.70000000000073
SHEPPARTON - SOUTH,-182.0,-165.0,-140.0,72.0,85.30000000000291,142.39999999999418,199.5,256.6000000000058,313.6999999999971
HAMILTON (VIC.),-16.0,-22.0,-30.0,44.0,-35.399999999999636,-40.599999999998545,-45.79999999999927,-51.0,-56.19999999999891
PORTLAND,-30.0,-35.0,-14.0,-19.0,-42.399999999999636,-46.19999999999982,-50.0,-53.80000000000018,-57.600000000000364
SOUTHERN GRAMPIANS,-63.0,-54.0,-77.0,-28.0,19.599999999998545,39.39999999999418,59.19999999999709,79.0,98.79999999999563
COLAC,13.0,-21.0,-23.0,7.0,-73.0,-90.0,-107.0,-124.0,-141.0
CAMPERDOWN,19.0,8.0,-5.0,-41.0,-40.30000000000291,-51.60000000000218,-62.900000000001455,-74.20000000000073,-85.5
WARRNAMBOOL - NORTH,-9.0,41.0,1.0,77.0,57.39999999999782,67.59999999999854,77.79999999999927,88.0,98.20000000000073
WARRNAMBOOL - SOUTH,-103.0,-91.0,-80.0,-6.0,56.09999999999127,91.39999999999418,126.69999999999709,162.0,197.3000000000029
