,Unnamed: 0,suburb,2014income,2015income,2016income,2017income,2018income,2019income,2020income,2021income,2022income,2023income,2024income,2025income
0,1,Alfredton,6225,6718,7124,7558,7989,8433.20000000007,8870.0,9306.800000000047,9743.599999999977,10180.400000000023,10617.20000000007,11054.0
1,2,Ballarat,7289,7400,7470,7585,7595,7706.899999999994,7786.599999999977,7866.299999999988,7945.999999999971,8025.6999999999825,8105.399999999994,8185.099999999977
2,3,Ballarat - North,12503,12516,12889,13356,13598,13881.400000000023,14184.400000000023,14487.400000000023,14790.400000000023,15093.400000000023,15396.400000000023,15699.400000000023
3,4,Ballarat - South,11347,11529,11905,12294,12722,13013.900000000023,13365.400000000023,13716.900000000023,14068.400000000023,14419.900000000023,14771.400000000023,15122.900000000023
4,5,Buninyong,3966,4001,4118,4195,4249,4333.799999999988,4409.799999999988,4485.799999999988,4561.799999999988,4637.799999999988,4713.799999999988,4789.799999999988
5,6,Delacombe,3690,3883,4085,4312,4723,4887.099999999977,5136.599999999977,5386.099999999977,5635.599999999977,5885.099999999977,6134.599999999977,6384.099999999977
6,7,Smythes Creek,2370,2316,2413,2504,2583,2621.399999999994,2682.800000000003,2744.199999999997,2805.600000000006,2867.0,2928.399999999994,2989.800000000003
7,8,Wendouree - Miners Rest,6832,6907,6954,7151,7380,7446.799999999988,7580.799999999988,7714.799999999988,7848.799999999988,7982.799999999988,8116.799999999988,8250.799999999988
8,9,Bacchus Marsh Region,3251,3268,3495,3501,3572,3679.899999999994,3767.399999999994,3854.899999999994,3942.399999999994,4029.899999999994,4117.399999999994,4204.899999999994
9,10,Creswick - Clunes,3996,3944,4102,4149,4294,4337.3000000000175,4417.400000000023,4497.5,4577.600000000006,4657.700000000012,4737.8000000000175,4817.900000000023
10,11,Daylesford,4931,5000,5176,5276,5363,5491.200000000012,5605.200000000012,5719.200000000012,5833.200000000012,5947.200000000012,6061.200000000012,6175.200000000012
11,12,Gordon (Vicnp),3231,3185,3369,3533,3633,3735.8000000000175,3851.0,3966.2000000000116,4081.399999999994,4196.600000000006,4311.8000000000175,4427.0
12,13,Avoca,1662,1618,1668,1696,1724,1734.199999999997,1754.4000000000015,1774.5999999999985,1794.800000000003,1815.0,1835.199999999997,1855.4000000000015
13,14,Beaufort,2013,2044,2136,2165,2268,2314.5,2377.5999999999913,2440.699999999997,2503.7999999999884,2566.899999999994,2630.0,2693.0999999999913
14,15,Golden Plains - North,2212,2241,2379,2461,2520,2613.4000000000233,2697.000000000029,2780.600000000006,2864.2000000000116,2947.8000000000175,3031.4000000000233,3115.000000000029
15,16,Maryborough (Vicnp),3322,3334,3330,3446,3500,3526.800000000003,3573.600000000006,3620.399999999994,3667.199999999997,3714.0,3760.800000000003,3807.600000000006
16,17,Maryborough Region,2420,2386,2432,2482,2476,2501.5999999999985,2522.399999999994,2543.199999999997,2563.9999999999927,2584.7999999999956,2605.5999999999985,2626.399999999994
17,18,Bendigo,7599,8009,7546,7726,7941,7884.5,7924.599999999991,7964.699999999997,8004.799999999988,8044.899999999994,8085.0,8125.099999999991
18,19,California Gully - Eaglehawk,5528,5746,5946,6185,6334,6563.099999999977,6768.200000000012,6973.299999999988,7178.400000000023,7383.5,7588.599999999977,7793.700000000012
19,20,East Bendigo - Kennington,7781,7611,7889,7944,8176,8217.100000000006,8329.400000000023,8441.700000000012,8554.00000000003,8666.300000000017,8778.600000000006,8890.900000000023
20,21,Flora Hill - Spring Gully,4847,4844,5115,5286,5407,5568.400000000023,5724.600000000035,5880.799999999988,6037.0,6193.200000000012,6349.400000000023,6505.600000000035
21,22,Kangaroo Flat - Golden Square,10026,10109,10399,10629,10845,11048.999999999942,11264.79999999993,11480.599999999977,11696.399999999965,11912.199999999953,12127.999999999942,12343.79999999993
22,23,Maiden Gully,2954,2986,3077,3163,3289,3347.899999999994,3432.5999999999767,3517.2999999999884,3601.999999999971,3686.6999999999825,3771.399999999994,3856.0999999999767
23,24,Strathfieldsaye,5041,5079,5432,5666,5906,6119.900000000023,6351.600000000035,6583.299999999988,6815.0,7046.700000000012,7278.400000000023,7510.100000000035
24,25,White Hills - Ascot,6199,6640,6962,7229,7636,7972.099999999977,8318.399999999907,8664.699999999953,9010.999999999884,9357.29999999993,9703.599999999977,10049.899999999907
25,26,Bendigo Region - South,3978,4016,4278,4488,4634,4814.0,4992.399999999965,5170.799999999988,5349.199999999953,5527.599999999977,5706.0,5884.399999999965
26,27,Castlemaine,5301,5340,5468,5512,5656,5720.0,5808.1999999999825,5896.399999999994,5984.599999999977,6072.799999999988,6161.0,6249.1999999999825
27,28,Castlemaine Region,4590,4515,4704,4816,5017,5074.899999999994,5190.399999999994,5305.899999999994,5421.399999999994,5536.899999999994,5652.399999999994,5767.899999999994
28,29,Heathcote,2044,2081,2147,2214,2258,2317.100000000006,2373.199999999997,2429.300000000003,2485.399999999994,2541.5,2597.600000000006,2653.699999999997
29,30,Kyneton,5456,5395,5628,5769,5928,6030.599999999977,6162.399999999965,6294.200000000012,6426.0,6557.799999999988,6689.599999999977,6821.399999999965
30,31,Woodend,3893,3961,4143,4295,4410,4550.799999999988,4687.599999999977,4824.400000000023,4961.200000000012,5098.0,5234.799999999988,5371.599999999977
31,32,Bendigo Region - North,2306,2281,2490,2535,2650,2735.0,2829.1999999999825,2923.399999999994,3017.5999999999767,3111.7999999999884,3206.0,3300.1999999999825
32,33,Loddon,3550,3365,3493,3571,3601,3608.4000000000015,3639.199999999997,3670.0,3700.7999999999956,3731.5999999999985,3762.4000000000015,3793.199999999997
33,34,Bannockburn,3477,3668,3895,4064,4214,4424.599999999977,4611.599999999977,4798.599999999977,4985.599999999977,5172.599999999977,5359.599999999977,5546.599999999977
34,35,Golden Plains - South,3869,3925,4093,4291,4381,4528.799999999988,4667.799999999988,4806.799999999988,4945.799999999988,5084.799999999988,5223.799999999988,5362.799999999988
35,36,Winchelsea,3555,3538,3647,3723,3854,3898.2999999999884,3976.600000000006,4054.899999999994,4133.200000000012,4211.5,4289.799999999988,4368.100000000006
36,37,Belmont,7941,7984,8134,8359,8573,8689.900000000023,8853.799999999988,9017.700000000012,9181.599999999977,9345.5,9509.400000000023,9673.299999999988
37,38,Corio - Norlane,10507,10653,11042,11390,11874,12134.499999999884,12481.59999999986,12828.699999999953,13175.79999999993,13522.899999999907,13869.999999999884,14217.09999999986
38,39,Geelong,7590,7885,7888,8109,8404,8530.800000000047,8716.000000000058,8901.200000000012,9086.400000000023,9271.600000000035,9456.800000000047,9642.000000000058
39,40,Geelong West - Hamlyn Heights,11148,11219,11678,12087,12521,12814.800000000047,13176.20000000007,13537.599999999977,13899.0,14260.400000000023,14621.800000000047,14983.20000000007
40,41,Grovedale,11892,12946,14364,15459,16948,18109.299999999814,19371.799999999814,20634.299999999814,21896.799999999814,23159.299999999814,24421.799999999814,25684.299999999814
41,42,Highton,12970,13172,13542,14072,14219,14614.400000000023,14954.199999999953,15294.0,15633.79999999993,15973.599999999977,16313.400000000023,16653.199999999953
42,43,Lara,9561,9754,10079,10543,10905,11211.5,11559.20000000007,11906.900000000023,12254.600000000093,12602.300000000047,12950.0,13297.70000000007
43,44,Leopold,7147,7335,7478,7584,7644,7810.5,7934.8000000000175,8059.100000000006,8183.400000000023,8307.700000000012,8432.0,8556.300000000017
44,45,Newcomb - Moolap,7349,7396,7595,7881,8051,8221.100000000035,8410.0,8598.900000000023,8787.799999999988,8976.700000000012,9165.600000000035,9354.5
45,46,Newtown (Vicnp),6310,6366,6584,6701,6779,6929.899999999994,7057.200000000012,7184.5,7311.8000000000175,7439.100000000006,7566.399999999994,7693.700000000012
46,47,North Geelong - Bell Park,7433,7475,7863,8152,8438,8678.29999999993,8947.0,9215.699999999953,9484.400000000023,9753.099999999977,10021.79999999993,10290.5
47,48,Clifton Springs,7041,7323,7748,8035,8521,8835.199999999953,9202.400000000023,9569.599999999977,9936.800000000047,10304.0,10671.199999999953,11038.400000000023
48,49,Lorne - Anglesea,3263,3203,3361,3462,3489,3568.9000000000233,3640.000000000029,3711.100000000006,3782.2000000000116,3853.3000000000175,3924.4000000000233,3995.500000000029
49,50,Ocean Grove - Barwon Heads,13452,14127,15041,15717,16554,17316.399999999907,18095.800000000047,18875.199999999953,19654.600000000093,20434.0,21213.399999999907,21992.800000000047
50,51,Portarlington,3553,3605,3884,4108,4318,4503.499999999942,4706.79999999993,4910.099999999977,5113.399999999965,5316.699999999953,5519.999999999942,5723.29999999993
51,52,Point Lonsdale - Queenscliff,2606,2627,2789,2919,2993,3106.600000000006,3213.2000000000116,3319.7999999999884,3426.399999999994,3533.0,3639.600000000006,3746.2000000000116
52,53,Torquay,11153,11442,12298,12755,13537,14061.300000000047,14669.399999999907,15277.5,15885.59999999986,16493.699999999953,17101.800000000047,17709.899999999907
53,54,Alexandra,3480,3564,3644,3735,3692,3801.5,3861.0,3920.5,3980.0,4039.5,4099.0,4158.5
54,55,Euroa,3497,3527,3613,3633,3678,3730.0000000000146,3776.8000000000175,3823.600000000006,3870.4000000000087,3917.2000000000116,3964.0000000000146,4010.8000000000175
55,56,Kilmore - Broadford,6900,7147,7477,7771,8053,8348.599999999977,8641.599999999977,8934.599999999977,9227.599999999977,9520.599999999977,9813.599999999977,10106.599999999977
56,57,Mansfield (Vicnp),4942,5015,5246,5383,5509,5669.600000000035,5819.800000000047,5970.0,6120.200000000012,6270.400000000023,6420.600000000035,6570.800000000047
57,58,Nagambie,2143,2150,2255,2360,2426,2499.600000000006,2577.2000000000116,2654.7999999999884,2732.399999999994,2810.0,2887.600000000006,2965.2000000000116
58,59,Seymour,3169,3225,3214,3355,3386,3439.0,3495.4000000000087,3551.800000000003,3608.2000000000116,3664.600000000006,3721.0,3777.4000000000087
59,60,Seymour Region,2145,2103,2286,2355,2454,2529.600000000006,2616.600000000006,2703.600000000006,2790.600000000006,2877.600000000006,2964.600000000006,3051.600000000006
60,61,Upper Yarra Valley,85,78,86,96,97,101.0,105.19999999999891,109.39999999999964,113.59999999999854,117.79999999999927,122.0,126.19999999999891
61,62,Yea,2019,2003,2041,2097,2109,2136.0000000000073,2163.4000000000087,2190.800000000003,2218.2000000000044,2245.600000000006,2273.0000000000073,2300.4000000000087
62,63,Benalla,5405,5398,5419,5524,5693,5698.399999999994,5768.599999999977,5838.799999999988,5908.999999999971,5979.1999999999825,6049.399999999994,6119.599999999977
63,64,Benalla Region,2151,2112,2156,2199,2223,2237.4999999999927,2260.5999999999913,2283.699999999997,2306.7999999999956,2329.899999999994,2352.9999999999927,2376.0999999999913
64,65,Rutherglen,2219,2205,2250,2296,2336,2358.699999999997,2391.199999999997,2423.699999999997,2456.199999999997,2488.699999999997,2521.199999999997,2553.699999999997
65,66,Wangaratta,10126,10165,10216,10429,10527,10612.400000000023,10719.00000000003,10825.600000000006,10932.200000000012,11038.800000000017,11145.400000000023,11252.00000000003
66,67,Wangaratta Region,5872,5767,5959,6041,6143,6201.200000000012,6282.8000000000175,6364.399999999994,6446.0,6527.600000000006,6609.200000000012,6690.8000000000175
67,68,Beechworth,2551,2619,2645,2704,2784,2825.9000000000087,2881.0,2936.100000000006,2991.199999999997,3046.300000000003,3101.4000000000087,3156.5
68,69,Bright - Mount Beauty,4550,4614,4797,4954,5025,5175.0,5304.0,5433.0,5562.0,5691.0,5820.0,5949.0
69,70,Chiltern - Indigo Valley,1790,1854,1882,1894,1925,1962.0,1993.0,2024.0,2055.0,2086.0,2117.0,2148.0
70,71,Myrtleford,2620,2703,2686,2787,2828,2874.800000000003,2924.800000000003,2974.800000000003,3024.800000000003,3074.800000000003,3124.800000000003,3174.800000000003
71,72,Towong,3506,3480,3544,3636,3605,3660.399999999994,3695.800000000003,3731.199999999997,3766.600000000006,3802.0,3837.399999999994,3872.800000000003
72,73,West Wodonga,8247,8204,8348,8570,8661,8764.199999999983,8883.599999999977,9003.0,9122.399999999994,9241.799999999988,9361.199999999983,9480.599999999977
73,74,Wodonga,13203,13322,14065,14597,15048,15536.5,16033.0,16529.5,17026.0,17522.5,18019.0,18515.5
74,75,Yackandandah,2847,2830,2876,2941,3001,3024.699999999997,3066.600000000006,3108.5,3150.4000000000087,3192.300000000003,3234.199999999997,3276.100000000006
75,76,Drouin,7970,8398,8842,9215,9763,10158.5,10598.79999999993,11039.099999999977,11479.399999999907,11919.699999999953,12360.0,12800.29999999993
76,77,Mount Baw Baw Region,3372,3456,3535,3642,3730,3817.600000000006,3907.7999999999884,3998.0,4088.1999999999825,4178.399999999994,4268.600000000006,4358.799999999988
77,78,Trafalgar (Vicnp),4289,4369,4555,4581,4703,4811.399999999994,4915.399999999994,5019.399999999994,5123.399999999994,5227.399999999994,5331.399999999994,5435.399999999994
78,79,Warragul,10288,10795,11208,11694,12240,12685.900000000023,13166.199999999953,13646.5,14126.79999999993,14607.099999999977,15087.400000000023,15567.699999999953
79,82,Bruthen - Omeo,4347,4335,4459,4577,4665,4740.0,4827.8000000000175,4915.600000000006,5003.400000000023,5091.200000000012,5179.0,5266.8000000000175
80,85,Orbost,3153,3062,3133,3199,3260,3266.699999999997,3301.7999999999884,3336.899999999994,3371.9999999999854,3407.0999999999913,3442.199999999997,3477.2999999999884
81,86,Paynesville,3149,3140,3229,3321,3462,3502.3000000000175,3583.0,3663.7000000000116,3744.399999999994,3825.100000000006,3905.8000000000175,3986.5
82,87,Foster,4746,4721,4858,4916,4997,5056.700000000012,5126.399999999994,5196.100000000006,5265.799999999988,5335.5,5405.200000000012,5474.899999999994
83,88,French Island,59,62,60,53,43,43.099999999998545,38.99999999999818,34.899999999999636,30.799999999999272,26.69999999999891,22.599999999998545,18.49999999999818
84,89,Korumburra,5007,4994,5139,5290,5427,5512.200000000012,5625.8000000000175,5739.399999999994,5853.0,5966.600000000006,6080.200000000012,6193.8000000000175
85,90,Leongatha,6126,6177,6332,6431,6495,6609.8000000000175,6709.0,6808.200000000012,6907.399999999994,7006.600000000006,7105.8000000000175,7205.0
86,91,Phillip Island,5479,5648,6018,6338,6534,6843.400000000023,7123.400000000023,7403.400000000023,7683.400000000023,7963.400000000023,8243.400000000023,8523.400000000023
87,94,Churchill,6086,6019,6177,6268,6326,6393.899999999994,6466.799999999988,6539.700000000012,6612.600000000006,6685.5,6758.399999999994,6831.299999999988
88,95,Moe - Newborough,7718,7701,7726,7888,8017,8045.5,8124.0,8202.5,8281.0,8359.5,8438.0,8516.5
89,96,Morwell,5952,5849,5885,5929,6029,5999.000000000007,6022.400000000009,6045.800000000003,6069.200000000004,6092.600000000006,6116.000000000007,6139.400000000009
90,97,Traralgon,14564,14696,14980,15266,15725,15913.79999999993,16203.0,16492.199999999953,16781.400000000023,17070.599999999977,17359.79999999993,17649.0
91,98,Yallourn North - Glengarry,2589,2484,2598,2621,2708,2712.5,2750.0,2787.5,2825.0,2862.5,2900.0,2937.5
92,99,Alps - West,37,27,30,23,19,15.199999999999818,11.199999999999818,7.199999999999818,3.199999999999818,-0.8000000000001819,-4.800000000000182,-8.800000000000182
93,100,Longford - Loch Sport,2038,2095,2177,2220,2291,2353.5,2416.5999999999913,2479.699999999997,2542.7999999999884,2605.899999999994,2669.0,2732.0999999999913
94,101,Maffra,7595,7625,7684,7703,7910,7915.799999999988,7986.600000000006,8057.399999999994,8128.200000000012,8199.0,8269.799999999988,8340.600000000006
95,102,Rosedale,2201,2195,2285,2238,2281,2300.9000000000015,2321.199999999997,2341.5,2361.7999999999956,2382.0999999999985,2402.4000000000015,2422.699999999997
96,103,Sale,7919,7907,7890,8041,8160,8168.199999999997,8229.799999999988,8291.399999999994,8352.999999999985,8414.599999999991,8476.199999999997,8537.799999999988
97,104,Yarram,2759,2721,2750,2787,2856,2852.5999999999985,2878.5999999999985,2904.5999999999985,2930.5999999999985,2956.5999999999985,2982.5999999999985,3008.5999999999985
98,105,Brunswick,16134,16555,17741,18263,19004,19773.800000000047,20518.600000000093,21263.399999999907,22008.199999999953,22753.0,23497.800000000047,24242.600000000093
99,106,Brunswick East,6603,7218,7948,8331,8757,9397.699999999953,9939.799999999814,10481.899999999907,11023.999999999767,11566.09999999986,12108.199999999953,12650.299999999814
100,107,Brunswick West,8148,8402,8887,9195,9397,9793.099999999977,10122.199999999953,10451.300000000047,10780.400000000023,11109.5,11438.599999999977,11767.699999999953
101,108,Coburg,15122,15361,15929,16470,16841,17308.699999999953,17763.400000000023,18218.099999999977,18672.800000000047,19127.5,19582.199999999953,20036.900000000023
102,109,Pascoe Vale South,5540,5654,6140,6270,6446,6738.399999999965,6981.199999999953,7224.0,7466.799999999988,7709.599999999977,7952.399999999965,8195.199999999953
103,110,Alphington - Fairfield,5274,5433,5678,5819,5937,6141.800000000047,6313.000000000058,6484.200000000012,6655.400000000023,6826.600000000035,6997.800000000047,7169.000000000058
104,111,Northcote,14967,15514,16022,16448,16821,17347.0,17811.20000000007,18275.400000000023,18739.600000000093,19203.800000000047,19668.0,20132.20000000007
105,112,Thornbury,10626,11154,11439,11884,12125,12564.0,12936.79999999993,13309.599999999977,13682.399999999907,14055.199999999953,14428.0,14800.79999999993
106,113,Ascot Vale,8524,8720,9239,9589,9771,10177.5,10513.79999999993,10850.099999999977,11186.399999999907,11522.699999999953,11859.0,12195.29999999993
107,114,Essendon - Aberfeldie,16957,17507,18304,18810,19182,19877.90000000014,20453.200000000186,21028.5,21603.800000000047,22179.100000000093,22754.40000000014,23329.700000000186
108,115,Flemington,5163,5341,5605,5944,6212,6463.29999999993,6733.399999999907,7003.5,7273.599999999977,7543.699999999953,7813.79999999993,8083.899999999907
109,116,Moonee Ponds,8659,8987,9269,9601,10067,10345.599999999977,10688.599999999977,11031.599999999977,11374.599999999977,11717.599999999977,12060.599999999977,12403.599999999977
110,117,Carlton,7337,7796,8400,9030,9422,10018.199999999953,10558.600000000093,11099.0,11639.40000000014,12179.800000000047,12720.199999999953,13260.600000000093
111,118,Docklands,6665,7337,8957,10207,11263,12505.600000000093,13712.200000000186,14918.799999999814,16125.399999999907,17332.0,18538.600000000093,19745.200000000186
112,119,East Melbourne,3599,3631,3792,3823,3899,3986.399999999994,4065.5999999999767,4144.799999999988,4223.999999999971,4303.1999999999825,4382.399999999994,4461.599999999977
113,120,Flemington Racecourse,54,45,47,59,65,64.80000000000018,68.39999999999964,72.0,75.59999999999945,79.19999999999982,82.80000000000018,86.39999999999964
114,121,Kensington (Vicnp),6781,6917,7079,7257,7371,7537.0,7689.0,7841.0,7993.0,8145.0,8297.0,8449.0
115,122,Melbourne,18460,20622,24075,26083,27182,30155.900000000373,32446.400000000373,34736.90000000037,37027.40000000037,39317.90000000037,41608.40000000037,43898.90000000037
116,123,North Melbourne,10909,11482,12853,13534,14582,15491.40000000014,16431.200000000186,17371.0,18310.800000000047,19250.600000000093,20190.40000000014,21130.200000000186
117,124,Parkville,3187,3394,3626,3920,4045,4307.000000000058,4531.20000000007,4755.400000000023,4979.600000000035,5203.800000000047,5428.000000000058,5652.20000000007
118,125,South Yarra - West,4167,4289,4720,5182,5106,5524.099999999977,5801.199999999953,6078.300000000047,6355.400000000023,6632.5,6909.599999999977,7186.699999999953
119,126,Southbank,11273,12110,13321,14398,15422,16480.600000000093,17539.200000000186,18597.799999999814,19656.399999999907,20715.0,21773.600000000093,22832.200000000186
120,129,Elwood,10544,10599,10919,10926,11046,11206.099999999977,11339.200000000012,11472.299999999988,11605.400000000023,11738.5,11871.599999999977,12004.700000000012
121,130,Port Melbourne,10831,10498,11043,11181,11132,11322.5,11451.0,11579.5,11708.0,11836.5,11965.0,12093.5
122,131,Port Melbourne Industrial,107,133,236,385,610,671.6000000000058,797.4000000000233,923.2000000000116,1049.000000000029,1174.8000000000175,1300.6000000000058,1426.4000000000233
123,132,South Melbourne,7655,7682,8243,8697,8953,9329.29999999993,9690.399999999907,10051.5,10412.599999999977,10773.699999999953,11134.79999999993,11495.899999999907
124,133,St Kilda,17747,18254,19624,20032,20537,21446.200000000186,22182.000000000233,22917.800000000047,23653.600000000093,24389.40000000014,25125.200000000186,25861.000000000233
125,134,St Kilda East,10990,10911,11686,12058,12218,12653.5,13013.79999999993,13374.099999999977,13734.399999999907,14094.699999999953,14455.0,14815.29999999993
126,135,Armadale,6197,6068,6486,6846,6974,7213.800000000047,7447.000000000058,7680.200000000012,7913.400000000023,8146.600000000035,8379.800000000047,8613.000000000058
127,136,Prahran - Windsor,13476,15042,14996,15009,15150,15729.099999999977,16060.599999999977,16392.099999999977,16723.599999999977,17055.099999999977,17386.599999999977,17718.099999999977
128,137,South Yarra - East,13428,13949,15467,16102,16272,17395.90000000014,18180.0,18964.100000000093,19748.199999999953,20532.300000000047,21316.40000000014,22100.5
129,138,Toorak,10112,9917,10096,10250,10071,10164.499999999993,10189.599999999991,10214.699999999997,10239.799999999996,10264.899999999994,10289.999999999993,10315.099999999991
130,139,Abbotsford,5200,5625,6365,6439,6589,7121.199999999953,7480.400000000023,7839.599999999977,8198.800000000047,8558.0,8917.199999999953,9276.400000000023
131,140,Carlton North - Princes Hill,5809,5669,5983,6106,6129,6262.3000000000175,6370.0,6477.700000000012,6585.399999999994,6693.100000000006,6800.8000000000175,6908.5
132,141,Collingwood,4497,5106,5698,6027,6380,6947.699999999953,7416.400000000023,7885.099999999977,8353.800000000047,8822.5,9291.199999999953,9759.900000000023
133,142,Fitzroy,6439,6511,7052,7083,7189,7476.400000000023,7683.600000000035,7890.799999999988,8098.0,8305.200000000012,8512.400000000023,8719.600000000035
134,143,Fitzroy North,7895,7895,8483,8553,8812,9075.200000000012,9324.400000000023,9573.599999999977,9822.799999999988,10072.0,10321.200000000012,10570.400000000023
135,144,Richmond (Vicnp),20133,20360,21746,22343,22825,23691.499999999767,24428.19999999972,25164.899999999907,25901.59999999986,26638.299999999814,27374.999999999767,28111.69999999972
136,145,Yarra - North,5737,5730,6047,6158,6261,6429.399999999965,6577.0,6724.599999999977,6872.200000000012,7019.799999999988,7167.399999999965,7315.0
137,146,Ashburton (Vicnp),4640,4651,4646,4841,4892,4942.1999999999825,5011.599999999977,5081.0,5150.399999999994,5219.799999999988,5289.1999999999825,5358.599999999977
138,147,Balwyn,10261,10452,10696,10868,11052,11265.199999999953,11464.999999999942,11664.799999999988,11864.599999999977,12064.399999999965,12264.199999999953,12463.999999999942
139,148,Balwyn North,12850,12925,13032,13438,13512,13702.500000000058,13886.20000000007,14069.900000000023,14253.600000000035,14437.300000000047,14621.000000000058,14804.70000000007
140,149,Camberwell,13721,14108,14144,14527,14501,14793.900000000023,14991.799999999988,15189.700000000012,15387.599999999977,15585.5,15783.400000000023,15981.299999999988
141,150,Glen Iris - East,10586,10749,11196,11413,11555,11880.399999999965,12140.600000000035,12400.799999999988,12661.000000000058,12921.200000000012,13181.399999999965,13441.600000000035
142,151,Hawthorn,14708,15439,16493,17176,17287,18289.100000000093,18978.600000000093,19668.100000000093,20357.600000000093,21047.100000000093,21736.600000000093,22426.100000000093
143,152,Hawthorn East,9582,10079,10389,10774,11148,11542.5,11925.20000000007,12307.900000000023,12690.600000000093,13073.300000000047,13456.0,13838.70000000007
144,153,Kew,16131,16559,16786,17113,17095,17481.400000000023,17729.600000000035,17977.79999999999,18226.0,18474.20000000001,18722.400000000023,18970.600000000035
145,154,Kew East,3997,4111,4185,4200,4272,4344.699999999997,4408.600000000006,4472.5,4536.400000000009,4600.300000000003,4664.199999999997,4728.100000000006
146,155,Surrey Hills (West) - Canterbury,10672,10825,10940,11079,11103,11258.600000000006,11370.200000000012,11481.799999999988,11593.399999999994,11705.0,11816.600000000006,11928.200000000012
147,156,Bulleen,6515,6623,6722,6829,6946,7047.399999999994,7154.200000000012,7261.0,7367.8000000000175,7474.600000000006,7581.399999999994,7688.200000000012
148,157,Doncaster,12041,12401,12974,13582,14237,14718.90000000014,15276.200000000186,15833.5,16390.800000000047,16948.100000000093,17505.40000000014,18062.700000000186
149,158,Templestowe,10676,10685,10665,10792,10914,10921.300000000003,10979.600000000006,11037.899999999994,11096.199999999997,11154.5,11212.800000000003,11271.100000000006
150,159,Templestowe Lower,7979,7916,8015,8163,8144,8216.499999999985,8274.199999999983,8331.899999999994,8389.599999999991,8447.299999999988,8504.999999999985,8562.699999999983
151,160,Doncaster East (North),9147,9119,9355,9650,9886,10034.100000000035,10235.0,10435.900000000023,10636.799999999988,10837.700000000012,11038.600000000035,11239.5
152,161,Doncaster East (South),7537,7853,8008,8309,8612,8845.599999999919,9106.199999999895,9366.799999999988,9627.399999999965,9887.999999999942,10148.599999999919,10409.199999999895
153,162,Blackburn,12690,12890,13297,13726,14088,14427.79999999993,14791.0,15154.199999999953,15517.400000000023,15880.599999999977,16243.79999999993,16607.0
154,163,Blackburn South,5944,5836,6011,6167,6283,6350.899999999994,6451.799999999988,6552.700000000012,6653.600000000006,6754.5,6855.399999999994,6956.299999999988
155,164,Box Hill,10273,10405,11812,12330,12915,13709.699999999953,14430.600000000093,15151.5,15872.40000000014,16593.300000000047,17314.199999999953,18035.100000000093
156,165,Box Hill North,9975,9990,10383,10768,11124,11370.79999999993,11678.399999999907,11986.0,12293.599999999977,12601.199999999953,12908.79999999993,13216.399999999907
157,166,Burwood,5890,5971,6364,6815,7160,7455.20000000007,7793.600000000093,8132.0,8470.400000000023,8808.800000000047,9147.20000000007,9485.600000000093
158,167,Burwood East,5904,5852,6049,6293,6275,6429.5,6547.8000000000175,6666.100000000006,6784.400000000023,6902.700000000012,7021.0,7139.3000000000175
159,168,Surrey Hills (East) - Mont Albert,6440,6444,6709,6842,6925,7082.399999999965,7219.199999999953,7356.0,7492.799999999988,7629.599999999977,7766.399999999965,7903.199999999953
160,169,Beaumaris,8783,8965,9083,9252,9258,9439.300000000017,9563.0,9686.700000000012,9810.399999999994,9934.100000000006,10057.800000000017,10181.5
161,170,Brighton (Vicnp),15426,15761,16039,16312,16253,16619.70000000001,16840.20000000001,17060.70000000001,17281.20000000001,17501.70000000001,17722.20000000001,17942.70000000001
162,171,Brighton East,9820,9874,10044,10278,10293,10466.799999999988,10601.799999999988,10736.799999999988,10871.799999999988,11006.799999999988,11141.799999999988,11276.799999999988
163,172,Cheltenham - Highett (West),6401,6647,7021,7219,7438,7738.999999999884,8003.59999999986,8268.199999999953,8532.79999999993,8797.399999999907,9061.999999999884,9326.59999999986
164,173,Hampton,10669,10845,11134,11338,11547,11781.299999999988,12006.199999999953,12231.099999999977,12455.999999999942,12680.899999999965,12905.799999999988,13130.699999999953
165,174,Sandringham - Black Rock,10464,10711,10925,11206,11359,11618.5,11847.0,12075.5,12304.0,12532.5,12761.0,12989.5
166,175,Bentleigh - McKinnon,13181,13323,13879,14517,15047,15467.199999999953,15959.79999999993,16452.400000000023,16945.0,17437.599999999977,17930.199999999953,18422.79999999993
167,176,Carnegie,10378,10625,10976,11438,11945,12256.5,12651.20000000007,13045.900000000023,13440.600000000093,13835.300000000047,14230.0,14624.70000000007
168,177,Caulfield - North,13383,13659,14098,14633,14662,15146.599999999977,15499.800000000047,15853.0,16206.20000000007,16559.400000000023,16912.599999999977,17265.800000000047
169,178,Caulfield - South,11184,11378,11673,11818,11675,11972.200000000012,12114.400000000023,12256.599999999977,12398.799999999988,12541.0,12683.200000000012,12825.400000000023
170,179,Elsternwick,7263,7553,7717,7932,8120,8344.899999999965,8554.199999999953,8763.5,8972.799999999988,9182.099999999977,9391.399999999965,9600.699999999953
171,180,Hughesdale,4171,4243,4410,4528,4600,4733.299999999988,4847.600000000006,4961.899999999994,5076.200000000012,5190.5,5304.799999999988,5419.100000000006
172,181,Murrumbeena,5679,5828,5966,6136,6259,6413.999999999942,6560.79999999993,6707.599999999977,6854.399999999965,7001.199999999953,7147.999999999942,7294.79999999993
173,182,Ormond - Glen Huntly,7968,8270,8419,8869,9185,9452.099999999977,9755.399999999907,10058.699999999953,10361.999999999884,10665.29999999993,10968.599999999977,11271.899999999907
174,183,Bentleigh East (North),8409,8585,8799,9067,9401,9592.0,9838.600000000035,10085.200000000012,10331.800000000047,10578.400000000023,10825.0,11071.600000000035
175,184,Bentleigh East (South),7393,7676,7796,8086,8190,8429.400000000023,8629.799999999988,8830.200000000012,9030.599999999977,9231.0,9431.400000000023,9631.799999999988
176,185,Aspendale Gardens - Waterways,5323,5311,5435,5541,5618,5691.600000000006,5773.600000000006,5855.600000000006,5937.600000000006,6019.600000000006,6101.600000000006,6183.600000000006
177,186,Braeside,156,146,160,156,138,143.39999999999964,140.80000000000018,138.19999999999982,135.60000000000036,133.0,130.39999999999964,127.80000000000018
178,187,Carrum - Patterson Lakes,7003,7089,7247,7302,7424,7529.5,7635.0,7740.5,7846.0,7951.5,8057.0,8162.5
179,188,Chelsea - Bonbeach,7917,8143,8431,8610,8707,8975.700000000012,9180.400000000023,9385.099999999977,9589.799999999988,9794.5,9999.200000000012,10203.900000000023
180,189,Chelsea Heights,2974,3004,3094,3158,3165,3239.800000000003,3293.399999999994,3347.0,3400.5999999999913,3454.199999999997,3507.800000000003,3561.399999999994
181,190,Cheltenham - Highett (East),12481,12965,13505,13946,14549,15024.29999999993,15536.0,16047.699999999953,16559.400000000023,17071.099999999977,17582.79999999993,18094.5
182,191,Edithvale - Aspendale,7489,7655,7770,7988,8202,8348.5,8524.399999999965,8700.299999999988,8876.199999999953,9052.099999999977,9228.0,9403.899999999965
183,192,Mentone,8021,8035,8337,8524,8596,8794.299999999988,8958.199999999953,9122.099999999977,9285.999999999942,9449.899999999965,9613.799999999988,9777.699999999953
184,193,Moorabbin - Heatherton,4996,5159,5288,5521,5592,5777.400000000023,5932.799999999988,6088.200000000012,6243.599999999977,6399.0,6554.400000000023,6709.799999999988
185,196,Malvern - Glen Iris,13436,13330,13978,14381,14437,14828.300000000047,15133.599999999977,15438.900000000023,15744.199999999953,16049.5,16354.800000000047,16660.099999999977
186,197,Malvern East,12787,12785,13497,13831,14094,14496.800000000047,14862.800000000047,15228.800000000047,15594.800000000047,15960.800000000047,16326.800000000047,16692.800000000047
187,198,Bundoora - East,5376,5435,5474,5660,5821,5887.700000000012,5999.200000000012,6110.700000000012,6222.200000000012,6333.700000000012,6445.200000000012,6556.700000000012
188,199,Greensborough,12458,12637,12751,12960,13043,13217.699999999953,13366.999999999942,13516.299999999988,13665.599999999977,13814.899999999965,13964.199999999953,14113.499999999942
189,200,Heidelberg - Rosanna,8657,8921,9126,9515,9755,10031.800000000047,10310.800000000047,10589.800000000047,10868.800000000047,11147.800000000047,11426.800000000047,11705.800000000047
190,201,Heidelberg West,6651,7077,7362,7847,8179,8570.999999999884,8953.59999999986,9336.199999999953,9718.79999999993,10101.399999999907,10483.999999999884,10866.59999999986
191,202,Ivanhoe,7161,7458,7720,8123,8255,8599.300000000047,8884.599999999977,9169.900000000023,9455.199999999953,9740.5,10025.800000000047,10311.099999999977
192,203,Ivanhoe East - Eaglemont,5298,5395,5450,5529,5519,5611.0,5668.599999999991,5726.199999999997,5783.799999999988,5841.399999999994,5899.0,5956.599999999991
193,204,Montmorency - Briar Hill,9773,9895,10034,10176,10215,10368.100000000006,10484.600000000006,10601.100000000006,10717.600000000006,10834.100000000006,10950.600000000006,11067.100000000006
194,205,Viewbank - Yallambie,10561,10730,10819,11003,11035,11195.900000000023,11318.00000000003,11440.100000000006,11562.200000000012,11684.300000000017,11806.400000000023,11928.50000000003
195,206,Watsonia,5160,5264,5290,5384,5516,5572.399999999994,5655.599999999977,5738.799999999988,5821.999999999971,5905.1999999999825,5988.399999999994,6071.599999999977
196,207,Kingsbury,5173,5340,5665,6110,6278,6607.199999999953,6905.199999999953,7203.199999999953,7501.199999999953,7799.199999999953,8097.199999999953,8395.199999999953
197,208,Reservoir - East,13010,13550,14112,14937,15566,16184.699999999953,16834.600000000093,17484.5,18134.40000000014,18784.300000000047,19434.199999999953,20084.100000000093
198,209,Reservoir - West,12189,12529,13053,13471,13801,14258.399999999907,14674.999999999884,15091.599999999977,15508.199999999953,15924.79999999993,16341.399999999907,16757.999999999884
199,210,Preston - East,10665,10976,11780,12110,12549,13086.599999999977,13576.800000000047,14067.0,14557.20000000007,15047.400000000023,15537.599999999977,16027.800000000047
200,211,Preston - West,6763,7069,7332,7586,7839,8118.500000000116,8385.40000000014,8652.300000000047,8919.20000000007,9186.100000000093,9453.000000000116,9719.90000000014
201,212,Eltham,14689,14758,14815,15097,15220,15336.099999999977,15476.200000000012,15616.299999999988,15756.400000000023,15896.5,16036.599999999977,16176.700000000012
202,213,Hurstbridge,2130,2153,2219,2210,2195,2237.5,2256.2000000000044,2274.9000000000015,2293.600000000006,2312.300000000003,2331.0,2349.7000000000044
203,214,Kinglake,2103,2179,2261,2273,2329,2392.800000000003,2447.399999999994,2502.0,2556.5999999999913,2611.199999999997,2665.800000000003,2720.399999999994
204,215,Panton Hill - St Andrews,3146,3187,3291,3334,3317,3401.699999999997,3450.600000000006,3499.5,3548.4000000000087,3597.300000000003,3646.199999999997,3695.100000000006
205,216,Plenty - Yarrambat,6030,6076,6210,6316,6326,6441.200000000012,6524.399999999994,6607.600000000006,6690.799999999988,6774.0,6857.200000000012,6940.399999999994
206,217,Research - North Warrandyte,4227,4256,4332,4456,4402,4499.600000000006,4554.600000000006,4609.600000000006,4664.600000000006,4719.600000000006,4774.600000000006,4829.600000000006
207,218,Wattle Glen - Diamond Creek,8608,8663,8903,9051,9167,9330.200000000012,9480.800000000047,9631.400000000023,9782.000000000058,9932.600000000035,10083.200000000012,10233.800000000047
208,219,Bundoora - North,3790,3949,4182,4373,4471,4688.799999999988,4867.400000000023,5046.0,5224.600000000035,5403.200000000012,5581.799999999988,5760.400000000023
209,220,Bundoora - West,3238,3248,3388,3454,3521,3601.399999999994,3678.5999999999767,3755.7999999999884,3832.999999999971,3910.1999999999825,3987.399999999994,4064.5999999999767
210,221,Lalor,9732,10104,10618,11055,11440,11899.900000000023,12336.600000000093,12773.300000000047,13210.000000000116,13646.70000000007,14083.400000000023,14520.100000000093
211,222,Mill Park - North,10310,10320,10634,10733,10984,11124.5,11300.600000000035,11476.700000000012,11652.800000000047,11828.900000000023,12005.0,12181.100000000035
212,223,Mill Park - South,6729,6752,6851,6909,6918,6992.300000000003,7045.800000000003,7099.300000000003,7152.800000000003,7206.300000000003,7259.800000000003,7313.300000000003
213,224,Thomastown,9248,9241,9715,10049,10402,10665.79999999993,10977.399999999907,11289.0,11600.599999999977,11912.199999999953,12223.79999999993,12535.399999999907
214,225,Wallan,8398,8838,9623,10316,11176,11780.399999999907,12483.800000000047,13187.199999999953,13890.600000000093,14594.0,15297.399999999907,16000.800000000047
215,226,Whittlesea,4348,4375,4511,4724,4855,4971.499999999942,5107.79999999993,5244.099999999977,5380.399999999965,5516.699999999953,5652.999999999942,5789.29999999993
216,227,Doreen,10182,11056,12150,12892,13777,14719.199999999953,15621.799999999814,16524.399999999907,17426.999999999767,18329.59999999986,19232.199999999953,20134.799999999814
217,228,Epping - East,6722,6839,7110,7227,7269,7478.000000000058,7626.20000000007,7774.400000000023,7922.600000000035,8070.800000000047,8219.000000000058,8367.20000000007
218,229,Epping - South,4229,4321,4467,4538,4575,4698.6999999999825,4789.599999999977,4880.5,4971.399999999994,5062.299999999988,5153.1999999999825,5244.099999999977
219,230,Epping - West,5258,5590,5988,6154,6376,6713.199999999953,6993.199999999953,7273.199999999953,7553.199999999953,7833.199999999953,8113.199999999953,8393.199999999953
220,231,Mernda,7418,8574,9985,10820,11828,13044.80000000028,14151.400000000373,15258.0,16364.600000000093,17471.200000000186,18577.80000000028,19684.400000000373
221,232,South Morang (North),6484,6635,6953,7174,7361,7609.299999999988,7838.599999999977,8067.900000000023,8297.200000000012,8526.5,8755.799999999988,8985.099999999977
222,233,South Morang (South),6465,6534,6787,6970,7125,7303.0,7478.600000000035,7654.200000000012,7829.800000000047,8005.400000000023,8181.0,8356.600000000035
223,234,Wollert,3573,4483,5750,6636,7985,8978.5,10076.19999999972,11173.899999999907,12271.599999999627,13369.299999999814,14467.0,15564.69999999972
224,235,Airport West,4251,4298,4480,4639,4842,4958.899999999965,5111.199999999953,5263.5,5415.799999999988,5568.099999999977,5720.399999999965,5872.699999999953
225,238,Keilor East,13972,14126,14568,14783,15130,15407.70000000007,15705.0,16002.300000000047,16299.599999999977,16596.900000000023,16894.20000000007,17191.5
226,239,Niddrie - Essendon West,4158,4191,4312,4434,4482,4582.700000000012,4671.8000000000175,4760.899999999994,4850.0,4939.100000000006,5028.200000000012,5117.3000000000175
227,240,Strathmore,5902,5934,6132,6309,6429,6569.900000000023,6712.799999999988,6855.700000000012,6998.599999999977,7141.5,7284.400000000023,7427.299999999988
228,241,Gisborne,7371,7619,7918,8095,8257,8526.399999999965,8751.199999999953,8976.0,9200.799999999988,9425.599999999977,9650.399999999965,9875.199999999953
229,242,Macedon,2029,1998,2079,2125,2102,2148.5,2175.7999999999956,2203.0999999999985,2230.399999999994,2257.699999999997,2285.0,2312.2999999999956
230,243,Riddells Creek,2488,2514,2567,2629,2656,2706.100000000006,2751.199999999997,2796.300000000003,2841.399999999994,2886.5,2931.600000000006,2976.699999999997
231,244,Romsey,5111,5233,5457,5683,5883,6071.600000000035,6271.0,6470.400000000023,6669.799999999988,6869.200000000012,7068.600000000035,7268.0
232,245,Coburg North,3983,4160,4649,4831,5067,5389.70000000007,5673.600000000093,5957.5,6241.400000000023,6525.300000000047,6809.20000000007,7093.100000000093
233,246,Fawkner,5821,6029,6358,6731,7001,7306.599999999977,7612.800000000047,7919.0,8225.20000000007,8531.400000000023,8837.599999999977,9143.800000000047
234,247,Pascoe Vale,12795,13087,14023,14539,15325,15907.399999999907,16558.59999999986,17209.800000000047,17861.0,18512.199999999953,19163.399999999907,19814.59999999986
235,248,Glenroy,10466,11042,11963,12653,13495,14224.5,14991.40000000014,15758.300000000047,16525.200000000186,17292.100000000093,18059.0,18825.90000000014
236,249,Gowanbrae,1727,1733,1797,1843,1851,1897.6000000000058,1933.4000000000087,1969.199999999997,2005.0,2040.800000000003,2076.600000000006,2112.4000000000087
237,250,Hadfield,2610,2629,2786,2971,3124,3235.0,3372.0,3509.0,3646.0,3783.0,3920.0,4057.0
238,251,Sunbury,7449,7556,7829,8035,8242,8441.700000000012,8648.200000000012,8854.700000000012,9061.200000000012,9267.700000000012,9474.200000000012,9680.700000000012
239,252,Sunbury - South,14893,15271,15982,16703,17563,18113.999999999767,18791.19999999972,19468.399999999907,20145.59999999986,20822.799999999814,21499.999999999767,22177.19999999972
240,253,Broadmeadows,4637,4885,5159,5524,6021,6267.29999999993,6608.0,6948.699999999953,7289.400000000023,7630.099999999977,7970.79999999993,8311.5
241,254,Campbellfield - Coolaroo,5640,5804,6009,6333,6474,6711.100000000035,6930.800000000047,7150.5,7370.200000000012,7589.900000000023,7809.600000000035,8029.300000000047
242,255,Gladstone Park - Westmeadows,9708,9861,9906,10143,10202,10345.0,10472.0,10599.0,10726.0,10853.0,10980.0,11107.0
243,256,Greenvale - Bulla,9157,9742,10544,11131,11549,12276.500000000233,12893.80000000028,13511.100000000093,14128.40000000014,14745.700000000186,15363.000000000233,15980.30000000028
244,257,Meadow Heights,5484,5462,5532,5735,5920,5970.100000000006,6084.600000000006,6199.100000000006,6313.600000000006,6428.100000000006,6542.600000000006,6657.100000000006
245,258,Melbourne Airport,59,50,64,62,63,65.59999999999991,67.59999999999991,69.59999999999991,71.59999999999991,73.59999999999991,75.59999999999991,77.59999999999991
246,259,Roxburgh Park - Somerton,8763,8968,9247,9804,10352,10631.000000000116,11032.40000000014,11433.800000000047,11835.20000000007,12236.600000000093,12638.000000000116,13039.40000000014
247,260,Tullamarine,3564,3542,3502,3616,3683,3675.0,3706.2000000000044,3737.4000000000015,3768.600000000006,3799.800000000003,3831.0,3862.2000000000044
248,261,Craigieburn - Central,4277,4315,4363,4457,4492,4552.399999999994,4609.599999999991,4666.800000000003,4724.0,4781.199999999997,4838.399999999994,4895.599999999991
249,262,Craigieburn - North,5536,5773,6082,6469,6687,7008.800000000047,7308.599999999977,7608.400000000023,7908.199999999953,8208.0,8507.800000000047,8807.599999999977
250,263,Craigieburn - South,7508,8214,8962,9643,10195,10945.300000000047,11625.600000000093,12305.899999999907,12986.199999999953,13666.5,14346.800000000047,15027.100000000093
251,264,Craigieburn - West,5675,6609,7497,8260,9333,10164.899999999907,11061.59999999986,11958.300000000047,12855.0,13751.699999999953,14648.399999999907,15545.09999999986
252,265,Mickleham - Yuroke,1356,1989,3118,4542,6743,7547.700000000186,8880.399999999907,10213.100000000093,11545.799999999814,12878.5,14211.200000000186,15543.899999999907
253,266,Bayswater,6764,6995,7021,7295,7461,7615.400000000023,7784.799999999988,7954.200000000012,8123.599999999977,8293.0,8462.400000000023,8631.799999999988
254,267,Knoxfield - Scoresby,8401,8693,9104,9492,9898,10255.5,10634.79999999993,11014.099999999977,11393.399999999907,11772.699999999953,12152.0,12531.29999999993
255,268,Lysterfield,4310,4419,4480,4544,4541,4634.899999999994,4693.599999999991,4752.300000000003,4811.0,4869.699999999997,4928.399999999994,4987.099999999991
256,269,Rowville - Central,9281,9484,9528,9685,9853,9969.700000000012,10104.200000000012,10238.700000000012,10373.200000000012,10507.700000000012,10642.200000000012,10776.700000000012
257,270,Rowville - North,4802,4848,5000,5054,5082,5187.000000000029,5263.600000000035,5340.200000000012,5416.8000000000175,5493.400000000023,5570.000000000029,5646.600000000035
258,271,Rowville - South,6731,6783,6875,6947,7010,7085.8000000000175,7158.0,7230.200000000012,7302.399999999994,7374.600000000006,7446.8000000000175,7519.0
259,272,Wantirna,8508,8591,8487,8726,8843,8872.5,8953.0,9033.5,9114.0,9194.5,9275.0,9355.5
260,273,Wantirna South,10741,10853,11019,11196,11320,11476.099999999977,11626.200000000012,11776.299999999988,11926.400000000023,12076.5,12226.599999999977,12376.700000000012
261,274,Boronia,12408,12573,12903,13284,13440,13754.099999999977,14031.599999999977,14309.099999999977,14586.599999999977,14864.099999999977,15141.599999999977,15419.099999999977
262,275,Ferntree Gully (North),7872,7927,8122,8209,8275,8407.399999999994,8516.200000000012,8625.0,8733.800000000017,8842.600000000006,8951.399999999994,9060.200000000012
263,276,Ferntree Gully (South) - Upper Ferntree Gully,8681,8671,8886,9125,9344,9475.400000000023,9653.400000000023,9831.400000000023,10009.400000000023,10187.400000000023,10365.400000000023,10543.400000000023
264,277,The Basin,2574,2556,2628,2657,2644,2684.0999999999985,2708.199999999997,2732.300000000003,2756.4000000000015,2780.5,2804.5999999999985,2828.699999999997
265,278,Donvale - Park Orchards,10007,10086,10206,10458,10473,10637.200000000012,10767.599999999977,10898.0,11028.399999999965,11158.799999999988,11289.200000000012,11419.599999999977
266,279,Warrandyte - Wonga Park,6755,6755,6791,6856,6810,6856.699999999997,6877.799999999996,6898.9000000000015,6920.0,6941.0999999999985,6962.199999999997,6983.299999999996
267,280,Bayswater North,6757,6860,7009,7120,7251,7373.799999999988,7498.600000000006,7623.399999999994,7748.200000000012,7873.0,7997.799999999988,8122.600000000006
268,281,Croydon Hills - Warranwood,11215,11486,11572,11698,11754,11932.0,12061.0,12190.0,12319.0,12448.0,12577.0,12706.0
269,282,Ringwood,9551,9790,9980,10495,10844,11119.29999999993,11448.399999999907,11777.5,12106.599999999977,12435.699999999953,12764.79999999993,13093.899999999907
270,283,Ringwood East,11512,11719,12115,12335,12498,12812.199999999953,13070.999999999942,13329.799999999988,13588.599999999977,13847.399999999965,14106.199999999953,14364.999999999942
271,284,Ringwood North,5916,6051,6098,6113,6168,6239.0,6295.599999999991,6352.199999999997,6408.799999999988,6465.399999999994,6522.0,6578.599999999991
272,285,Croydon - East,8103,8382,8678,8833,9067,9326.299999999988,9564.199999999953,9802.099999999977,10039.999999999942,10277.899999999965,10515.799999999988,10753.699999999953
273,286,Croydon - West,7382,7516,7780,8013,8092,8331.700000000012,8523.400000000023,8715.099999999977,8906.799999999988,9098.5,9290.200000000012,9481.900000000023
274,287,Croydon South,2690,2712,2715,2772,2861,2870.5999999999913,2910.7999999999884,2951.0,2991.199999999997,3031.399999999994,3071.5999999999913,3111.7999999999884
275,288,Forest Hill,5932,5930,6100,6331,6407,6545.299999999988,6680.400000000023,6815.5,6950.600000000035,7085.700000000012,7220.799999999988,7355.900000000023
276,289,Mitcham (Vicnp),9668,9757,10137,10311,10599,10819.200000000012,11060.800000000047,11302.400000000023,11544.000000000058,11785.600000000035,12027.200000000012,12268.800000000047
277,290,Nunawading,6608,6616,6983,7174,7287,7508.399999999965,7700.0,7891.599999999977,8083.200000000012,8274.799999999988,8466.399999999965,8658.0
278,291,Vermont,6126,6116,6306,6416,6497,6604.8000000000175,6709.0,6813.200000000012,6917.399999999994,7021.600000000006,7125.8000000000175,7230.0
279,292,Vermont South,7310,7251,7373,7510,7617,7674.100000000006,7761.400000000023,7848.700000000012,7936.000000000029,8023.3000000000175,8110.600000000006,8197.900000000023
280,293,Belgrave - Selby,5986,5963,6171,6191,6372,6436.600000000006,6536.600000000006,6636.600000000006,6736.600000000006,6836.600000000006,6936.600000000006,7036.600000000006
281,294,Chirnside Park,5911,6082,6479,6762,7024,7323.399999999907,7613.999999999884,7904.599999999977,8195.199999999953,8485.79999999993,8776.399999999907,9066.999999999884
282,295,Healesville - Yarra Glen,7573,7588,7908,8088,8182,8383.199999999953,8554.999999999942,8726.799999999988,8898.599999999977,9070.399999999965,9242.199999999953,9413.999999999942
283,296,Kilsyth,5058,5063,5304,5389,5430,5569.799999999988,5676.799999999988,5783.799999999988,5890.799999999988,5997.799999999988,6104.799999999988,6211.799999999988
284,297,Lilydale - Coldstream,11215,11198,11457,11549,11566,11712.899999999994,11818.200000000012,11923.5,12028.800000000017,12134.100000000006,12239.399999999994,12344.700000000012
285,298,Monbulk - Silvan,3433,3435,3497,3581,3592,3646.800000000003,3693.2000000000116,3739.600000000006,3786.0000000000146,3832.4000000000087,3878.800000000003,3925.2000000000116
286,299,Montrose,4025,4052,4091,4146,4102,4157.5999999999985,4182.399999999994,4207.199999999997,4231.999999999993,4256.799999999996,4281.5999999999985,4306.399999999994
287,300,Mooroolbark,12665,12808,13191,13446,13601,13895.200000000012,14146.200000000012,14397.200000000012,14648.200000000012,14899.200000000012,15150.200000000012,15401.200000000012
288,301,Mount Dandenong - Olinda,6004,6032,6087,6098,6085,6129.5999999999985,6152.399999999994,6175.199999999997,6197.999999999993,6220.799999999996,6243.5999999999985,6266.399999999994
289,302,Mount Evelyn,5664,5646,5834,5871,5976,6052.899999999994,6137.799999999988,6222.700000000012,6307.600000000006,6392.5,6477.399999999994,6562.299999999988
290,303,Upwey - Tecoma,6001,5991,6163,6205,6287,6365.200000000012,6443.8000000000175,6522.399999999994,6601.0,6679.600000000006,6758.200000000012,6836.8000000000175
291,304,Wandin - Seville,4596,4730,4856,4920,5021,5136.600000000006,5240.600000000006,5344.600000000006,5448.600000000006,5552.600000000006,5656.600000000006,5760.600000000006
292,305,Yarra Valley,8664,8777,8968,9165,9341,9505.600000000035,9679.800000000047,9854.0,10028.200000000012,10202.400000000023,10376.600000000035,10550.800000000047
293,306,Beaconsfield - Officer,6835,7844,9147,10481,11922,13089.100000000093,14370.200000000186,15651.299999999814,16932.399999999907,18213.5,19494.600000000093,20775.700000000186
294,307,Bunyip - Garfield,4937,5022,5195,5411,5567,5721.100000000035,5886.0,6050.900000000023,6215.799999999988,6380.700000000012,6545.600000000035,6710.5
295,308,Emerald - Cockatoo,10586,10600,10803,10939,11140,11247.700000000012,11392.400000000023,11537.099999999977,11681.799999999988,11826.5,11971.200000000012,12115.900000000023
296,309,Koo Wee Rup,3912,4109,4311,4514,4848,5021.900000000023,5249.600000000035,5477.299999999988,5705.0,5932.700000000012,6160.400000000023,6388.100000000035
297,310,Pakenham - North,9037,9876,10443,11074,11529,12246.399999999907,12864.59999999986,13482.800000000047,14101.0,14719.199999999953,15337.399999999907,15955.59999999986
298,311,Pakenham - South,13936,14497,15355,16176,16821,17591.699999999953,18336.600000000093,19081.5,19826.40000000014,20571.300000000047,21316.199999999953,22061.100000000093
299,312,Berwick - North,13520,13653,13852,14035,14015,14226.600000000035,14363.800000000047,14501.0,14638.200000000012,14775.400000000023,14912.600000000035,15049.800000000047
300,313,Berwick - South,13547,14172,14686,15269,15969,16510.90000000014,17105.0,17699.100000000093,18293.199999999953,18887.300000000047,19481.40000000014,20075.5
301,314,Doveton,4460,4786,5048,5280,5485,5775.0,6029.399999999965,6283.799999999988,6538.199999999953,6792.599999999977,7047.0,7301.399999999965
302,315,Hallam,5339,5459,5515,5680,5791,5894.299999999988,6006.799999999988,6119.299999999988,6231.799999999988,6344.299999999988,6456.799999999988,6569.299999999988
303,316,Narre Warren North,4804,4915,5079,5084,5159,5271.899999999994,5359.799999999988,5447.700000000012,5535.600000000006,5623.5,5711.399999999994,5799.299999999988
304,317,Endeavour Hills - North,6387,6501,6486,6716,6753,6852.700000000012,6947.399999999994,7042.100000000006,7136.799999999988,7231.5,7326.200000000012,7420.899999999994
305,318,Endeavour Hills - South,7565,7683,7687,7823,7785,7882.600000000006,7940.600000000006,7998.600000000006,8056.600000000006,8114.600000000006,8172.600000000006,8230.600000000006
306,319,Narre Warren - North East,7382,7593,7736,7890,7998,8178.5,8331.399999999965,8484.299999999988,8637.199999999953,8790.099999999977,8943.0,9095.899999999965
307,320,Narre Warren - South West,7191,7319,7522,7806,8031,8223.900000000023,8440.600000000035,8657.299999999988,8874.0,9090.700000000012,9307.400000000023,9524.100000000035
308,321,Cranbourne,10044,10489,10563,10852,11063,11322.5,11562.600000000035,11802.700000000012,12042.800000000047,12282.900000000023,12523.0,12763.100000000035
309,322,Cranbourne East,10417,13256,17511,21261,25862,29329.900000000373,33219.40000000037,37108.90000000037,40998.40000000037,44887.90000000037,48777.40000000037,52666.90000000037
310,323,Cranbourne North,9868,10583,11463,12273,12900,13743.59999999986,14519.0,15294.399999999907,16069.800000000047,16845.199999999953,17620.59999999986,18396.0
311,324,Cranbourne South,5024,5234,5620,6225,7413,7633.899999999907,8210.800000000047,8787.699999999953,9364.600000000093,9941.5,10518.399999999907,11095.300000000047
312,325,Cranbourne West,6931,8054,9049,9712,10528,11510.399999999907,12395.59999999986,13280.800000000047,14166.0,15051.199999999953,15936.399999999907,16821.59999999986
313,326,Hampton Park - Lynbrook,12363,12638,12832,13309,13531,13836.699999999953,14137.400000000023,14438.099999999977,14738.800000000047,15039.5,15340.199999999953,15640.900000000023
314,327,Lynbrook - Lyndhurst,7927,8309,8733,9145,9537,9946.999999999884,10352.59999999986,10758.199999999953,11163.79999999993,11569.399999999907,11974.999999999884,12380.59999999986
315,328,Pearcedale - Tooradin,4492,4574,4680,4719,4796,4878.100000000006,4953.400000000023,5028.700000000012,5104.000000000029,5179.3000000000175,5254.600000000006,5329.900000000023
316,329,Narre Warren South (East),7320,7487,7631,7765,7910,8059.999999999942,8205.79999999993,8351.599999999977,8497.399999999965,8643.199999999953,8788.999999999942,8934.79999999993
317,330,Narre Warren South (West),8535,8668,8871,9029,9115,9299.899999999965,9452.0,9604.099999999977,9756.200000000012,9908.299999999988,10060.399999999965,10212.5
318,331,Clarinda - Oakleigh South,6478,6540,6638,6748,6664,6787.600000000006,6845.600000000006,6903.600000000006,6961.600000000006,7019.600000000006,7077.600000000006,7135.600000000006
319,332,Clayton South,6665,6734,7015,7438,7807,8028.20000000007,8327.0,8625.800000000047,8924.599999999977,9223.400000000023,9522.20000000007,9821.0
320,333,Dandenong,13115,14013,14768,15550,15915,16813.299999999814,17526.999999999767,18240.699999999953,18954.399999999907,19668.09999999986,20381.799999999814,21095.499999999767
321,334,Dandenong North,11017,11237,11533,11739,12036,12274.400000000023,12528.400000000023,12782.400000000023,13036.400000000023,13290.400000000023,13544.400000000023,13798.400000000023
322,335,Dingley Village,6314,6353,6421,6440,6475,6523.300000000003,6564.200000000012,6605.100000000006,6646.000000000015,6686.900000000009,6727.800000000003,6768.700000000012
323,336,Keysborough,13170,14172,15103,15902,16704,17649.600000000093,18529.40000000014,19409.199999999953,20289.0,21168.800000000047,22048.600000000093,22928.40000000014
324,337,Noble Park North,3723,3761,3821,3896,4012,4056.5,4127.8000000000175,4199.100000000006,4270.400000000023,4341.700000000012,4413.0,4484.3000000000175
325,338,Springvale,9720,10284,10891,11595,12210,12827.300000000047,13456.399999999907,14085.5,14714.59999999986,15343.699999999953,15972.800000000047,16601.899999999907
326,339,Springvale South,6093,6346,6405,6708,6900,7083.200000000012,7280.800000000047,7478.400000000023,7676.000000000058,7873.600000000035,8071.200000000012,8268.800000000047
327,340,Noble Park - East,6085,6402,6691,7065,7417,7730.099999999977,8062.800000000047,8395.5,8728.20000000007,9060.900000000023,9393.599999999977,9726.300000000047
328,341,Noble Park - West,8660,8959,9388,9992,10508,10920.100000000093,11393.000000000116,11865.900000000023,12338.800000000047,12811.70000000007,13284.600000000093,13757.500000000116
329,342,Ashwood - Chadstone,9944,10195,10858,11290,11715,12191.5,12655.20000000007,13118.900000000023,13582.600000000093,14046.300000000047,14510.0,14973.70000000007
330,343,Clayton,8976,8989,9572,10357,11056,11448.40000000014,12001.200000000186,12554.0,13106.800000000047,13659.600000000093,14212.40000000014,14765.200000000186
331,344,Glen Waverley - East,12677,12609,12978,13332,13505,13733.900000000023,13971.799999999988,14209.700000000012,14447.599999999977,14685.5,14923.400000000023,15161.299999999988
332,345,Glen Waverley - West,10991,11123,11497,12016,12548,12837.099999999977,13237.800000000047,13638.5,14039.20000000007,14439.900000000023,14840.599999999977,15241.300000000047
333,346,Mount Waverley - North,9247,9355,9666,9961,10220,10455.400000000023,10710.600000000035,10965.799999999988,11221.0,11476.200000000012,11731.400000000023,11986.600000000035
334,347,Mount Waverley - South,10821,11107,11519,12013,12055,12515.20000000007,12852.600000000093,13190.0,13527.400000000023,13864.800000000047,14202.20000000007,14539.600000000093
335,348,Mulgrave,10845,10859,11083,11246,11496,11612.5,11781.399999999965,11950.299999999988,12119.199999999953,12288.099999999977,12457.0,12625.899999999965
336,349,Oakleigh - Huntingdale,11800,12092,12608,13203,13624,14093.100000000093,14569.000000000116,15044.900000000023,15520.800000000047,15996.70000000007,16472.600000000093,16948.500000000116
337,350,Wheelers Hill,12253,12192,12383,12708,12805,12954.200000000012,13116.200000000012,13278.200000000012,13440.200000000012,13602.200000000012,13764.200000000012,13926.200000000012
338,351,Ardeer - Albion,3763,3976,4057,4223,4479,4603.299999999988,4771.199999999953,4939.099999999977,5106.999999999942,5274.899999999965,5442.799999999988,5610.699999999953
339,352,Cairnlea,5022,5211,5349,5453,5567,5720.000000000058,5853.20000000007,5986.400000000023,6119.600000000035,6252.800000000047,6386.000000000058,6519.20000000007
340,353,Deer Park - Derrimut,12680,12991,13437,13717,14083,14441.199999999953,14794.400000000023,15147.599999999977,15500.800000000047,15854.0,16207.199999999953,16560.400000000023
341,354,Delahey,4273,4372,4418,4440,4551,4598.0,4660.400000000009,4722.800000000003,4785.200000000012,4847.600000000006,4910.0,4972.400000000009
342,355,Keilor Downs,7313,7362,7347,7368,7466,7464.799999999996,7496.0,7527.199999999997,7558.4000000000015,7589.5999999999985,7620.799999999996,7652.0
343,356,Kings Park (Vicnp),5979,6174,6253,6498,6608,6777.000000000058,6935.20000000007,7093.400000000023,7251.600000000035,7409.800000000047,7568.000000000058,7726.20000000007
344,357,St Albans - North,8562,9077,9369,9936,10444,10864.5,11326.79999999993,11789.099999999977,12251.399999999907,12713.699999999953,13176.0,13638.29999999993
345,358,St Albans - South,7476,7660,7982,8358,8533,8845.400000000023,9126.600000000093,9407.800000000047,9689.000000000116,9970.20000000007,10251.400000000023,10532.600000000093
346,359,Sunshine,4838,5158,5306,5623,5971,6198.499999999884,6471.59999999986,6744.699999999953,7017.79999999993,7290.899999999907,7563.999999999884,7837.09999999986
347,360,Sunshine North,5275,5505,5690,6024,6314,6540.699999999953,6800.400000000023,7060.099999999977,7319.800000000047,7579.5,7839.199999999953,8098.900000000023
348,361,Sunshine West,8477,8857,9172,9589,9833,10218.800000000047,10563.20000000007,10907.599999999977,11252.0,11596.400000000023,11940.800000000047,12285.20000000007
349,362,Sydenham,6435,6642,6718,6849,6974,7109.100000000006,7237.600000000006,7366.100000000006,7494.600000000006,7623.100000000006,7751.600000000006,7880.100000000006
350,363,Taylors Lakes,10931,11214,11208,11238,11001,11167.600000000006,11184.000000000007,11200.400000000001,11216.800000000003,11233.200000000004,11249.600000000006,11266.000000000007
351,364,Altona,7403,7610,7910,7942,8061,8279.599999999977,8444.399999999965,8609.200000000012,8774.0,8938.799999999988,9103.599999999977,9268.399999999965
352,365,Altona Meadows,10536,10578,10722,10827,10928,11028.100000000006,11131.400000000023,11234.700000000012,11338.00000000003,11441.300000000017,11544.600000000006,11647.900000000023
353,366,Altona North,6416,6665,7036,7324,7539,7867.5,8158.0,8448.5,8739.0,9029.5,9320.0,9610.5
354,367,Newport,10192,10489,10961,11216,11533,11900.900000000023,12241.800000000047,12582.699999999953,12923.599999999977,13264.5,13605.400000000023,13946.300000000047
355,368,Seabrook,2786,2783,2868,3015,3020,3104.399999999994,3174.399999999994,3244.399999999994,3314.399999999994,3384.399999999994,3454.399999999994,3524.399999999994
356,369,Williamstown,9309,9534,9706,9996,10154,10385.400000000023,10600.600000000035,10815.799999999988,11031.0,11246.200000000012,11461.400000000023,11676.600000000035
357,370,Braybrook,8465,9056,9656,10124,10693,11256.0,11808.40000000014,12360.800000000047,12913.200000000186,13465.600000000093,14018.0,14570.40000000014
358,371,Footscray,8912,9544,10319,10932,11301,12051.40000000014,12668.0,13284.600000000093,13901.199999999953,14517.800000000047,15134.40000000014,15751.0
359,372,Maribyrnong,7163,7539,8028,8254,8528,8935.900000000023,9280.400000000023,9624.900000000023,9969.400000000023,10313.900000000023,10658.400000000023,11002.900000000023
360,373,Seddon - Kingsville,5391,5466,5766,5893,6027,6218.299999999988,6388.199999999953,6558.099999999977,6727.999999999942,6897.899999999965,7067.799999999988,7237.699999999953
361,374,West Footscray - Tottenham,6588,6751,7018,7297,7505,7745.799999999988,7983.799999999988,8221.799999999988,8459.799999999988,8697.799999999988,8935.799999999988,9173.799999999988
362,375,Yarraville,8657,9051,9239,9495,9714,9998.599999999977,10254.399999999965,10510.200000000012,10766.0,11021.799999999988,11277.599999999977,11533.399999999965
363,376,Bacchus Marsh,10840,11109,11743,12241,12832,13287.79999999993,13799.399999999907,14311.0,14822.599999999977,15334.199999999953,15845.79999999993,16357.399999999907
364,377,Hillside,10580,11322,11999,13234,13769,14667.800000000047,15496.800000000047,16325.800000000047,17154.800000000047,17983.800000000047,18812.800000000047,19641.800000000047
365,378,Melton,9112,9116,9880,9851,10019,10360.299999999988,10615.199999999953,10870.099999999977,11124.999999999942,11379.899999999965,11634.799999999988,11889.699999999953
366,379,Melton South,10508,11310,11389,13561,14613,15414.500000000233,16460.600000000326,17506.699999999953,18552.800000000047,19598.90000000014,20645.000000000233,21691.100000000326
367,380,Melton West,8491,8816,4859,9962,10446,10031.599999999977,10537.199999999953,11042.800000000047,11548.400000000023,12054.0,12559.599999999977,13065.199999999953
368,381,Rockbank - Mount Cottrell,889,961,854,2188,3367,3506.7000000001863,4125.000000000233,4743.300000000047,5361.600000000093,5979.90000000014,6598.200000000186,7216.500000000233
369,382,Taylors Hill,9648,9909,10356,10512,10902,11198.699999999953,11509.79999999993,11820.900000000023,12132.0,12443.099999999977,12754.199999999953,13065.29999999993
370,383,Burnside,2326,2415,2604,2694,2803,2938.2999999999884,3061.600000000006,3184.899999999994,3308.2000000000116,3431.5,3554.7999999999884,3678.100000000006
371,384,Burnside Heights,2986,3068,3251,3289,3419,3528.7000000000116,3637.399999999994,3746.100000000006,3854.7999999999884,3963.5,4072.2000000000116,4180.899999999994
372,385,Caroline Springs,10449,10656,11113,11280,11530,11841.399999999907,12119.999999999884,12398.599999999977,12677.199999999953,12955.79999999993,13234.399999999907,13512.999999999884
373,386,Hoppers Crossing - North,10849,10942,11196,11432,11451,11682.200000000012,11851.599999999977,12021.0,12190.399999999965,12359.799999999988,12529.200000000012,12698.599999999977
374,387,Hoppers Crossing - South,9912,10045,10351,10645,10907,11149.0,11408.0,11667.0,11926.0,12185.0,12444.0,12703.0
375,388,Laverton,4630,5039,5778,6275,6951,7498.000000000233,8085.800000000279,8673.600000000093,9261.40000000014,9849.200000000186,10437.000000000233,11024.80000000028
376,389,Tarneit,17057,18045,20308,22755,25458,27178.200000000186,29329.400000000373,31480.599999999627,33631.799999999814,35783.0,37934.200000000186,40085.40000000037
377,390,Truganina,10181,11666,13583,15094,17078,18687.0,20409.19999999972,22131.399999999907,23853.599999999627,25575.799999999814,27298.0,29020.19999999972
378,391,Werribee - South,6281,6384,6914,7428,8336,8614.800000000047,9130.20000000007,9645.599999999977,10161.0,10676.400000000023,11191.800000000047,11707.20000000007
379,392,Wyndham Vale,11204,11446,13064,13931,15141,16064.899999999907,17100.800000000047,18136.699999999953,19172.600000000093,20208.5,21244.399999999907,22280.299999999814
380,393,Point Cook - East,6022,6471,7939,8924,9880,10897.899999999907,11914.800000000047,12931.699999999953,13948.600000000093,14965.5,15982.399999999907,16999.300000000047
381,394,Point Cook - North,12284,12419,12983,13399,13669,14075.800000000047,14450.800000000047,14825.800000000047,15200.800000000047,15575.800000000047,15950.800000000047,16325.800000000047
382,395,Point Cook - South,7140,7801,8772,9319,10044,10813.0,11545.59999999986,12278.199999999953,13010.799999999814,13743.399999999907,14476.0,15208.59999999986
383,396,Werribee - East,9303,9533,9839,10101,10231,10528.600000000035,10771.0,11013.400000000023,11255.799999999988,11498.200000000012,11740.600000000035,11983.0
384,397,Werribee - West,6377,6798,7605,8485,9783,10359.300000000047,11209.200000000186,12059.100000000093,12909.000000000233,13758.90000000014,14608.800000000047,15458.700000000186
385,398,Carrum Downs,11116,11308,11691,12247,12512,12894.099999999977,13267.199999999953,13640.300000000047,14013.400000000023,14386.5,14759.599999999977,15132.699999999953
386,399,Frankston,11712,11844,12213,12820,13243,13577.800000000047,13981.599999999977,14385.400000000023,14789.199999999953,15193.0,15596.800000000047,16000.599999999977
387,400,Frankston North,8729,9005,9120,9526,9834,10062.099999999977,10335.199999999953,10608.300000000047,10881.400000000023,11154.5,11427.599999999977,11700.699999999953
388,401,Frankston South,10968,11129,11104,11240,11338,11411.100000000006,11496.200000000012,11581.299999999988,11666.399999999994,11751.5,11836.600000000006,11921.700000000012
389,402,Langwarrin,14249,14537,14621,14921,14904,15154.600000000035,15324.0,15493.400000000023,15662.799999999988,15832.200000000012,16001.600000000035,16171.0
390,403,Seaford (Vicnp),8999,9246,9402,9621,9736,9955.5,10140.399999999965,10325.299999999988,10510.199999999953,10695.099999999977,10880.0,11064.899999999965
391,404,Skye - Sandhurst,7403,7725,7926,8102,8253,8504.900000000023,8712.600000000035,8920.299999999988,9128.0,9335.700000000012,9543.400000000023,9751.100000000035
392,405,Dromana,5996,6313,6803,7109,7194,7640.599999999977,7959.800000000047,8279.0,8598.20000000007,8917.400000000023,9236.599999999977,9555.800000000047
393,406,Flinders,3688,3633,3720,3798,3770,3820.5,3853.4000000000087,3886.300000000003,3919.2000000000116,3952.100000000006,3985.0,4017.9000000000087
394,407,Hastings - Somers,11326,11436,11921,12302,12638,12971.599999999977,13320.599999999977,13669.599999999977,14018.599999999977,14367.599999999977,14716.599999999977,15065.599999999977
395,408,Mornington,13350,13570,14175,14518,14806,15241.800000000047,15627.800000000047,16013.800000000047,16399.800000000047,16785.800000000047,17171.800000000047,17557.800000000047
396,409,Mount Eliza,11130,11208,11375,11631,11642,11831.300000000047,11976.000000000058,12120.700000000012,12265.400000000023,12410.100000000035,12554.800000000047,12699.500000000058
397,410,Mount Martha,10979,11103,11318,11608,11837,12035.299999999988,12257.400000000023,12479.5,12701.600000000035,12923.700000000012,13145.799999999988,13367.900000000023
398,411,Point Nepean,9735,9948,10236,10605,10772,11078.499999999884,11351.59999999986,11624.699999999953,11897.79999999993,12170.899999999907,12443.999999999884,12717.09999999986
399,412,Rosebud - McCrae,10276,10456,10868,11072,11356,11638.399999999907,11915.999999999884,12193.599999999977,12471.199999999953,12748.79999999993,13026.399999999907,13303.999999999884
400,413,Somerville,10850,11030,11166,11332,11527,11677.799999999988,11843.400000000023,12009.0,12174.600000000035,12340.200000000012,12505.799999999988,12671.400000000023
401,414,Ararat,4080,4046,4117,4258,4213,4286.200000000012,4334.000000000015,4381.800000000003,4429.600000000006,4477.400000000009,4525.200000000012,4573.000000000015
402,415,Ararat Region,1826,1832,1845,1878,1890,1906.4000000000015,1923.800000000003,1941.199999999997,1958.5999999999985,1976.0,1993.4000000000015,2010.800000000003
403,416,Horsham,9202,9192,9491,9612,9682,9849.799999999988,9987.799999999988,10125.799999999988,10263.799999999988,10401.799999999988,10539.799999999988,10677.799999999988
404,417,Horsham Region,2210,2152,2205,2182,2227,2214.3999999999996,2220.7999999999993,2227.2000000000007,2233.6000000000004,2240.0,2246.3999999999996,2252.7999999999993
405,418,Nhill Region,3878,3775,3791,3814,3917,3870.100000000002,3881.800000000003,3893.5,3905.2000000000007,3916.9000000000015,3928.600000000002,3940.300000000003
406,419,St Arnaud,1895,1834,1851,1872,1871,1861.6,1860.6,1859.6,1858.6,1857.6,1856.6,1855.6
407,420,Stawell,4393,4299,4422,4552,4657,4698.900000000023,4777.000000000029,4855.100000000006,4933.200000000012,5011.3000000000175,5089.400000000023,5167.500000000029
408,421,West Wimmera,1599,1524,1593,1597,1616,1617.9000000000015,1628.6000000000022,1639.2999999999993,1650.0,1660.7000000000007,1671.4000000000015,1682.1000000000022
409,422,Yarriambiack,3651,3416,3600,3602,3555,3563.0,3562.4,3561.8,3561.2,3560.6000000000004,3560.0,3559.4
410,423,Irymple,3462,3349,3731,3843,4121,4244.800000000047,4426.000000000058,4607.200000000012,4788.400000000023,4969.600000000035,5150.800000000047,5332.000000000058
411,424,Merbein,2444,2328,2529,2588,2612,2679.0,2738.5999999999913,2798.199999999997,2857.7999999999884,2917.399999999994,2977.0,3036.5999999999913
412,425,Mildura Region,2012,1880,1996,2039,2058,2072.2999999999956,2097.399999999994,2122.5,2147.5999999999985,2172.699999999997,2197.7999999999956,2222.899999999994
413,426,Red Cliffs,3066,2769,2987,3024,3188,3156.5,3206.4000000000087,3256.300000000003,3306.2000000000116,3356.100000000006,3406.0,3455.9000000000087
414,427,Mildura - North,9004,9394,9785,9756,10131,10398.79999999993,10660.399999999907,10922.0,11183.599999999977,11445.199999999953,11706.79999999993,11968.399999999907
415,428,Mildura - South,6911,7097,7727,8845,8944,9649.0,10230.40000000014,10811.800000000047,11393.200000000186,11974.600000000093,12556.0,13137.40000000014
416,429,Buloke,3537,3389,3449,3458,3412,3394.7000000000044,3376.600000000006,3358.5,3340.4000000000015,3322.300000000003,3304.2000000000044,3286.100000000006
417,430,Gannawarra,3631,3501,3604,3654,3642,3658.9000000000015,3676.4000000000015,3693.9000000000015,3711.4000000000015,3728.9000000000015,3746.4000000000015,3763.9000000000015
418,431,Kerang,2112,2098,2014,2028,2016,1975.0,1948.7999999999956,1922.5999999999985,1896.3999999999942,1870.199999999997,1844.0,1817.7999999999956
419,432,Robinvale,1686,1686,1764,1764,2028,2014.2000000000116,2090.399999999994,2166.600000000006,2242.7999999999884,2319.0,2395.2000000000116,2471.399999999994
420,433,Swan Hill,6262,6219,6338,6427,6482,6540.000000000015,6604.8000000000175,6669.600000000006,6734.400000000009,6799.200000000012,6864.0,6928.8000000000175
421,434,Swan Hill Region,3534,3352,3529,3545,3593,3603.899999999994,3634.9999999999927,3666.0999999999985,3697.199999999997,3728.2999999999956,3759.399999999994,3790.4999999999927
422,435,Echuca,8516,8616,8821,8968,9084,9247.399999999965,9396.199999999953,9545.0,9693.799999999988,9842.599999999977,9991.399999999965,10140.199999999953
423,436,Kyabram,5907,5995,5921,6018,6189,6182.099999999991,6240.799999999988,6299.5,6358.199999999997,6416.899999999994,6475.599999999991,6534.299999999988
424,437,Lockington - Gunbower,2111,2096,2165,2221,2267,2303.0999999999913,2346.7999999999884,2390.5,2434.199999999997,2477.899999999994,2521.5999999999913,2565.2999999999884
425,438,Rochester,2101,2136,2160,2194,2215,2246.9999999999927,2275.5999999999913,2304.199999999997,2332.7999999999956,2361.399999999994,2389.9999999999927,2418.5999999999913
426,439,Rushworth,2082,2059,2085,2060,2094,2083.5,2086.0,2088.5,2091.0,2093.5,2096.0,2098.5
427,440,Cobram,3137,3165,3227,3233,3301,3331.4000000000087,3371.0,3410.600000000006,3450.199999999997,3489.800000000003,3529.4000000000087,3569.0
428,441,Moira,1516,1500,1567,1551,1621,1629.2999999999956,1655.3999999999942,1681.5,1707.5999999999985,1733.699999999997,1759.7999999999956,1785.8999999999942
429,442,Numurkah,6717,6792,6844,6894,6938,7000.199999999997,7054.600000000006,7109.0,7163.400000000009,7217.800000000003,7272.199999999997,7326.600000000006
430,443,Yarrawonga,3881,3938,4108,4210,4310,4428.399999999994,4541.399999999994,4654.399999999994,4767.399999999994,4880.399999999994,4993.399999999994,5106.399999999994
431,444,Mooroopna,4058,4052,4098,4120,4196,4208.0,4242.400000000009,4276.800000000003,4311.200000000012,4345.600000000006,4380.0,4414.400000000009
432,445,Shepparton - North,10442,10506,10630,10890,11076,11204.400000000023,11369.600000000035,11534.799999999988,11700.0,11865.200000000012,12030.400000000023,12195.600000000035
433,446,Shepparton - South,12045,12144,12384,12618,12980,13137.400000000023,13371.799999999988,13606.200000000012,13840.599999999977,14075.0,14309.400000000023,14543.799999999988
434,447,Shepparton Region - East,2460,2446,2490,2516,2510,2535.4000000000015,2552.4000000000015,2569.4000000000015,2586.4000000000015,2603.4000000000015,2620.4000000000015,2637.4000000000015
435,448,Shepparton Region - West,5652,5674,5674,5719,5784,5793.300000000003,5824.200000000004,5855.0999999999985,5886.0,5916.9000000000015,5947.800000000003,5978.700000000004
436,449,Glenelg (Vicnp),4848,4837,4880,4982,5052,5085.700000000012,5141.000000000015,5196.300000000003,5251.600000000006,5306.900000000009,5362.200000000012,5417.500000000015
437,450,Hamilton (Vicnp),5753,5998,5881,5850,5842,5873.8,5876.8,5879.8,5882.8,5885.8,5888.8,5891.8
438,451,Portland,5734,5704,5762,5919,6027,6069.500000000029,6149.600000000035,6229.700000000012,6309.8000000000175,6389.900000000023,6470.000000000029,6550.100000000035
439,452,Southern Grampians,3733,3691,3803,3757,3748,3775.199999999999,3784.800000000001,3794.3999999999996,3804.000000000002,3813.6000000000004,3823.199999999999,3832.800000000001
440,453,Camperdown,1934,1914,1931,1920,1928,1923.6000000000001,1923.0,1922.4,1921.8,1921.2,1920.6000000000001,1920.0
441,454,Colac,6696,6914,6963,7237,7434,7588.5,7768.399999999965,7948.299999999988,8128.199999999953,8308.099999999977,8488.0,8667.899999999965
442,455,Colac Region,3313,3306,3430,3486,3519,3588.399999999994,3647.5999999999913,3706.800000000003,3766.0,3825.199999999997,3884.399999999994,3943.5999999999913
443,456,Corangamite - North,2977,2847,3007,3053,3006,3057.2000000000044,3083.600000000006,3110.0,3136.4000000000015,3162.800000000003,3189.2000000000044,3215.600000000006
444,457,Corangamite - South,4425,4338,4321,4377,4425,4388.9,4392.8,4396.7,4400.6,4404.5,4408.4,4412.3
445,458,Otway,2225,2212,2315,2297,2360,2388.300000000003,2423.800000000003,2459.300000000003,2494.800000000003,2530.300000000003,2565.800000000003,2601.300000000003
446,459,Moyne - East,3890,3833,3879,3954,4081,4078.300000000003,4128.600000000006,4178.899999999994,4229.199999999997,4279.5,4329.800000000003,4380.100000000006
447,460,Moyne - West,5650,5602,5759,5765,5852,5895.699999999997,5952.399999999994,6009.100000000006,6065.800000000003,6122.5,6179.199999999997,6235.899999999994
448,461,Warrnambool - North,12185,12346,12694,12950,13157,13430.799999999988,13685.599999999977,13940.400000000023,14195.200000000012,14450.0,14704.799999999988,14959.599999999977
449,462,Warrnambool - South,7431,7583,7614,7734,8052,8100.699999999953,8239.999999999942,8379.299999999988,8518.599999999977,8657.899999999965,8797.199999999953,8936.499999999942
