,Unnamed: 0,suburb,2015,2016,2017,2018,2019,2020house_price,2021house_price,2022house_price,2023house_price,2024house_price,2025house_price
0,1,ABBOTSFORD,530000,588000,583000,537500,517500,528550.0,521000.0,513450.0,505900.0,498350.0,490800.0
1,2,ABERFELDIE,555000,510000,832500,760000,950000,1033500.0,1137500.0,1241500.0,1345500.0,1449500.0,1553500.0
2,3,AIRPORT WEST,470000,535000,590000,605500,608000,665650.0,700300.0,734950.0,769600.0,804250.0,838900.0
3,4,ALBERT PARK,850000,850000,662500,1300000,915000,1089500.0,1147500.0,1205500.0,1263500.0,1321500.0,1379500.0
4,5,ALBION,213500,246500,301000,350000,261000,333950.0,353800.0,373650.0,393500.0,413350.0,433200.0
5,6,ALFREDTON,254000,285000,290000,242000,277000,270500.0,270800.0,271100.0,271400.0,271700.0,272000.0
6,7,ALPHINGTON,582500,735500,643500,685500,713500,735700.0,756900.0,778100.0,799300.0,820500.0,841700.0
7,8,ALTONA,550000,620000,630000,660000,625000,674000.0,693000.0,712000.0,731000.0,750000.0,769000.0
8,9,ALTONA EAST,545000,567500,601000,675500,630000,687200.0,715000.0,742800.0,770600.0,798400.0,826200.0
9,10,ALTONA MEADOWS,353500,365000,440500,457500,472500,516950.0,550000.0,583050.0,616100.0,649150.0,682200.0
10,11,ALTONA NORTH,530000,532000,635000,650000,630000,690800.0,722600.0,754400.0,786200.0,818000.0,849800.0
11,12,ANGLESEA,461500,570000,670000,690000,755000,841400.0,912100.0,982800.0,1053500.0,1124200.0,1194900.0
12,13,APOLLO BAY,375000,415000,415000,375000,534000,506200.0,534000.0,561800.0,589600.0,617400.0,645200.0
13,14,ARARAT,170000,191500,133500,209000,207000,209650.0,218800.0,227950.0,237100.0,246250.0,255400.0
14,15,ARDEER,350000,380000,472500,491000,531000,586800.0,634100.0,681400.0,728700.0,776000.0,823300.0
15,16,ARMADALE,840000,779000,775000,650000,634000,573300.0,519200.0,465100.0,411000.0,356900.0,302800.0
16,17,ASCOT VALE,522500,501000,550000,512000,516000,519699.99999999994,519499.99999999994,519299.99999999994,519099.99999999994,518899.99999999994,518699.99999999994
17,18,ASHBURTON,1015000,1200000,1215000,922500,1144500,1093850.0000000005,1092000.0000000005,1090150.0000000005,1088300.0000000005,1086450.0000000005,1084600.0000000005
18,19,ASHWOOD,701500,811000,880000,874000,875000,951300.0,992300.0,1033300.0,1074300.0,1115300.0,1156300.0
19,20,ASPENDALE,604000,685000,900000,800000,690500,822300.0,851100.0,879900.0,908700.0,937500.0,966300.0
20,21,AVONDALE HEIGHTS,447500,512500,500000,550000,628000,647150.0,687000.0,726850.0,766700.0,806550.0,846400.0
21,22,BACCHUS MARSH,279000,287000,305000,294000,393000,382100.0,405600.0,429100.0,452600.0,476100.0,499600.0
22,23,BAIRNSDALE,216000,211500,225000,215000,215000,216950.0,217100.0,217250.0,217400.0,217550.0,217700.0
23,24,BALACLAVA,494000,596500,590000,588500,565000,607000.0,620400.0,633800.0,647200.0,660600.0,674000.0
24,25,BALLAN,315000,320000,340000,390000,337000,374600.0,386000.0,397400.0,408800.0,420200.0,431600.0
25,26,BALLARAT CENTRAL,267000,275500,255000,278000,270000,271650.0,272500.0,273350.0,274200.0,275050.0,275900.0
26,27,BALLARAT EAST,267000,230000,272500,282500,299500,305550.0,317300.0,329050.0,340800.0,352550.0,364300.0
27,28,BALLARAT NORTH,241000,228000,226500,259000,275000,275600.0,285500.0,295400.0,305300.0,315200.0,325100.0
28,29,BALWYN,815000,667000,799000,685000,875000,809600.0,823400.0,837200.0,851000.0,864800.0,878600.0
29,30,BALWYN NORTH,972500,991500,950000,1000000,1010000,1009850.0,1018200.0,1026550.0,1034900.0,1043250.0,1051600.0
30,31,BARWON HEADS,640000,626000,805000,665000,938000,925300.0,988800.0,1052300.0,1115800.0,1179300.0,1242800.0
31,32,BAYSWATER,450000,460000,562500,585000,581000,643800.0,682500.0,721200.0,759900.0,798600.0,837300.0
32,33,BAYSWATER NORTH,409000,444500,520000,525000,480000,542450.0,564700.0,586950.0,609200.0,631450.0,653700.0
33,34,BEACONSFIELD,400500,398000,463000,460000,454000,485800.0,502700.0,519600.0,536500.0,553400.0,570300.0
34,35,BEAUMARIS,896500,1018500,940000,900000,887500,887550.0,873900.0,860250.0,846600.0,832950.0,819300.0
35,36,BELL PARK,293000,316000,343000,392000,397500,433800.0,462300.0,490800.0,519300.0,547800.0,576300.0
36,37,BELLFIELD (BANYULE),527500,477500,614500,665000,655000,720650.0,764900.0,809150.0,853400.0,897650.0,941900.0
37,38,BELMONT,310000,300000,356000,388500,419000,446650.0,477300.0,507950.0,538600.0,569250.0,599900.0
38,39,BENALLA,186000,181500,185000,185000,210000,204950.0,210100.0,215250.0,220400.0,225550.0,230700.0
39,40,BENDIGO,282500,285000,281500,291500,275000,280550.0,279700.0,278850.0,278000.0,277150.0,276300.0
40,41,BENTLEIGH,570000,617500,650000,655000,655000,691750.0,712500.0,733250.0,754000.0,774750.0,795500.0
41,42,BENTLEIGH EAST,677500,715000,690000,760000,746000,772300.0,790500.0,808700.0,826900.0,845100.0,863300.0
42,43,BERWICK,425000,427000,492000,515000,522500,561200.0,589500.0,617800.0,646100.0,674400.0,702700.0
43,44,BITTERN,355000,340000,433000,497500,471500,536550.0,575600.0,614650.0,653700.0,692750.0,731800.0
44,45,BLACK HILL,245000,186500,285000,260000,282500,296350.0,311200.0,326050.0,340900.0,355750.0,370600.0
45,46,BLACK ROCK,820000,880000,945000,1125000,950000,1095500.0,1146000.0,1196500.0,1247000.0,1297500.0,1348000.0
46,47,BLACKBURN,591000,598500,593500,650000,685500,695850.0,719900.0,743950.0,768000.0,792050.0,816100.0
47,48,BLACKBURN NORTH,715500,715000,790000,700000,760500,758700.0,766200.0,773700.0,781200.0,788700.0,796200.0
48,49,BLACKBURN SOUTH,648500,767000,722500,660000,760000,746400.0,758000.0,769600.0,781200.0,792800.0,804400.0
49,50,BONBEACH,464000,537500,600000,620000,545000,626650.0,651100.0,675550.0,700000.0,724450.0,748900.0
50,51,BORONIA,432500,485000,577000,592500,573000,648550.0,687400.0,726250.0,765100.0,803950.0,842800.0
51,52,BOX HILL,495000,605000,548500,485000,519000,508900.0,501700.0,494500.0,487300.0,480100.0,472900.0
52,53,BOX HILL NORTH,752000,825000,858500,740000,878000,860800.0,877500.0,894200.0,910900.0,927600.0,944300.0
53,54,BOX HILL SOUTH,750000,779000,850000,726000,713000,725500.0,712800.0,700100.0,687400.0,674700.0,662000.0
54,55,BRAYBROOK,441000,460000,514000,565000,556000,607700.0,641200.0,674700.0,708200.0,741700.0,775200.0
55,56,BREAKWATER,295000,310000,317500,352500,360500,379150.0,396500.0,413850.0,431200.0,448550.0,465900.0
56,57,BRIAR HILL,575000,641000,670000,667000,627500,675400.0,688500.0,701600.0,714700.0,727800.0,740900.0
57,58,BRIGHT,260000,273000,349000,342500,450000,469750.0,514700.0,559650.0,604600.0,649550.0,694500.0
58,59,BRIGHTON,845000,1000000,975000,1110000,1038000,1142400.0,1192000.0,1241600.0,1291200.0,1340800.0,1390400.0
59,60,BRIGHTON EAST,962000,922500,965000,940000,990000,977950.0,985300.0,992650.0,1000000.0,1007350.0,1014700.0
60,61,BROADMEADOWS,300000,330000,368000,420000,395000,446600.0,474600.0,502600.0,530600.0,558600.0,586600.0
61,62,BROOKFIELD,212500,273000,335000,400000,455000,518700.0,579900.0,641100.0,702300.0,763500.0,824700.0
62,63,BROOKLYN,447000,480000,550000,605000,567500,639700.0,676300.0,712900.0,749500.0,786100.0,822700.0
63,64,BROWN HILL,249000,247500,255500,285000,297500,307250.0,320700.0,334150.0,347600.0,361050.0,374500.0
64,65,BRUNSWICK,495000,500000,500000,502500,555000,547250.0,559500.0,571750.0,584000.0,596250.0,608500.0
65,66,BRUNSWICK EAST,521000,510000,571000,539000,521000,541100.0,544000.0,546900.0,549800.0,552700.0,555600.0
66,67,BRUNSWICK WEST,420000,467000,473000,450000,499000,504100.0,518200.0,532300.0,546400.0,560500.0,574600.0
67,68,BULLEEN,722500,773500,789000,746000,727000,746050.0,744200.0,742350.0,740500.0,738650.0,736800.0
68,69,BUNDOORA,410000,400000,430000,438500,400000,421250.0,423100.0,424950.0,426800.0,428650.0,430500.0
69,70,BUNYIP,270000,327500,310000,250000,397500,364250.0,382000.0,399750.0,417500.0,435250.0,453000.0
70,71,BURWOOD,598000,666000,750000,745000,740000,808700.0,845000.0,881300.0,917600.0,953900.0,990200.0
71,72,BURWOOD EAST,660000,602500,857500,626000,660000,688250.0,690600.0,692950.0,695300.0,697650.0,700000.0
72,73,CAIRNLEA,429000,392500,403000,429500,432500,430500.0,434900.0,439300.0,443700.0,448100.0,452500.0
73,74,CALIFORNIA GULLY,246000,193500,225000,265000,188500,210550.0,206200.0,201850.0,197500.0,193150.0,188800.0
74,75,CAMBERWELL,730000,729000,854000,927500,810000,917650.0,953500.0,989350.0,1025200.0,1061050.0,1096900.0
75,76,CAMPBELLFIELD,355000,340000,420000,361000,343000,362900.0,362600.0,362300.0,362000.0,361700.0,361400.0
76,77,CANADIAN,270000,250000,279000,270500,301500,299250.0,307600.0,315950.0,324300.0,332650.0,341000.0
77,78,CANTERBURY,1201000,986000,913000,975000,1210000,1059100.0000000002,1059800.0000000002,1060500.0000000002,1061200.0000000002,1061900.0000000002,1062600.0000000002
78,79,CAPEL SOUND,400000,405000,500000,479000,540000,571000.0,606400.0,641800.0,677200.0,712600.0,748000.0
79,80,CARLTON,543000,530500,421500,429000,407500,354550.0,317300.0,280050.0,242800.0,205550.0,168300.0
80,81,CARLTON NORTH,560000,545000,652500,715000,592000,683100.0,706500.0,729900.0,753300.0,776700.0,800100.0
81,82,CARNEGIE,540000,570000,594500,560000,621000,622700.0,637900.0,653100.0,668300.0,683500.0,698700.0
82,83,CAROLINE SPRINGS,395000,395000,420000,462500,465000,489750.0,510500.0,531250.0,552000.0,572750.0,593500.0
83,84,CARRUM,521000,542500,636500,670000,608000,686050.0,716200.0,746350.0,776500.0,806650.0,836800.0
84,85,CARRUM DOWNS,319000,344000,387500,430000,431000,475300.0,506300.0,537300.0,568300.0,599300.0,630300.0
85,86,CASTLEMAINE,317500,327500,332500,396500,420000,441000.0,468400.0,495800.0,523200.0,550600.0,578000.0
86,87,CAULFIELD,622000,722500,719500,790000,750500,818250.0,850700.0,883150.0,915600.0,948050.0,980500.0
87,88,CAULFIELD EAST,530000,322500,470000,303000,350000,281250.0,243300.0,205350.0,167400.0,129450.0,91500.0
88,89,CAULFIELD NORTH,620000,585000,569000,660000,597000,614900.0,617800.0,620700.0,623600.0,626500.0,629400.0
89,90,CAULFIELD SOUTH,750000,755000,762500,670000,707000,677600.0,660500.0,643400.0,626300.0,609200.0,592100.0
90,91,CHADSTONE,515500,675000,765000,760000,801000,900100.0,965700.0,1031300.0,1096900.0,1162500.0,1228100.0
91,92,CHELSEA,478500,525000,600000,612500,605500,666750.0,700900.0,735050.0,769200.0,803350.0,837500.0
92,93,CHELSEA HEIGHTS,423500,495000,599000,585000,610500,681800.0,728200.0,774600.0,821000.0,867400.0,913800.0
93,94,CHELTENHAM,508000,510000,629500,535000,575000,599200.0,615100.0,631000.0,646900.0,662800.0,678700.0
94,95,CHELTENHAM EAST,506000,640500,655000,565000,590000,619050.0,628300.0,637550.0,646800.0,656050.0,665300.0
95,96,CHELTENHAM NORTH,525000,550500,580000,574500,620000,634200.0,655600.0,677000.0,698400.0,719800.0,741200.0
96,97,CHIRNSIDE PARK,464000,476500,495000,532500,610000,620000.0,654800.0,689600.0,724400.0,759200.0,794000.0
97,98,CLARINDA,540500,515000,666000,641000,670000,722000.0,760500.0,799000.0,837500.0,876000.0,914500.0
98,99,CLAYTON,590000,540000,560500,600000,681000,666900.0,691100.0,715300.0,739500.0,763700.0,787900.0
99,100,CLAYTON NORTH,530000,629500,709000,622000,607000,663450.0,678100.0,692750.0,707400.0,722050.0,736700.0
100,101,CLAYTON SOUTH,557500,475000,467500,505000,507500,481500.0,474500.0,467500.0,460500.0,453500.0,446500.0
101,102,CLIFTON HILL,575000,736500,679000,749000,607500,692650.0,700400.0,708150.0,715900.0,723650.0,731400.0
102,103,CLYDE NORTH,211000,372000,385000,460500,518500,600450.0,670800.0,741150.0,811500.0,881850.0,952200.0
103,104,COBRAM,170000,195000,185000,180000,215000,211500.0,219000.0,226500.0,234000.0,241500.0,249000.0
104,105,COBURG,480000,487000,497500,550000,542500,567800.0,586600.0,605400.0,624200.0,643000.0,661800.0
105,106,COBURG EAST,530000,515000,575000,575000,623000,637400.0,662000.0,686600.0,711200.0,735800.0,760400.0
106,107,COBURG NORTH,498500,525500,535000,600000,572000,612650.0,634800.0,656950.0,679100.0,701250.0,723400.0
107,108,COLAC,203000,269500,225000,250000,310000,309850.0,329300.0,348750.0,368200.0,387650.0,407100.0
108,109,COLLINGWOOD,544500,536500,600000,560000,591000,601350.0,613000.0,624650.0,636300.0,647950.0,659600.0
109,110,CORIO,206500,215000,255000,295000,310000,342400.0,371100.0,399800.0,428500.0,457200.0,485900.0
110,111,COWES,305000,290000,305000,310000,350000,345000.0,356000.0,367000.0,378000.0,389000.0,400000.0
111,112,COWES WEST,337000,350000,389000,430000,439000,474200.0,502600.0,531000.0,559400.0,587800.0,616200.0
112,113,CRAIGIEBURN,339500,349000,366000,393000,380000,403000.0,415500.0,428000.0,440500.0,453000.0,465500.0
113,114,CRANBOURNE,281500,285000,358500,400000,362500,420600.0,448300.0,476000.0,503700.0,531400.0,559100.0
114,115,CRANBOURNE EAST,379000,379000,418500,440000,427500,456200.0,472000.0,487800.0,503600.0,519400.0,535200.0
115,116,CRANBOURNE NORTH,330500,375000,405000,407500,425000,455050.0,477200.0,499350.0,521500.0,543650.0,565800.0
116,117,CRANBOURNE WEST,316000,379000,405000,390000,385000,419700.0,434600.0,449500.0,464400.0,479300.0,494200.0
117,118,CREMORNE,680000,590000,570000,685000,870000,821500.0,869000.0,916500.0,964000.0,1011500.0,1059000.0
118,119,CRESWICK,129000,221000,212000,291500,307500,360450.0,403200.0,445950.0,488700.0,531450.0,574200.0
119,120,CRIB POINT,305000,290000,340000,415000,405000,448500.0,481000.0,513500.0,546000.0,578500.0,611000.0
120,121,CROYDON,449000,500000,560000,580000,567000,626000.0,657600.0,689200.0,720800.0,752400.0,784000.0
121,122,CROYDON NORTH,482500,524500,615000,623000,610000,677050.0,712400.0,747750.0,783100.0,818450.0,853800.0
122,123,CROYDON SOUTH,540500,560000,652500,695500,652000,727650.0,763500.0,799350.0,835200.0,871050.0,906900.0
123,124,DALLAS,280000,268000,350000,372500,429000,460650.0,500900.0,541150.0,581400.0,621650.0,661900.0
124,125,DANDENONG,320000,334500,360000,364000,337000,362150.0,368500.0,374850.0,381200.0,387550.0,393900.0
125,126,DANDENONG NORTH,350000,407500,455000,477500,430000,493000.0,516000.0,539000.0,562000.0,585000.0,608000.0
126,127,DARLEY,278500,273000,318500,311000,310000,328500.0,338600.0,348700.0,358800.0,368900.0,379000.0
127,128,DAYLESFORD,325000,351000,385000,417500,535500,549050.0,597800.0,646550.0,695300.0,744050.0,792800.0
128,129,DEEPDENE,810000,960500,1290000,1000000,1060000,1185950.0,1239900.0,1293850.0,1347800.0,1401750.0,1455700.0
129,130,DEER PARK,315000,345000,415000,447500,460000,514250.0,553500.0,592750.0,632000.0,671250.0,710500.0
130,131,DELAHEY,346000,360000,375000,415000,400000,428100.0,444400.0,460700.0,477000.0,493300.0,509600.0
131,132,DIAMOND CREEK,500000,585000,594500,601000,661000,689700.0,723500.0,757300.0,791100.0,824900.0,858700.0
132,133,DINGLEY VILLAGE,505000,550000,580000,640000,600000,659000.0,687000.0,715000.0,743000.0,771000.0,799000.0
133,134,DOCKLANDS,645000,651500,555000,587000,590000,553350.0,535900.0,518450.0,501000.0,483550.0,466100.0
134,135,DONCASTER,577000,572500,599000,581000,620000,618250.0,627700.0,637150.0,646600.0,656050.0,665500.0
135,136,DONCASTER EAST,685500,690000,651000,648000,796000,747800.0,765700.0,783600.0,801500.0,819400.0,837300.0
136,137,DONVALE,655000,650000,714000,677500,756000,759350.0,782300.0,805250.0,828200.0,851150.0,874100.0
137,138,DOREEN,135500,379000,365500,442500,430000,546250.0,611500.0,676750.0,742000.0,807250.0,872500.0
138,139,DOVETON,315000,320000,380000,445500,400000,460750.0,490300.0,519850.0,549400.0,578950.0,608500.0
139,140,DROMANA,400000,525000,521000,680000,585000,699700.0,752200.0,804700.0,857200.0,909700.0,962200.0
140,141,DROUIN,247500,250500,285000,330000,334000,365150.0,390400.0,415650.0,440900.0,466150.0,491400.0
141,142,DRYSDALE,303000,325000,309000,382500,392500,413350.0,437000.0,460650.0,484300.0,507950.0,531600.0
142,143,EAGLEHAWK,237500,220000,228000,225000,242000,234700.0,236100.0,237500.0,238900.0,240300.0,241700.0
143,144,EAGLEMONT,807500,725000,758000,1265000,785000,1016600.0,1066100.0,1115600.0,1165100.0,1214600.0,1264100.0
144,145,EAST BENDIGO,270000,325000,337000,322000,331000,352700.0,364600.0,376500.0,388400.0,400300.0,412200.0
145,146,EAST GEELONG,325000,369000,313000,385000,425500,428600.0,450300.0,472000.0,493700.0,515400.0,537100.0
146,147,EAST MELBOURNE,700000,1280000,745000,750000,595000,592000.0,518000.0,444000.0,370000.0,296000.0,222000.0
147,148,ECHUCA,255000,278000,283000,278000,269000,281000.0,283800.0,286600.0,289400.0,292200.0,295000.0
148,149,EDITHVALE,482000,565000,697500,709000,694000,799900.0,856700.0,913500.0,970300.0,1027100.0,1083900.0
149,150,ELSTERNWICK,558000,595000,705000,627000,600000,651800.0,663400.0,675000.0,686600.0,698200.0,709800.0
150,151,ELTHAM,549000,562000,687500,656500,650000,709950.0,739600.0,769250.0,798900.0,828550.0,858200.0
151,152,ELWOOD,615500,629500,664000,660000,672500,691650.0,706100.0,720550.0,735000.0,749450.0,763900.0
152,153,ENDEAVOUR HILLS,405500,396000,457000,620500,497500,597850.0,638700.0,679550.0,720400.0,761250.0,802100.0
153,154,EPPING,344000,349000,375000,370000,400000,407500.0,420800.0,434100.0,447400.0,460700.0,474000.0
154,155,EPSOM,260000,272500,275000,291000,305000,313250.0,324100.0,334950.0,345800.0,356650.0,367500.0
155,156,ESSENDON,511000,530000,520000,492000,520000,508600.00000000047,506600.00000000047,504600.00000000047,502600.00000000047,500600.00000000047,498600.00000000047
156,157,ESSENDON NORTH,435000,477500,470000,400000,425000,412250.0,402500.0,392750.0,383000.0,373250.0,363500.0
157,158,EUMEMMERRING,325000,341000,492500,414000,430000,485400.0,513700.0,542000.0,570300.0,598600.0,626900.0
158,159,EUROA,194000,201500,235000,220000,239000,250450.0,261300.0,272150.0,283000.0,293850.0,304700.0
159,160,FAIRFIELD,464000,600000,621500,509000,526500,554400.0,557800.0,561200.0,564600.0,568000.0,571400.0
160,161,FAWKNER,370000,400000,473000,510000,477500,543600.0,576100.0,608600.0,641100.0,673600.0,706100.0
161,162,FERNTREE GULLY,430000,510000,555000,599000,537500,617500.0,647900.0,678300.0,708700.0,739100.0,769500.0
162,163,FISHERMANS BEND,914500,920000,934000,971500,883000,921150.0,920000.0,918850.0,917700.0,916550.0,915400.0
163,164,FITZROY,657000,680000,750000,770000,755500,808600.0,837300.0,866000.0,894700.0,923400.0,952100.0
164,165,FITZROY NORTH,608500,610000,581500,640000,640000,643900.0,653200.0,662500.0,671800.0,681100.0,690400.0
165,166,FLEMINGTON,437500,415000,436000,440500,407500,416950.0,413500.0,410050.0,406600.0,403150.0,399700.0
166,167,FLORA HILL,225000,240000,250000,247500,244500,255350.0,260000.0,264650.0,269300.0,273950.0,278600.0
167,168,FOOTSCRAY,458000,440000,441000,425000,410000,401500.0,390400.0,379300.0,368200.0,357100.0,346000.0
168,169,FOREST HILL,465000,637500,706500,700500,727500,823800.0,882600.0,941400.0,1000200.0,1059000.0,1117800.0
169,170,FOSTER,248000,260000,200000,200000,180000,158800.0,139200.0,119600.0,100000.0,80400.0,60800.0
170,171,FRANKSTON,321000,334500,399000,440000,414500,469550.0,498800.0,528050.0,557300.0,586550.0,615800.0
171,172,FRANKSTON NORTH,316000,306500,380000,414000,400000,445950.0,473500.0,501050.0,528600.0,556150.0,583700.0
172,173,FRANKSTON SOUTH,430000,477000,550000,665000,615000,714800.0,770600.0,826400.0,882200.0,938000.0,993800.0
173,174,GARDENVALE,315000,345000,560000,307500,641500,618450.0,680000.0,741550.0,803100.0,864650.0,926200.0
174,175,GEELONG,473500,470000,594000,552500,547500,596650.0,619700.0,642750.0,665800.0,688850.0,711900.0
175,176,GEELONG WEST,338500,378000,379000,391500,434000,445550.0,466000.0,486450.0,506900.0,527350.0,547800.0
176,177,GISBORNE,435000,447500,450000,507500,510000,533000.0,554000.0,575000.0,596000.0,617000.0,638000.0
177,178,GLEN HUNTLY,545000,572500,560000,595000,524000,553450.0,551500.0,549550.0,547600.0,545650.0,543700.0
178,179,GLEN IRIS,590000,645000,775000,681000,630000,699000.0,710600.0,722200.0,733800.0,745400.0,757000.0
179,180,GLEN WAVERLEY,651000,700000,830000,863000,847500,945100.0,1000700.0,1056300.0,1111900.0,1167500.0,1223100.0
180,181,GLENROY,415000,446000,500000,520000,529000,572600.0,602800.0,633000.0,663200.0,693400.0,723600.0
181,182,GOLDEN POINT (BALLARAT),250000,232000,315000,310000,319500,350400.0,372100.0,393800.0,415500.0,437200.0,458900.0
182,183,GOLDEN SQUARE,245000,250000,272000,250000,277000,278000.0,284400.0,290800.0,297200.0,303600.0,310000.0
183,184,GREENSBOROUGH,490500,517500,622500,626000,633000,695950.0,735300.0,774650.0,814000.0,853350.0,892700.0
184,185,GREENVALE,385000,395000,427500,485000,561500,583700.0,628000.0,672300.0,716600.0,760900.0,805200.0
185,186,GROVEDALE,275000,302500,330000,359000,399000,424450.0,454900.0,485350.0,515800.0,546250.0,576700.0
186,187,HADFIELD,383000,432000,535000,575500,502500,600350.0,638600.0,676850.0,715100.0,753350.0,791600.0
187,188,HALLAM,350000,362500,405000,446000,415000,459750.0,481100.0,502450.0,523800.0,545150.0,566500.0
188,189,HAMILTON,207000,195000,175000,168000,187500,166700.0,160100.0,153500.0,146900.0,140300.0,133700.0
189,190,HAMLYN HEIGHTS,306500,326500,370000,436000,470000,512750.0,556400.0,600050.0,643700.0,687350.0,731000.0
190,191,HAMPTON,750000,802000,877000,865000,775000,847700.0,859000.0,870300.0,881600.0,892900.0,904200.0
191,192,HAMPTON EAST,643500,627500,615000,653000,597000,606950.0,600200.0,593450.0,586700.0,579950.0,573200.0
192,193,HAMPTON PARK,339000,340000,390500,425000,400000,441000.0,461700.0,482400.0,503100.0,523800.0,544500.0
193,194,HARKNESS,245000,277500,332000,365000,348500,401950.0,431400.0,460850.0,490300.0,519750.0,549200.0
194,195,HASTINGS,295000,320000,340000,450000,390000,455000.0,487000.0,519000.0,551000.0,583000.0,615000.0
195,196,HAWTHORN,579000,566000,584000,559000,540000,540100.0,531600.0,523100.0,514600.0,506100.0,497600.0
196,197,HAWTHORN EAST,575000,662500,635000,619500,616500,633700.0,637700.0,641700.0,645700.0,649700.0,653700.0
197,198,HEALESVILLE,360000,407500,435500,450000,475000,507350.0,534600.0,561850.0,589100.0,616350.0,643600.0
198,199,HEATHMONT,550000,634500,656500,679000,638000,697750.0,719800.0,741850.0,763900.0,785950.0,808000.0
199,200,HEIDELBERG,522500,550000,600000,612500,657500,688250.0,721500.0,754750.0,788000.0,821250.0,854500.0
200,201,HEIDELBERG HEIGHTS,541000,536000,660500,665000,626000,695400.0,725300.0,755200.0,785100.0,815000.0,844900.0
201,202,HEIDELBERG WEST,437500,470000,532500,580000,578500,637300.0,676500.0,715700.0,754900.0,794100.0,833300.0
202,203,HERNE HILL,213000,226000,260000,277500,290000,314950.0,335500.0,356050.0,376600.0,397150.0,417700.0
203,204,HIGHETT,580000,569000,567500,582000,665000,647600.0,665900.0,684200.0,702500.0,720800.0,739100.0
204,205,HIGHTON,334000,358000,337500,390000,424000,432300.0,453500.0,474700.0,495900.0,517100.0,538300.0
205,206,HILLSIDE (MELTON),345000,381000,436500,482000,460000,520200.0,553300.0,586400.0,619500.0,652600.0,685700.0
206,207,HOPPERS CROSSING,290000,305000,370000,387500,400000,441250.0,471500.0,501750.0,532000.0,562250.0,592500.0
207,208,HORSHAM,212500,227500,259500,248500,220000,244400.0,248000.0,251600.0,255200.0,258800.0,262400.0
208,209,HUGHESDALE,605000,585000,601000,633000,622000,633800.0,642000.0,650200.0,658400.0,666600.0,674800.0
209,210,HUNTINGDALE,498500,372500,432500,422500,661000,589900.0,627400.0,664900.0,702400.0,739900.0,777400.0
210,211,INVERLOCH,317000,365000,360000,487500,515000,564450.0,616300.0,668150.0,720000.0,771850.0,823700.0
211,212,IRYMPLE,230000,165000,207500,191500,135000,136750.0,120400.0,104050.0,87700.0,71350.0,55000.0
212,213,IVANHOE,615000,597000,726000,685000,632500,688000.0,700300.0,712600.0,724900.0,737200.0,749500.0
213,214,IVANHOE EAST,640000,755000,639500,695000,597000,621500.0,606900.0,592300.0,577700.0,563100.0,548500.0
214,215,JACANA,330000,310000,421000,430000,410000,464200.0,492200.0,520200.0,548200.0,576200.0,604200.0
215,216,JOLIMONT,755000,1602000,922000,1199000,1041500,1154900.0,1171900.0,1188900.0,1205900.0,1222900.0,1239900.0
216,217,JUNCTION VILLAGE,247000,260000,310000,275000,285000,302700.0,311800.0,320900.0,330000.0,339100.0,348200.0
217,218,KANGAROO FLAT,240500,237500,213500,237500,240000,233499.99999999997,233399.99999999997,233299.99999999997,233199.99999999997,233099.99999999997,232999.99999999997
218,219,KEILOR DOWNS,380500,382000,520000,550500,466000,561650.0,595600.0,629550.0,663500.0,697450.0,731400.0
219,220,KEILOR EAST,580000,488000,663000,642500,642000,686650.0,714500.0,742350.0,770200.0,798050.0,825900.0
220,221,KENNINGTON,77500,207500,315000,280000,267500,365250.0,410500.0,455750.0,501000.0,546250.0,591500.0
221,222,KENSINGTON,477500,459000,500000,509000,518500,532400.0,545600.0,558800.0,572000.0,585200.0,598400.0
222,223,KEW,680000,795000,750000,749500,804000,816450.0,836700.0,856950.0,877200.0,897450.0,917700.0
223,224,KEW NORTH,636000,629000,1150000,837500,881000,1036250.0,1106100.0,1175950.0,1245800.0,1315650.0,1385500.0
224,225,KEYSBOROUGH,511000,490000,551000,577500,590500,617950.0,642600.0,667250.0,691900.0,716550.0,741200.0
225,226,KILMORE,255000,275000,275000,315000,335000,351000.0,371000.0,391000.0,411000.0,431000.0,451000.0
226,227,KILSYTH,425000,492500,545000,567500,568000,627900.0,664000.0,700100.0,736200.0,772300.0,808400.0
227,228,KINGSBURY,400000,450000,485000,511000,547500,585500.0,621100.0,656700.0,692300.0,727900.0,763500.0
228,229,KINGSVILLE,400000,407000,404000,437000,408000,425000.0,429600.0,434200.0,438800.0,443400.0,448000.0
229,230,KNOXFIELD,562000,593500,625000,647500,625000,664600.0,682600.0,700600.0,718600.0,736600.0,754600.0
230,231,KOO WEE RUP,270000,277500,361500,372500,415000,454800.0,493300.0,531800.0,570300.0,608800.0,647300.0
231,232,KOOYONG,1170000,1410000,762500,935000,735000,599000.0,464500.0,330000.0,195500.0,61000.0,-73500.0
232,233,KORUMBURRA,198000,210000,221500,259000,311000,322400.0,349900.0,377400.0,404900.0,432400.0,459900.0
233,234,KURUNJANG,261000,250000,309000,360000,372000,410000.0,443200.0,476400.0,509600.0,542800.0,576000.0
234,235,KYABRAM,160000,199000,220000,227000,205000,237600.0,249400.0,261200.0,273000.0,284800.0,296600.0
235,236,KYNETON,325000,360500,389000,408000,420000,451750.0,475500.0,499250.0,523000.0,546750.0,570500.0
236,237,LAKE WENDOUREE,305000,313000,362500,442500,473500,519250.0,565900.0,612550.0,659200.0,705850.0,752500.0
237,238,LAKES ENTRANCE,250000,252500,265000,257000,220000,232250.0,226700.0,221150.0,215600.0,210050.0,204500.0
238,239,LALOR,327000,375500,440500,430000,442000,488350.0,516800.0,545250.0,573700.0,602150.0,630600.0
239,240,LANGWARRIN,316500,356500,431000,460000,450500,514350.0,551500.0,588650.0,625800.0,662950.0,700100.0
240,241,LARA,300000,294000,320000,353000,377500,393100.0,414500.0,435900.0,457300.0,478700.0,500100.0
241,242,LARA LAKE,285000,267000,312500,355000,379000,402500.0,430100.0,457700.0,485300.0,512900.0,540500.0
242,243,LAVERTON,374000,415000,414500,445000,505000,518300.0,547500.0,576700.0,605900.0,635100.0,664300.0
243,244,LAVERTON SOUTH,361000,370000,437000,480000,468000,520400.0,552800.0,585200.0,617600.0,650000.0,682400.0
244,245,LEONGATHA,292500,276000,267500,265000,247500,239400.0,229300.0,219200.0,209100.0,199000.0,188900.0
245,246,LEOPOLD,285000,308000,308500,360000,391500,410100.0,436600.0,463100.0,489600.0,516100.0,542600.0
246,247,LILYDALE,400000,440000,464000,525500,500000,551550.0,580100.0,608650.0,637200.0,665750.0,694300.0
247,248,LONG GULLY,230000,239000,233000,250000,255000,259700.0,265800.0,271900.0,278000.0,284100.0,290200.0
248,249,LONGWARRY,252500,270500,308000,347500,330000,371300.0,394500.0,417700.0,440900.0,464100.0,487300.0
249,250,LORNE,755000,580000,390000,750000,815000,745000.0,774000.0,803000.0,832000.0,861000.0,890000.0
250,251,LOWER PLENTY,491500,564000,560000,517500,545000,553750.0,559800.0,565850.0,571900.0,577950.0,584000.0
251,252,LYNBROOK,370000,421000,450000,244000,535000,449900.0,465200.0,480500.0,495800.0,511100.0,526400.0
252,253,MACLEOD,554000,543500,651500,636500,655000,696600.0,726100.0,755600.0,785100.0,814600.0,844100.0
253,254,MADDINGLEY,288000,299000,316500,379000,365000,399700.0,423100.0,446500.0,469900.0,493300.0,516700.0
254,255,MAFFRA,214000,227000,225000,205000,220000,215200.0,214200.0,213200.0,212200.0,211200.0,210200.0
255,256,MAIDSTONE,482500,500000,600000,600000,575000,637000.0,665500.0,694000.0,722500.0,751000.0,779500.0
256,257,MALVERN,668500,649000,751500,715000,720000,751500.0,768400.0,785300.0,802200.0,819100.0,836000.0
257,258,MALVERN EAST,589500,658500,625000,628500,633500,644400.0,650200.0,656000.0,661800.0,667600.0,673400.0
258,259,MANIFOLD HEIGHTS,287000,262000,335000,360000,339000,377200.0,397400.0,417600.0,437800.0,458000.0,478200.0
259,260,MANSFIELD,275000,200000,247500,334000,340000,358500.0,384900.0,411300.0,437700.0,464100.0,490500.0
260,261,MARIBYRNONG,459000,460000,487000,462500,510000,507050.0,517500.0,527950.0,538400.0,548850.0,559300.0
261,262,MARYBOROUGH,193500,219000,215000,227500,208000,223850.0,227600.0,231350.0,235100.0,238850.0,242600.0
262,263,MCCRAE,490000,607500,682000,690000,700000,784650.0,834900.0,885150.0,935400.0,985650.0,1035900.0
263,264,MCKINNON,687000,661500,747500,780000,785000,826550.0,858000.0,889450.0,920900.0,952350.0,983800.0
264,265,MEADOW HEIGHTS,285000,300000,350000,400000,376500,427200.0,455500.0,483800.0,512100.0,540400.0,568700.0
265,266,MELBOURNE,560000,534000,518500,515000,474000,463000.0,443900.0,424800.0,405700.0,386600.0,367500.0
266,267,MELTON,225000,230000,274500,317000,314000,351600.0,378100.0,404600.0,431100.0,457600.0,484100.0
267,268,MELTON SOUTH,221500,230000,280000,320000,299500,344000.0,368600.0,393200.0,417800.0,442400.0,467000.0
268,269,MELTON WEST,257500,275000,350000,385000,362000,421600.0,453500.0,485400.0,517300.0,549200.0,581100.0
269,270,MENTONE,475000,550000,558000,570000,600000,631600.0,658600.0,685600.0,712600.0,739600.0,766600.0
270,271,MERNDA,315000,317500,355000,385000,385500,414150.0,435000.0,455850.0,476700.0,497550.0,518400.0
271,272,METUNG,311000,225000,212500,265000,292500,262100.0,262400.0,262700.0,263000.0,263300.0,263600.0
272,273,MIDDLE PARK,780000,752000,760000,702500,735000,704050.0,690100.0,676150.0,662200.0,648250.0,634300.0
273,274,MILDURA,163000,182000,190000,225000,220000,243100.0,258800.0,274500.0,290200.0,305900.0,321600.0
274,275,MILL PARK,382500,395000,440000,455500,444500,478850.0,497300.0,515750.0,534200.0,552650.0,571100.0
275,276,MITCHAM,641000,677500,677500,675000,696000,705650.0,716400.0,727150.0,737900.0,748650.0,759400.0
276,277,MOE,126000,137000,135000,133500,163000,160050.0,167100.0,174150.0,181200.0,188250.0,195300.0
277,278,MONT ALBERT,637500,727000,699000,740000,708500,748900.0,764400.0,779900.0,795400.0,810900.0,826400.0
278,279,MONT ALBERT NORTH,870000,935000,1015000,1102000,887000,1022100.0,1042200.0,1062300.0,1082400.0,1102500.0,1122600.0
279,280,MONTMORENCY,552500,628000,711000,690500,685000,751650.0,784400.0,817150.0,849900.0,882650.0,915400.0
280,281,MOONEE PONDS,463500,529500,534000,520000,483500,515250.0,518300.0,521350.0,524400.0,527450.0,530500.0
281,282,MOORABBIN,484000,570000,650000,578000,683000,714800.0,755400.0,796000.0,836600.0,877200.0,917800.0
282,283,MOOROOLBARK,410500,495000,596500,569000,568500,644900.0,683900.0,722900.0,761900.0,800900.0,839900.0
283,284,MOOROOPNA,165000,167000,161500,164000,175000,171600.0,173300.0,175000.0,176700.0,178400.0,180100.0
284,285,MORDIALLOC,538500,545000,585000,644000,615000,661100.0,686300.0,711500.0,736700.0,761900.0,787100.0
285,286,MORNINGTON,485000,587000,600000,670000,643000,716700.0,756600.0,796500.0,836400.0,876300.0,916200.0
286,287,MORWELL,180000,155000,165000,150000,175500,160900.0,159500.0,158100.0,156700.0,155300.0,153900.0
287,288,MOUNT CLEAR,215000,227500,263000,270000,275500,299250.0,315600.0,331950.0,348300.0,364650.0,381000.0
288,289,MOUNT ELIZA,445000,500000,590000,535000,595000,633500.0,667000.0,700500.0,734000.0,767500.0,801000.0
289,290,MOUNT EVELYN,435500,438500,677000,645000,580000,703850.0,753400.0,802950.0,852500.0,902050.0,951600.0
290,291,MOUNT MARTHA,510000,550000,631500,570000,650000,672300.0,702300.0,732300.0,762300.0,792300.0,822300.0
291,292,MOUNT PLEASANT,264500,255000,266500,275000,245000,255500.0,253600.0,251700.0,249800.0,247900.0,246000.0
292,293,MOUNT WAVERLEY,800000,851000,929000,905000,954000,996400.0,1032600.0,1068800.0,1105000.0,1141200.0,1177400.0
293,294,MULGRAVE,600000,614500,665000,750000,731000,791350.0,831100.0,870850.0,910600.0,950350.0,990100.0
294,295,MURRUMBEENA,523000,530000,580000,598500,510000,561050.0,565300.0,569550.0,573800.0,578050.0,582300.0
295,296,MYRTLEFORD,185000,265000,229000,241500,310000,314050.0,336700.0,359350.0,382000.0,404650.0,427300.0
296,297,NAGAMBIE,320000,262500,270000,340000,360000,357750.0,373500.0,389250.0,405000.0,420750.0,436500.0
297,298,NARRE WARREN,319000,350000,420000,440000,418000,475800.0,504600.0,533400.0,562200.0,591000.0,619800.0
298,299,NEWBOROUGH,156000,161500,135500,165000,203500,193850.0,203700.0,213550.0,223400.0,233250.0,243100.0
299,300,NEWCOMB,280000,250000,298000,355000,353500,382900.0,408100.0,433300.0,458500.0,483700.0,508900.0
300,301,NEWPORT,620500,652500,730000,663000,730000,748050.0,771000.0,793950.0,816900.0,839850.0,862800.0
301,302,NEWTOWN (GREATER GEELONG),368000,420000,420500,396500,562000,542750.0,579200.0,615650.0,652100.0,688550.0,725000.0
302,303,NIDDRIE,545000,617500,646000,662500,656500,705900.0,732700.0,759500.0,786300.0,813100.0,839900.0
303,304,NOBLE PARK,352000,390000,450000,480000,460000,518200.0,548800.0,579400.0,610000.0,640600.0,671200.0
304,305,NOBLE PARK NORTH,381000,392500,477000,502000,515000,566750.0,604500.0,642250.0,680000.0,717750.0,755500.0
305,306,NORLANE,215000,225000,268000,290000,300000,330100.0,353600.0,377100.0,400600.0,424100.0,447600.0
306,307,NORTH BENDIGO,264500,240000,252500,266000,265000,265700.0,268400.0,271100.0,273800.0,276500.0,279200.0
307,308,NORTH GEELONG,277000,215000,313500,321500,396500,408350.0,442900.0,477450.0,512000.0,546550.0,581100.0
308,309,NORTH MELBOURNE,526500,550000,560000,540000,477500,498400.0,487600.0,476800.0,466000.0,455200.0,444400.0
309,310,NORTHCOTE,500000,517500,508000,565000,585500,600750.0,622600.0,644450.0,666300.0,688150.0,710000.0
310,311,NOTTING HILL,400000,327000,338500,320000,396000,351800.0,350300.0,348800.0,347300.0,345800.0,344300.0
311,312,NUMURKAH,205000,160000,152500,190000,175000,167500.0,164500.0,161500.0,158500.0,155500.0,152500.0
312,313,NUNAWADING,593500,652500,722500,599000,590500,613750.0,607800.0,601850.0,595900.0,589950.0,584000.0
313,314,OAK PARK,517000,525000,580000,630000,658000,698100.0,736800.0,775500.0,814200.0,852900.0,891600.0
314,315,OAKLEIGH,485000,509500,420000,545000,540000,543550.0,558100.0,572650.0,587200.0,601750.0,616300.0
315,316,OAKLEIGH EAST,680000,730000,810000,795000,791500,847700.0,876500.0,905300.0,934100.0,962900.0,991700.0
316,317,OAKLEIGH SOUTH,535000,663000,765000,760000,697500,810700.0,852900.0,895100.0,937300.0,979500.0,1021700.0
317,318,OCEAN GROVE,435000,491500,537500,605000,615000,678850.0,726200.0,773550.0,820900.0,868250.0,915600.0
318,319,OFFICER,362000,369000,387000,449000,430000,464200.0,485800.0,507400.0,529000.0,550600.0,572200.0
319,320,ORMOND,485000,562000,577000,572500,605000,635450.0,660500.0,685550.0,710600.0,735650.0,760700.0
320,321,OSBORNE,500000,530000,561500,647500,640000,695050.0,734800.0,774550.0,814300.0,854050.0,893800.0
321,322,PAKENHAM,290000,310000,355500,399000,370000,419600.0,444500.0,469400.0,494300.0,519200.0,544100.0
322,323,PARKDALE,548500,617500,650000,689500,672000,731200.0,763100.0,795000.0,826900.0,858800.0,890700.0
323,324,PARKVILLE,526000,526000,548000,500000,458000,463000.0,446800.0,430600.0,414400.0,398200.0,382000.0
324,325,PASCOE VALE,478000,505000,580000,620000,610000,672300.0,710200.0,748100.0,786000.0,823900.0,861800.0
325,326,PASCOE VALE SOUTH,495000,543000,620000,630000,600000,666700.0,696400.0,726100.0,755800.0,785500.0,815200.0
326,327,PATTERSON LAKES,475000,470000,551000,625000,587500,655700.0,693700.0,731700.0,769700.0,807700.0,845700.0
327,328,PAYNESVILLE,233000,266000,272500,272500,295000,306950.0,320000.0,333050.0,346100.0,359150.0,372200.0
328,329,POINT COOK,355000,377500,449500,472000,465000,518150.0,549600.0,581050.0,612500.0,643950.0,675400.0
329,330,POINT LONSDALE,475000,610000,557500,675000,595500,674400.0,705000.0,735600.0,766200.0,796800.0,827400.0
330,331,PORT FAIRY,331000,395000,590000,447500,522500,587850.0,631400.0,674950.0,718500.0,762050.0,805600.0
331,332,PORT MELBOURNE,670000,700000,720000,690000,729000,734200.0,745000.0,755800.0,766600.0,777400.0,788200.0
332,333,PORTARLINGTON,340000,356500,405000,460000,494000,534550.0,575700.0,616850.0,658000.0,699150.0,740300.0
333,334,PORTLAND,210000,150000,180000,171500,189500,174350.0,172400.0,170450.0,168500.0,166550.0,164600.0
334,335,PRAHRAN,530000,595000,577500,530000,590000,581000.0,586500.0,592000.0,597500.0,603000.0,608500.0
335,336,PRESTON,450000,455000,450000,500000,490000,506500.0,519000.0,531500.0,544000.0,556500.0,569000.0
336,337,QUARRY HILL,282000,225000,226500,266000,283500,269800.0,274200.0,278600.0,283000.0,287400.0,291800.0
337,338,REDAN,218000,209500,230000,250000,260000,270850.0,283300.0,295750.0,308200.0,320650.0,333100.0
338,339,RESEARCH,578500,630000,605000,652500,672500,690850.0,711900.0,732950.0,754000.0,775050.0,796100.0
339,340,RESERVOIR,390000,430000,530500,562000,560500,636500.0,683800.0,731100.0,778400.0,825700.0,873000.0
340,341,RICHMOND,552000,552500,582500,597000,578500,601750.0,611500.0,621250.0,631000.0,640750.0,650500.0
341,342,RIDDELLS CREEK,326500,380000,386500,400000,490000,500700.0,535400.0,570100.0,604800.0,639500.0,674200.0
342,343,RINGWOOD,475000,495000,558000,547000,532000,571200.0,587800.0,604400.0,621000.0,637600.0,654200.0
343,344,RINGWOOD EAST,537500,542000,662500,632000,628000,681700.0,708800.0,735900.0,763000.0,790100.0,817200.0
344,345,RINGWOOD NORTH,600000,733000,652500,827500,640000,742950.0,760400.0,777850.0,795300.0,812750.0,830200.0
345,346,RIPPONLEA,482500,470000,612000,568000,525500,586800.0,605200.0,623600.0,642000.0,660400.0,678800.0
346,347,ROMSEY,315500,330500,288000,350000,425000,413350.0,437200.0,461050.0,484900.0,508750.0,532600.0
347,348,ROSANNA,620000,646000,745000,745500,685000,757150.0,780100.0,803050.0,826000.0,848950.0,871900.0
348,349,ROSEBUD,380000,432000,499000,535000,525000,592100.0,631400.0,670700.0,710000.0,749300.0,788600.0
349,350,ROSEBUD SOUTH,453500,475000,520500,587500,520000,584950.0,609500.0,634050.0,658600.0,683150.0,707700.0
350,351,ROWVILLE,420000,456500,460000,587500,578000,634500.0,679200.0,723900.0,768600.0,813300.0,858000.0
351,352,ROXBURGH PARK,324000,321000,398000,390000,401000,433700.0,456000.0,478300.0,500600.0,522900.0,545200.0
352,353,RYE,370000,420000,490000,550000,475000,563000.0,597000.0,631000.0,665000.0,699000.0,733000.0
353,354,SAFETY BEACH,312000,453500,668000,655000,665000,822950.0,913700.0,1004450.0,1095200.0,1185950.0,1276700.0
354,355,SALE,220000,221000,282500,215000,210000,221900.0,219300.0,216700.0,214100.0,211500.0,208900.0
355,356,SAN REMO,255000,294000,351000,360000,228000,301200.0,302400.0,303600.0,304800.0,306000.0,307200.0
356,357,SANCTUARY LAKES,382000,380500,429000,420000,535000,532950.0,567500.0,602050.0,636600.0,671150.0,705700.0
357,358,SANDHURST,440000,467000,587500,515000,592500,626300.0,661600.0,696900.0,732200.0,767500.0,802800.0
358,359,SANDRINGHAM,573500,721000,730000,645000,781000,791800.0,825700.0,859600.0,893500.0,927400.0,961300.0
359,360,SCORESBY,546500,550000,615000,615000,574500,616500.0,628600.0,640700.0,652800.0,664900.0,677000.0
360,361,SEAFORD,360000,411500,463000,506500,495000,556700.0,593200.0,629700.0,666200.0,702700.0,739200.0
361,362,SEBASTOPOL,215000,212000,218000,236000,235500,242800.0,249300.0,255800.0,262300.0,268800.0,275300.0
362,363,SEDDON,483000,522500,495000,740000,696000,780350.0,844700.0,909050.0,973400.0,1037750.0,1102100.0
363,364,SEYMOUR,179500,190000,163000,195000,195000,195300.0,198900.0,202500.0,206100.0,209700.0,213300.0
364,365,SHEPPARTON,215000,210000,225000,195000,252000,237100.0,243000.0,248900.0,254800.0,260700.0,266600.0
365,366,SKYE,320000,339000,406500,468000,445000,509400.0,547300.0,585200.0,623100.0,661000.0,698900.0
366,367,SOLDIERS HILL,255000,295000,284000,417000,331000,398600.0,426000.0,453400.0,480800.0,508200.0,535600.0
367,368,SOMERVILLE,320000,350000,403500,475000,453500,518000.0,557200.0,596400.0,635600.0,674800.0,714000.0
368,369,SORRENTO,940000,770000,1100000,1032500,890000,995250.0,1011500.0,1027750.0,1044000.0,1060250.0,1076500.0
369,370,SOUTH KINGSVILLE,413500,574000,630000,762500,643000,798850.0,863600.0,928350.0,993100.0,1057850.0,1122600.0
370,371,SOUTH MELBOURNE,585000,591500,600000,610000,582500,597850.0,599200.0,600550.0,601900.0,603250.0,604600.0
371,372,SOUTH MORANG,360000,365000,423000,450000,407000,454700.0,472600.0,490500.0,508400.0,526300.0,544200.0
372,373,SOUTH YARRA,610000,650000,600000,580000,580000,565000.0,552000.0,539000.0,526000.0,513000.0,500000.0
373,374,SOUTHBANK,579000,600000,570000,575000,582500,575900.0,574100.0,572300.0,570500.0,568700.0,566900.0
374,375,SPOTSWOOD,410500,535000,646000,670000,650000,766500.0,827900.0,889300.0,950700.0,1012100.0,1073500.0
375,376,SPRING GULLY,210000,220000,306500,282500,280000,320550.0,340800.0,361050.0,381300.0,401550.0,421800.0
376,377,SPRINGVALE,420000,450000,493000,550000,508000,567000.0,594600.0,622200.0,649800.0,677400.0,705000.0
377,378,SPRINGVALE SOUTH,398000,412000,454000,525000,470000,528900.0,554600.0,580300.0,606000.0,631700.0,657400.0
378,379,ST ALBANS,325000,340000,385000,440000,430000,477000.0,508000.0,539000.0,570000.0,601000.0,632000.0
379,380,ST ALBANS PARK,252500,261500,280000,327500,377500,394600.0,426200.0,457800.0,489400.0,521000.0,552600.0
380,381,ST KILDA,515000,518500,535000,527000,535000,540650.0,545500.0,550350.0,555200.0,560050.0,564900.0
381,382,ST KILDA EAST,548000,535000,575000,565500,590000,597050.0,608500.0,619950.0,631400.0,642850.0,654300.0
382,383,ST KILDA WEST,536500,545000,600000,511000,595000,582400.0,590700.0,599000.0,607300.0,615600.0,623900.0
383,384,ST LEONARDS,382500,325000,356000,345000,419000,393400.0,402700.0,412000.0,421300.0,430600.0,439900.0
384,385,STAWELL,160000,115000,163500,125000,244000,214900.0,232700.0,250500.0,268300.0,286100.0,303900.0
385,386,STRATHDALE,252500,239500,270000,260000,273500,277850.0,284100.0,290350.0,296600.0,302850.0,309100.0
386,387,STRATHMORE,519500,559000,695000,677500,732000,799650.0,854000.0,908350.0,962700.0,1017050.0,1071400.0
387,388,STRATHTULLOH,389000,389000,359000,409000,420000,417800.0,426000.0,434200.0,442400.0,450600.0,458800.0
388,389,STUDFIELD,550000,650000,720000,675000,721000,773300.0,810000.0,846700.0,883400.0,920100.0,956800.0
389,390,SUNBURY,320000,358000,375000,415000,395000,434700.0,455400.0,476100.0,496800.0,517500.0,538200.0
390,391,SUNSHINE,375000,385000,412500,335000,390000,373500.00000000047,371500.00000000047,369500.00000000047,367500.00000000047,365500.00000000047,363500.00000000047
391,392,SUNSHINE NORTH,355000,415000,450000,455500,512000,543850.0,579300.0,614750.0,650200.0,685650.0,721100.0
392,393,SUNSHINE WEST,357500,387500,439000,464000,480000,522050.0,554200.0,586350.0,618500.0,650650.0,682800.0
393,394,SURREY HILLS,695000,735000,857500,753000,756000,801300.0,815300.0,829300.0,843300.0,857300.0,871300.0
394,395,SWAN HILL,189000,230000,222500,212000,245000,247900.0,257300.0,266700.0,276100.0,285500.0,294900.0
395,396,SYDENHAM,307500,342500,371000,426000,416000,462750.0,492800.0,522850.0,552900.0,582950.0,613000.0
396,397,SYNDAL,855000,720000,870000,812500,880000,870250.0,884500.0,898750.0,913000.0,927250.0,941500.0
397,398,TARNEIT,300000,320500,377500,403000,388000,435350.0,461200.0,487050.0,512900.0,538750.0,564600.0
398,399,TATURA,197500,184500,180000,195000,221000,212850.0,218600.0,224350.0,230100.0,235850.0,241600.0
399,400,TEMPLESTOWE,732000,720000,765000,847500,740000,803950.0,818300.0,832650.0,847000.0,861350.0,875700.0
400,401,TEMPLESTOWE LOWER,700000,699000,880000,799000,765000,837600.0,860600.0,883600.0,906600.0,929600.0,952600.0
401,402,THOMASTOWN,314000,340000,438000,449000,457500,518500.0,558100.0,597700.0,637300.0,676900.0,716500.0
402,403,THOMSON (GREATER GEELONG),310500,308000,327000,365000,400500,413300.0,437000.0,460700.0,484400.0,508100.0,531800.0
403,404,THORNBURY,507500,519000,550000,560000,602000,616700.0,639700.0,662700.0,685700.0,708700.0,731700.0
404,405,TOORAK,1000000,1198000,985000,986500,1085500,1038850.0,1034800.0,1030750.0,1026700.0,1022650.0,1018600.0
405,406,TORQUAY,472000,485000,599000,660000,615000,704500.0,750600.0,796700.0,842800.0,888900.0,935000.0
406,407,TRAFALGAR,235000,250000,275000,297500,310000,332750.0,352500.0,372250.0,392000.0,411750.0,431500.0
407,408,TRARALGON,209000,225000,205000,213500,215000,213650.0,213700.0,213750.0,213800.0,213850.0,213900.0
408,409,TRAVANCORE,352000,363000,352500,348500,348000,346050.0,343800.0,341550.0,339300.0,337050.0,334800.0
409,410,TRUGANINA,325000,334000,408000,430000,415000,465200.0,492800.0,520400.0,548000.0,575600.0,603200.0
410,411,TULLAMARINE,362500,399500,472500,486000,480000,536550.0,568700.0,600850.0,633000.0,665150.0,697300.0
411,412,TYABB,308000,320000,389000,428000,443000,491000.0,528800.0,566600.0,604400.0,642200.0,680000.0
412,413,VERMONT,677500,680000,741500,757500,725000,768050.0,785300.0,802550.0,819800.0,837050.0,854300.0
413,414,VERMONT SOUTH,838000,699000,595000,795000,772500,729400.0,725900.0,722400.0,718900.0,715400.0,711900.0
414,415,VIEWBANK,557500,510000,655000,580000,643500,661800.0,686000.0,710200.0,734400.0,758600.0,782800.0
415,416,WALLAN,263000,277000,310000,330000,360000,382100.0,406800.0,431500.0,456200.0,480900.0,505600.0
416,417,WALLAN EAST,245000,277000,322000,376500,358000,413350.0,445900.0,478450.0,511000.0,543550.0,576100.0
417,418,WANGARATTA,210000,202000,190000,202500,229500,218650.0,222600.0,226550.0,230500.0,234450.0,238400.0
418,419,WANTIRNA,557500,575000,615000,667500,635000,684250.0,709000.0,733750.0,758500.0,783250.0,808000.0
419,420,WANTIRNA SOUTH,485000,501500,510000,520000,495000,513850.0,517700.0,521550.0,525400.0,529250.0,533100.0
420,421,WARRAGUL,242500,263000,290000,312500,300000,330950.0,347400.0,363850.0,380300.0,396750.0,413200.0
421,422,WARRNAMBOOL,255000,252500,257000,252000,280000,274150.0,279100.0,284050.0,289000.0,293950.0,298900.0
422,423,WATSONIA,521000,549500,570000,525000,495000,509150.0,501500.0,493850.0,486200.0,478550.0,470900.0
423,424,WENDOUREE,209000,240000,232500,225000,270000,267400.0,278100.0,288800.0,299500.0,310200.0,320900.0
424,425,WERRIBEE,287500,305000,360000,390000,380000,425500.0,452500.0,479500.0,506500.0,533500.0,560500.0
425,426,WERRIBEE SOUTH,589000,432000,480000,420000,465000,399200.0,373200.0,347200.0,321200.0,295200.0,269200.0
426,427,WEST FOOTSCRAY,440000,429500,482500,432500,450000,453800.0,456100.0,458400.0,460700.0,463000.0,465300.0
427,428,WEST MELBOURNE,540500,530000,559000,555000,599000,599300.0,613500.0,627700.0,641900.0,656100.0,670300.0
428,429,WEST WODONGA,198000,205000,208000,215000,235000,237400.0,245800.0,254200.0,262600.0,271000.0,279400.0
429,430,WESTALL,530000,426500,585000,570000,570000,603350.0,625700.0,648050.0,670400.0,692750.0,715100.0
430,431,WESTGARTH,502000,485000,567500,538000,550000,573200.0,588100.0,603000.0,617900.0,632800.0,647700.0
431,432,WESTMEADOWS,399500,410000,455000,521000,510500,559100.0,592400.0,625700.0,659000.0,692300.0,725600.0
432,433,WHEELERS HILL,632500,753500,862500,826000,803000,899550.0,940900.0,982250.0,1023600.0,1064950.0,1106300.0
433,434,WHITE HILLS,210000,295000,260000,299000,255000,292000.0,301400.0,310800.0,320200.0,329600.0,339000.0
434,435,WHITTINGTON,218500,209000,225000,330500,299000,341150.0,369400.0,397650.0,425900.0,454150.0,482400.0
435,436,WHITTLESEA,281000,295000,337500,407500,330000,393350.0,414400.0,435450.0,456500.0,477550.0,498600.0
436,437,WILLIAMS LANDING,375000,359000,389000,439000,395000,427400.0,439400.0,451400.0,463400.0,475400.0,487400.0
437,438,WILLIAMSTOWN,563000,615000,715000,652000,600000,662300.0,673400.0,684500.0,695600.0,706700.0,717800.0
438,439,WILLIAMSTOWN NORTH,489500,548000,531500,577000,737500,734200.0,786700.0,839200.0,891700.0,944200.0,996700.0
439,440,WINCHELSEA,292000,280000,315000,316000,348000,354600.0,369400.0,384200.0,399000.0,413800.0,428600.0
440,441,WINDSOR,505000,556000,555000,535000,487500,510900.0,505300.0,499700.0,494100.0,488500.0,482900.0
441,442,WODONGA,188500,206000,240000,233500,221500,245950.0,255300.0,264650.0,274000.0,283350.0,292700.0
442,443,WOLLERT,339000,390000,420000,406000,420000,448400.0,466200.0,484000.0,501800.0,519600.0,537400.0
443,444,WONTHAGGI,215000,257000,260000,306500,315000,345550.0,370500.0,395450.0,420400.0,445350.0,470300.0
444,445,WOODEND,422000,430000,560000,470000,516000,548000.0,570800.0,593600.0,616400.0,639200.0,662000.0
445,446,WYNDHAM VALE,240000,211000,254500,371000,378000,421700.0,465300.0,508900.0,552500.0,596100.0,639700.0
446,447,YARRA GLEN,410000,397500,580000,498000,425000,501250.0,514300.0,527350.0,540400.0,553450.0,566500.0
447,448,YARRA JUNCTION,320000,374000,440000,469000,461500,526300.0,564100.0,601900.0,639700.0,677500.0,715300.0
448,449,YARRAVILLE,550000,555000,550000,563000,654000,639200.0,660800.0,682400.0,704000.0,725600.0,747200.0
449,450,YARRAWONGA,228000,232500,236000,248000,275000,276750.0,287700.0,298650.0,309600.0,320550.0,331500.0
